
/home/fbt1709/armv8_env_test/boot_chain/trusted-firmware-a/build/qemu/debug/bl31/bl31.elf：     文件格式 elf64-littleaarch64
/home/fbt1709/armv8_env_test/boot_chain/trusted-firmware-a/build/qemu/debug/bl31/bl31.elf
体系结构：aarch64， 标志 0x00000112：
EXEC_P, HAS_SYMS, D_PAGED
起始地址 0x000000000e090000

程序头：
    LOAD off    0x0000000000001000 vaddr 0x000000000e090000 paddr 0x000000000e090000 align 2**12
         filesz 0x000000000000f000 memsz 0x000000000000f000 flags r-x
    LOAD off    0x0000000000010000 vaddr 0x000000000e09f000 paddr 0x000000000e09f000 align 2**12
         filesz 0x000000000000089b memsz 0x000000000002f000 flags rw-
   STACK off    0x0000000000000000 vaddr 0x0000000000000000 paddr 0x0000000000000000 align 2**4
         filesz 0x0000000000000000 memsz 0x0000000000000000 flags rw-
私有标志 = 0x0：

节：
Idx Name          Size      VMA               LMA               File off  Algn
  0 .text         0000c000  000000000e090000  000000000e090000  00001000  2**11
                  CONTENTS, ALLOC, LOAD, READONLY, CODE
  1 .rodata       00003000  000000000e09c000  000000000e09c000  0000d000  2**3
                  CONTENTS, ALLOC, LOAD, READONLY, DATA
  2 .data         0000089b  000000000e09f000  000000000e09f000  00010000  2**3
                  CONTENTS, ALLOC, LOAD, DATA
  3 .stacks       00020000  000000000e09f8c0  000000000e09f8c0  0001089b  2**6
                  ALLOC
  4 .bss          00001020  000000000e0bf8c0  000000000e0bf8c0  0001089b  2**5
                  ALLOC
  5 .per_cpu      00006800  000000000e0c0900  000000000e0c0900  0001089b  2**6
                  ALLOC
  6 .xlat_table   00006000  000000000e0c8000  000000000e0c8000  0001089b  2**12
                  ALLOC
  7 .debug_info   000282fe  0000000000000000  0000000000000000  0001089b  2**0
                  CONTENTS, READONLY, DEBUGGING, OCTETS
  8 .debug_abbrev 000094bf  0000000000000000  0000000000000000  00038b99  2**0
                  CONTENTS, READONLY, DEBUGGING, OCTETS
  9 .debug_loc    0001f6dd  0000000000000000  0000000000000000  00042058  2**0
                  CONTENTS, READONLY, DEBUGGING, OCTETS
 10 .debug_aranges 00003920  0000000000000000  0000000000000000  00061740  2**4
                  CONTENTS, READONLY, DEBUGGING, OCTETS
 11 .debug_ranges 00006680  0000000000000000  0000000000000000  00065060  2**4
                  CONTENTS, READONLY, DEBUGGING, OCTETS
 12 .debug_line   0001208c  0000000000000000  0000000000000000  0006b6e0  2**0
                  CONTENTS, READONLY, DEBUGGING, OCTETS
 13 .debug_str    00008c20  0000000000000000  0000000000000000  0007d76c  2**0
                  CONTENTS, READONLY, DEBUGGING, OCTETS
 14 .comment      0000002b  0000000000000000  0000000000000000  0008638c  2**0
                  CONTENTS, READONLY
 15 .debug_frame  000019b8  0000000000000000  0000000000000000  000863b8  2**3
                  CONTENTS, READONLY, DEBUGGING, OCTETS
SYMBOL TABLE:
000000000e090000 l    d  .text	0000000000000000 .text
000000000e09c000 l    d  .rodata	0000000000000000 .rodata
000000000e09f000 l    d  .data	0000000000000000 .data
000000000e09f8c0 l    d  .stacks	0000000000000000 .stacks
000000000e0bf8c0 l    d  .bss	0000000000000000 .bss
000000000e0c0900 l    d  .per_cpu	0000000000000000 .per_cpu
000000000e0c8000 l    d  .xlat_table	0000000000000000 .xlat_table
0000000000000000 l    d  .debug_info	0000000000000000 .debug_info
0000000000000000 l    d  .debug_abbrev	0000000000000000 .debug_abbrev
0000000000000000 l    d  .debug_loc	0000000000000000 .debug_loc
0000000000000000 l    d  .debug_aranges	0000000000000000 .debug_aranges
0000000000000000 l    d  .debug_ranges	0000000000000000 .debug_ranges
0000000000000000 l    d  .debug_line	0000000000000000 .debug_line
0000000000000000 l    d  .debug_str	0000000000000000 .debug_str
0000000000000000 l    d  .comment	0000000000000000 .comment
0000000000000000 l    d  .debug_frame	0000000000000000 .debug_frame
0000000000000000 l    df *ABS*	0000000000000000 bl31_entrypoint.o
000000000e090054 l       .text	0000000000000000 feat_sctlr2_not_supported4
000000000e0901c8 l       .text	0000000000000000 feat_sctlr2_not_supported33
0000000000000000 l    df *ABS*	0000000000000000 assert.c
0000000000000000 l    df *ABS*	0000000000000000 arm_arch_svc_setup.c
000000000e090288 l     F .text	0000000000000260 arm_arch_svc_smc_handler
000000000e09dd50 l     O .rodata	0000000000000020 __svc_desc_arm_arch_svc
0000000000000000 l    df *ABS*	0000000000000000 aem_generic.o
000000000e09051c l     F .text	0000000000000018 aem_generic_reset_func
000000000e0904f0 l     F .text	0000000000000024 aem_generic_core_pwr_dwn
000000000e0904e8 l     F .text	0000000000000008 aem_generic_cluster_pwr_dwn
000000000e09db41 l       .rodata	0000000000000000 aem_generic_regs
000000000e090514 l     F .text	0000000000000008 aem_generic_cpu_reg_dump
000000000e09db42 l       .rodata	0000000000000000 aem_generic_errata_list_start
000000000e09db42 l       .rodata	0000000000000000 aem_generic_errata_list_end
000000000e09f86c l       .data	0000000000000000 aem_generic_errata_reported
000000000e09db42 l       .rodata	0000000000000000 aem_generic_cpu_str
0000000000000000 l    df *ABS*	0000000000000000 debug.o
000000000e09dad6 l       .rodata	0000000000000000 assert_msg1
000000000e09dae4 l       .rodata	0000000000000000 assert_msg2
000000000e09058c l       .text	0000000000000000 _assert_loop
000000000e090570 l       .text	0000000000000000 dec_print_loop
000000000e09daeb l       .rodata	0000000000000000 panic_msg
000000000e091658 l       .text	0000000000000000 panic_common
000000000e091680 l       .text	0000000000000000 _panic_handler
0000000000000000 l    df *ABS*	0000000000000000 platform_helpers.o
0000000000000000 l    df *ABS*	0000000000000000 cortex_a53.o
000000000e09104c l     F .text	0000000000000040 cortex_a53_reset_func
000000000e091034 l     F .text	0000000000000018 cortex_a53_disable_smp
000000000e0905f0 l     F .text	000000000000000c check_erratum_cortex_a53_819472
000000000e09c248 l       .rodata	0000000000000000 cortex_a53_errata_list_start
000000000e0905fc l     F .text	000000000000000c check_erratum_cortex_a53_824069
000000000e090608 l     F .text	000000000000000c check_erratum_cortex_a53_826319
000000000e090614 l     F .text	000000000000000c check_erratum_cortex_a53_827319
000000000e090620 l     F .text	0000000000000024 check_erratum_cortex_a53_835769
000000000e09063c l       .text	0000000000000000 errata_not_applies
000000000e090640 l       .text	0000000000000000 exit_check_errata_835769
000000000e090644 l     F .text	000000000000000c check_erratum_cortex_a53_836870
000000000e091078 l       .text	0000000000000000 erratum_cortex_a53_836870_skip_reset
000000000e090650 l     F .text	0000000000000024 check_erratum_cortex_a53_843419
000000000e090670 l       .text	0000000000000000 exit_check_errata_843419
000000000e090674 l     F .text	000000000000000c check_erratum_cortex_a53_855873
000000000e0905e8 l     F .text	0000000000000008 check_erratum_cortex_a53_1530924
000000000e091008 l     F .text	0000000000000014 cortex_a53_core_pwr_dwn
000000000e090fe8 l     F .text	0000000000000020 cortex_a53_cluster_pwr_dwn
000000000e09db4e l       .rodata	0000000000000000 cortex_a53_regs
000000000e09101c l     F .text	0000000000000018 cortex_a53_cpu_reg_dump
000000000e09c2d8 l       .rodata	0000000000000000 cortex_a53_errata_list_end
000000000e09f870 l       .data	0000000000000000 cortex_a53_errata_reported
000000000e09db84 l       .rodata	0000000000000000 cortex_a53_cpu_str
0000000000000000 l    df *ABS*	0000000000000000 cortex_a55.o
000000000e09c2d8 l       .rodata	0000000000000000 cortex_a55_errata_list_start
000000000e090694 l     F .text	000000000000000c check_erratum_cortex_a55_768277
000000000e0906a0 l     F .text	0000000000000024 check_erratum_cortex_a55_778703
000000000e0906c4 l     F .text	000000000000000c check_erratum_cortex_a55_798797
000000000e0906d0 l     F .text	0000000000000020 check_erratum_cortex_a55_798953
000000000e0906f0 l     F .text	000000000000000c check_erratum_cortex_a55_846532
000000000e0906fc l     F .text	000000000000000c check_erratum_cortex_a55_903758
000000000e090708 l     F .text	0000000000000028 check_erratum_cortex_a55_936184
000000000e090680 l     F .text	000000000000000c check_erratum_cortex_a55_1221012
000000000e09068c l     F .text	0000000000000008 check_erratum_cortex_a55_1530923
000000000e09db8f l       .rodata	0000000000000000 cortex_a55_regs
000000000e0910a0 l     F .text	000000000000000c cortex_a55_cpu_reg_dump
000000000e09c368 l       .rodata	0000000000000000 cortex_a55_errata_list_end
000000000e09f874 l       .data	0000000000000000 cortex_a55_errata_reported
000000000e09db9d l       .rodata	0000000000000000 cortex_a55_cpu_str
0000000000000000 l    df *ABS*	0000000000000000 cortex_a57.o
000000000e091164 l     F .text	0000000000000094 cortex_a57_reset_func
000000000e091130 l     F .text	0000000000000024 cortex_a57_disable_l2_prefetch
000000000e091154 l     F .text	0000000000000010 cortex_a57_disable_smp
000000000e09111c l     F .text	0000000000000014 cortex_a57_disable_ext_debug
000000000e09c368 l       .rodata	0000000000000000 cortex_a57_errata_list_start
000000000e090740 l     F .text	0000000000000008 check_erratum_cortex_a57_3
000000000e0907dc l     F .text	000000000000000c check_erratum_cortex_a57_99999
000000000e091190 l       .text	0000000000000000 erratum_cortex_a57_99999_skip_reset
000000000e090758 l     F .text	000000000000000c check_erratum_cortex_a57_806969
000000000e090764 l     F .text	000000000000000c check_erratum_cortex_a57_813419
000000000e090770 l     F .text	000000000000000c check_erratum_cortex_a57_813420
000000000e09077c l     F .text	000000000000000c check_erratum_cortex_a57_814670
000000000e090788 l     F .text	000000000000000c check_erratum_cortex_a57_817169
000000000e090794 l     F .text	000000000000000c check_erratum_cortex_a57_826974
000000000e0907a0 l     F .text	000000000000000c check_erratum_cortex_a57_826977
000000000e0907ac l     F .text	000000000000000c check_erratum_cortex_a57_828024
000000000e0907b8 l     F .text	000000000000000c check_erratum_cortex_a57_829520
000000000e0907c4 l     F .text	000000000000000c check_erratum_cortex_a57_833471
000000000e0907d0 l     F .text	000000000000000c check_erratum_cortex_a57_859972
000000000e090730 l     F .text	0000000000000008 check_erratum_cortex_a57_1319537
000000000e090750 l     F .text	0000000000000008 check_erratum_cortex_a57_5715
000000000e0911a8 l       .text	0000000000000000 erratum_cortex_a57_5715_skip_reset
000000000e090748 l     F .text	0000000000000008 check_erratum_cortex_a57_3639
000000000e0911cc l       .text	0000000000000000 erratum_cortex_a57_3639_skip_reset
000000000e090738 l     F .text	0000000000000008 check_erratum_cortex_a57_23960
000000000e0911e4 l       .text	0000000000000000 erratum_cortex_a57_23960_skip_reset
000000000e0910ec l     F .text	000000000000001c cortex_a57_core_pwr_dwn
000000000e0910c4 l     F .text	0000000000000028 cortex_a57_cluster_pwr_dwn
000000000e09dba8 l       .rodata	0000000000000000 cortex_a57_regs
000000000e091108 l     F .text	0000000000000014 cortex_a57_cpu_reg_dump
000000000e09c478 l       .rodata	0000000000000000 cortex_a57_errata_list_end
000000000e09f878 l       .data	0000000000000000 cortex_a57_errata_reported
000000000e09dbd1 l       .rodata	0000000000000000 cortex_a57_cpu_str
0000000000000000 l    df *ABS*	0000000000000000 cortex_a710.o
000000000e098800 l     F .text	0000000000000004 bhb_sync_exception_sp_el0_cortex_a710
000000000e098880 l     F .text	0000000000000004 bhb_irq_sp_el0_cortex_a710
000000000e098900 l     F .text	0000000000000004 bhb_fiq_sp_el0_cortex_a710
000000000e098980 l     F .text	0000000000000004 bhb_serror_sp_el0_cortex_a710
000000000e098a00 l     F .text	0000000000000004 bhb_sync_exception_sp_elx_cortex_a710
000000000e098a80 l     F .text	0000000000000004 bhb_irq_sp_elx_cortex_a710
000000000e098b00 l     F .text	0000000000000004 bhb_fiq_sp_elx_cortex_a710
000000000e098b80 l     F .text	0000000000000004 bhb_serror_sp_elx_cortex_a710
000000000e098c00 l     F .text	0000000000000024 bhb_sync_exception_aarch64_cortex_a710
000000000e098c80 l     F .text	0000000000000024 bhb_irq_aarch64_cortex_a710
000000000e098d00 l     F .text	0000000000000024 bhb_fiq_aarch64_cortex_a710
000000000e098d80 l     F .text	0000000000000024 bhb_serror_aarch64_cortex_a710
000000000e098e00 l     F .text	0000000000000024 bhb_sync_exception_aarch32_cortex_a710
000000000e098e80 l     F .text	0000000000000024 bhb_irq_aarch32_cortex_a710
000000000e098f00 l     F .text	0000000000000024 bhb_fiq_aarch32_cortex_a710
000000000e098f80 l     F .text	0000000000000024 bhb_serror_aarch32_cortex_a710
000000000e091218 l     F .text	0000000000000050 cortex_a710_reset_func
000000000e09c478 l       .rodata	0000000000000000 cortex_a710_errata_list_start
000000000e0907e8 l     F .text	0000000000000014 check_erratum_cortex_a710_1901946
000000000e0907fc l     F .text	000000000000000c check_erratum_cortex_a710_1916945
000000000e090808 l     F .text	000000000000000c check_erratum_cortex_a710_1917258
000000000e090814 l     F .text	000000000000000c check_erratum_cortex_a710_1927200
000000000e090820 l     F .text	000000000000000c check_erratum_cortex_a710_1987031
000000000e09082c l     F .text	000000000000000c check_erratum_cortex_a710_2008768
000000000e090838 l     F .text	000000000000000c check_erratum_cortex_a710_2017096
000000000e090844 l     F .text	0000000000000014 check_erratum_cortex_a710_2055002
000000000e090858 l     F .text	000000000000000c check_erratum_cortex_a710_2081180
000000000e090864 l     F .text	0000000000000014 check_erratum_cortex_a710_2083908
000000000e090878 l     F .text	000000000000000c check_erratum_cortex_a710_2136059
000000000e090884 l     F .text	0000000000000014 check_erratum_cortex_a710_2147715
000000000e090898 l     F .text	000000000000000c check_erratum_cortex_a710_2216384
000000000e0908a4 l     F .text	000000000000000c check_erratum_cortex_a710_2267065
000000000e0908b0 l     F .text	000000000000000c check_erratum_cortex_a710_2282622
000000000e0908bc l     F .text	000000000000000c check_erratum_cortex_a710_2291219
000000000e0908c8 l     F .text	0000000000000024 check_erratum_cortex_a710_2313941
000000000e0908ec l     F .text	000000000000000c check_erratum_cortex_a710_2371105
000000000e090900 l     F .text	000000000000000c check_erratum_cortex_a710_2742423
000000000e09090c l     F .text	000000000000000c check_erratum_cortex_a710_2768515
000000000e090918 l     F .text	000000000000000c check_erratum_cortex_a710_2778471
000000000e090924 l     F .text	000000000000000c check_erratum_cortex_a710_3324338
000000000e0908f8 l     F .text	0000000000000008 check_erratum_cortex_a710_23960
000000000e091240 l       .text	0000000000000000 erratum_cortex_a710_23960_skip_reset
000000000e09093c l     F .text	000000000000000c check_erratum_cortex_a710_5660
000000000e09125c l       .text	0000000000000000 erratum_cortex_a710_5660_skip_reset
000000000e090948 l     F .text	0000000000000008 check_erratum_cortex_a710_647
000000000e0911f8 l     F .text	0000000000000014 cortex_a710_core_pwr_dwn
000000000e09dbdc l       .rodata	0000000000000000 cortex_a710_regs
000000000e09120c l     F .text	000000000000000c cortex_a710_cpu_reg_dump
000000000e09c618 l       .rodata	0000000000000000 cortex_a710_errata_list_end
000000000e09f87c l       .data	0000000000000000 cortex_a710_errata_reported
000000000e09dbea l       .rodata	0000000000000000 cortex_a710_cpu_str
0000000000000000 l    df *ABS*	0000000000000000 cortex_a72.o
000000000e099000 l     F .text	0000000000000004 bhb_sync_exception_sp_el0_cortex_a72
000000000e099080 l     F .text	0000000000000004 bhb_irq_sp_el0_cortex_a72
000000000e099100 l     F .text	0000000000000004 bhb_fiq_sp_el0_cortex_a72
000000000e099180 l     F .text	0000000000000004 bhb_serror_sp_el0_cortex_a72
000000000e099200 l     F .text	0000000000000004 bhb_sync_exception_sp_elx_cortex_a72
000000000e099280 l     F .text	0000000000000004 bhb_irq_sp_elx_cortex_a72
000000000e099300 l     F .text	0000000000000004 bhb_fiq_sp_elx_cortex_a72
000000000e099380 l     F .text	0000000000000004 bhb_serror_sp_elx_cortex_a72
000000000e099400 l     F .text	0000000000000024 bhb_sync_exception_aarch64_cortex_a72
000000000e099480 l     F .text	0000000000000024 bhb_irq_aarch64_cortex_a72
000000000e099500 l     F .text	0000000000000024 bhb_fiq_aarch64_cortex_a72
000000000e099580 l     F .text	0000000000000024 bhb_serror_aarch64_cortex_a72
000000000e099600 l     F .text	0000000000000024 bhb_sync_exception_aarch32_cortex_a72
000000000e099680 l     F .text	0000000000000024 bhb_irq_aarch32_cortex_a72
000000000e099700 l     F .text	0000000000000024 bhb_fiq_aarch32_cortex_a72
000000000e099780 l     F .text	0000000000000024 bhb_serror_aarch32_cortex_a72
000000000e091324 l     F .text	0000000000000084 cortex_a72_reset_func
000000000e0912f4 l     F .text	0000000000000020 cortex_a72_disable_l2_prefetch
000000000e0912dc l     F .text	0000000000000018 cortex_a72_disable_hw_prefetcher
000000000e091314 l     F .text	0000000000000010 cortex_a72_disable_smp
000000000e0912c8 l     F .text	0000000000000014 cortex_a72_disable_ext_debug
000000000e090994 l     F .text	0000000000000034 check_erratum_cortex_a72_3
000000000e09c618 l       .rodata	0000000000000000 cortex_a72_errata_list_start
000000000e090a04 l     F .text	000000000000000c check_erratum_cortex_a72_859971
000000000e090950 l     F .text	0000000000000008 check_erratum_cortex_a72_1319367
000000000e0909d0 l     F .text	0000000000000034 check_erratum_cortex_a72_5715
000000000e09134c l       .text	0000000000000000 erratum_cortex_a72_5715_skip_reset
000000000e0909c8 l     F .text	0000000000000008 check_erratum_cortex_a72_3639
000000000e091370 l       .text	0000000000000000 erratum_cortex_a72_3639_skip_reset
000000000e090958 l     F .text	000000000000003c check_erratum_cortex_a72_23960
000000000e091394 l       .text	0000000000000000 erratum_cortex_a72_23960_skip_reset
000000000e091294 l     F .text	0000000000000020 cortex_a72_core_pwr_dwn
000000000e091268 l     F .text	000000000000002c cortex_a72_cluster_pwr_dwn
000000000e09dc1c l       .rodata	0000000000000000 cortex_a72_regs
000000000e0912b4 l     F .text	0000000000000014 cortex_a72_cpu_reg_dump
000000000e09c678 l       .rodata	0000000000000000 cortex_a72_errata_list_end
000000000e09f880 l       .data	0000000000000000 cortex_a72_errata_reported
000000000e09dc45 l       .rodata	0000000000000000 cortex_a72_cpu_str
0000000000000000 l    df *ABS*	0000000000000000 cortex_a76.o
000000000e099800 l       .text	0000000000000000 cortex_a76_wa_cve_vbar
000000000e099800 l     F .text	0000000000000004 cortex_a76_sync_exception_sp_el0
000000000e099880 l     F .text	0000000000000004 cortex_a76_irq_sp_el0
000000000e099900 l     F .text	0000000000000004 cortex_a76_fiq_sp_el0
000000000e099980 l     F .text	0000000000000004 cortex_a76_serror_sp_el0
000000000e099a00 l     F .text	0000000000000004 cortex_a76_sync_exception_sp_elx
000000000e099a80 l     F .text	0000000000000004 cortex_a76_irq_sp_elx
000000000e099b00 l     F .text	0000000000000004 cortex_a76_fiq_sp_elx
000000000e099b80 l     F .text	0000000000000004 cortex_a76_serror_sp_elx
000000000e099c00 l     F .text	0000000000000024 cortex_a76_sync_exception_aarch64
000000000e099c80 l     F .text	0000000000000024 cortex_a76_irq_aarch64
000000000e099d00 l     F .text	0000000000000024 cortex_a76_fiq_aarch64
000000000e099d80 l     F .text	0000000000000024 cortex_a76_serror_aarch64
000000000e099e00 l     F .text	0000000000000024 cortex_a76_sync_exception_aarch32
000000000e099e80 l     F .text	0000000000000024 cortex_a76_irq_aarch32
000000000e099f00 l     F .text	0000000000000024 cortex_a76_fiq_aarch32
000000000e099f80 l     F .text	0000000000000024 cortex_a76_serror_aarch32
000000000e09c678 l       .rodata	0000000000000000 cortex_a76_errata_list_start
000000000e090ab4 l     F .text	0000000000000008 check_erratum_cortex_a76_2
000000000e090ad0 l     F .text	0000000000000020 check_erratum_cortex_a76_798953
000000000e090af0 l     F .text	0000000000000028 check_erratum_cortex_a76_936184
000000000e090a10 l     F .text	000000000000000c check_erratum_cortex_a76_1073348
000000000e090a1c l     F .text	000000000000000c check_erratum_cortex_a76_1130799
000000000e090a28 l     F .text	000000000000000c check_erratum_cortex_a76_1165347
000000000e090a34 l     F .text	000000000000000c check_erratum_cortex_a76_1165522
000000000e090a40 l     F .text	000000000000000c check_erratum_cortex_a76_1207823
000000000e090a4c l     F .text	000000000000000c check_erratum_cortex_a76_1220197
000000000e090a58 l     F .text	000000000000000c check_erratum_cortex_a76_1257314
000000000e090a64 l     F .text	000000000000000c check_erratum_cortex_a76_1262606
000000000e090a70 l     F .text	000000000000000c check_erratum_cortex_a76_1262888
000000000e090a7c l     F .text	000000000000000c check_erratum_cortex_a76_1275112
000000000e090a88 l     F .text	000000000000000c check_erratum_cortex_a76_1286807
000000000e090a94 l     F .text	000000000000000c check_erratum_cortex_a76_1791580
000000000e090aa0 l     F .text	000000000000000c check_erratum_cortex_a76_1868343
000000000e090aac l     F .text	0000000000000008 check_erratum_cortex_a76_1946160
000000000e090ac4 l     F .text	000000000000000c check_erratum_cortex_a76_2743102
000000000e090abc l     F .text	0000000000000008 check_erratum_cortex_a76_23960
000000000e09dc6e l       .rodata	0000000000000000 cortex_a76_regs
000000000e0913bc l     F .text	000000000000000c cortex_a76_cpu_reg_dump
000000000e09c7a8 l       .rodata	0000000000000000 cortex_a76_errata_list_end
000000000e09f884 l       .data	0000000000000000 cortex_a76_errata_reported
000000000e09dc7c l       .rodata	0000000000000000 cortex_a76_cpu_str
0000000000000000 l    df *ABS*	0000000000000000 neoverse_n1.o
000000000e09a000 l     F .text	0000000000000004 bhb_sync_exception_sp_el0_neoverse_n1
000000000e09a080 l     F .text	0000000000000004 bhb_irq_sp_el0_neoverse_n1
000000000e09a100 l     F .text	0000000000000004 bhb_fiq_sp_el0_neoverse_n1
000000000e09a180 l     F .text	0000000000000004 bhb_serror_sp_el0_neoverse_n1
000000000e09a200 l     F .text	0000000000000004 bhb_sync_exception_sp_elx_neoverse_n1
000000000e09a280 l     F .text	0000000000000004 bhb_irq_sp_elx_neoverse_n1
000000000e09a300 l     F .text	0000000000000004 bhb_fiq_sp_elx_neoverse_n1
000000000e09a380 l     F .text	0000000000000004 bhb_serror_sp_elx_neoverse_n1
000000000e09a400 l     F .text	0000000000000024 bhb_sync_exception_aarch64_neoverse_n1
000000000e09a480 l     F .text	0000000000000024 bhb_irq_aarch64_neoverse_n1
000000000e09a500 l     F .text	0000000000000024 bhb_fiq_aarch64_neoverse_n1
000000000e09a580 l     F .text	0000000000000024 bhb_serror_aarch64_neoverse_n1
000000000e09a600 l     F .text	0000000000000024 bhb_sync_exception_aarch32_neoverse_n1
000000000e09a680 l     F .text	0000000000000024 bhb_irq_aarch32_neoverse_n1
000000000e09a700 l     F .text	0000000000000024 bhb_fiq_aarch32_neoverse_n1
000000000e09a780 l     F .text	0000000000000024 bhb_serror_aarch32_neoverse_n1
000000000e091884 l     F .text	0000000000000044 neoverse_n1_reset_func
000000000e09c7a8 l       .rodata	0000000000000000 neoverse_n1_errata_list_start
000000000e090bf0 l     F .text	0000000000000040 check_erratum_neoverse_n1_936184
000000000e090b18 l     F .text	000000000000000c check_erratum_neoverse_n1_1043202
000000000e090b24 l     F .text	000000000000000c check_erratum_neoverse_n1_1073348
000000000e090b30 l     F .text	000000000000000c check_erratum_neoverse_n1_1130799
000000000e090b3c l     F .text	000000000000000c check_erratum_neoverse_n1_1165347
000000000e090b48 l     F .text	000000000000000c check_erratum_neoverse_n1_1207823
000000000e090b54 l     F .text	000000000000000c check_erratum_neoverse_n1_1220197
000000000e090b60 l     F .text	000000000000000c check_erratum_neoverse_n1_1257314
000000000e090b6c l     F .text	000000000000000c check_erratum_neoverse_n1_1262606
000000000e090b78 l     F .text	000000000000000c check_erratum_neoverse_n1_1262888
000000000e090b84 l     F .text	000000000000000c check_erratum_neoverse_n1_1275112
000000000e090b90 l     F .text	000000000000000c check_erratum_neoverse_n1_1315703
000000000e090b9c l     F .text	0000000000000014 check_erratum_neoverse_n1_1542419
000000000e090bb0 l     F .text	000000000000000c check_erratum_neoverse_n1_1868343
000000000e090bbc l     F .text	0000000000000014 check_erratum_neoverse_n1_1946160
000000000e090bd8 l     F .text	000000000000000c check_erratum_neoverse_n1_2743102
000000000e090be4 l     F .text	000000000000000c check_erratum_neoverse_n1_3324349
000000000e090bd0 l     F .text	0000000000000008 check_erratum_neoverse_n1_23960
000000000e0918ac l       .text	0000000000000000 erratum_neoverse_n1_23960_skip_reset
000000000e091834 l     F .text	0000000000000014 neoverse_n1_disable_speculative_loads
000000000e091814 l     F .text	0000000000000014 neoverse_n1_core_pwr_dwn
000000000e09dca6 l       .rodata	0000000000000000 neoverse_n1_regs
000000000e091828 l     F .text	000000000000000c neoverse_n1_cpu_reg_dump
000000000e09c8c8 l       .rodata	0000000000000000 neoverse_n1_errata_list_end
000000000e09f888 l       .data	0000000000000000 neoverse_n1_errata_reported
000000000e09dcb4 l       .rodata	0000000000000000 neoverse_n1_cpu_str
0000000000000000 l    df *ABS*	0000000000000000 neoverse_n2.o
000000000e09a800 l     F .text	0000000000000004 bhb_sync_exception_sp_el0_neoverse_n2
000000000e09a880 l     F .text	0000000000000004 bhb_irq_sp_el0_neoverse_n2
000000000e09a900 l     F .text	0000000000000004 bhb_fiq_sp_el0_neoverse_n2
000000000e09a980 l     F .text	0000000000000004 bhb_serror_sp_el0_neoverse_n2
000000000e09aa00 l     F .text	0000000000000004 bhb_sync_exception_sp_elx_neoverse_n2
000000000e09aa80 l     F .text	0000000000000004 bhb_irq_sp_elx_neoverse_n2
000000000e09ab00 l     F .text	0000000000000004 bhb_fiq_sp_elx_neoverse_n2
000000000e09ab80 l     F .text	0000000000000004 bhb_serror_sp_elx_neoverse_n2
000000000e09ac00 l     F .text	0000000000000024 bhb_sync_exception_aarch64_neoverse_n2
000000000e09ac80 l     F .text	0000000000000024 bhb_irq_aarch64_neoverse_n2
000000000e09ad00 l     F .text	0000000000000024 bhb_fiq_aarch64_neoverse_n2
000000000e09ad80 l     F .text	0000000000000024 bhb_serror_aarch64_neoverse_n2
000000000e09ae00 l     F .text	0000000000000024 bhb_sync_exception_aarch32_neoverse_n2
000000000e09ae80 l     F .text	0000000000000024 bhb_irq_aarch32_neoverse_n2
000000000e09af00 l     F .text	0000000000000024 bhb_fiq_aarch32_neoverse_n2
000000000e09af80 l     F .text	0000000000000024 bhb_serror_aarch32_neoverse_n2
000000000e0918e8 l     F .text	0000000000000068 neoverse_n2_reset_func
000000000e09c8c8 l       .rodata	0000000000000000 neoverse_n2_errata_list_start
000000000e090c30 l     F .text	000000000000000c check_erratum_neoverse_n2_2002655
000000000e090c3c l     F .text	000000000000000c check_erratum_neoverse_n2_2009478
000000000e090c48 l     F .text	000000000000000c check_erratum_neoverse_n2_2025414
000000000e090c54 l     F .text	000000000000000c check_erratum_neoverse_n2_2067956
000000000e090c60 l     F .text	000000000000000c check_erratum_neoverse_n2_2138953
000000000e090c6c l     F .text	000000000000000c check_erratum_neoverse_n2_2138956
000000000e090c78 l     F .text	000000000000000c check_erratum_neoverse_n2_2138958
000000000e090c84 l     F .text	000000000000000c check_erratum_neoverse_n2_2189731
000000000e090c90 l     F .text	000000000000000c check_erratum_neoverse_n2_2242400
000000000e090c9c l     F .text	000000000000000c check_erratum_neoverse_n2_2242415
000000000e090ca8 l     F .text	000000000000000c check_erratum_neoverse_n2_2280757
000000000e090cb4 l     F .text	000000000000003c check_erratum_neoverse_n2_2313941
000000000e090cf0 l     F .text	000000000000000c check_erratum_neoverse_n2_2326639
000000000e090cfc l     F .text	000000000000000c check_erratum_neoverse_n2_2340933
000000000e090d08 l     F .text	000000000000000c check_erratum_neoverse_n2_2346952
000000000e090d14 l     F .text	000000000000000c check_erratum_neoverse_n2_2376738
000000000e090d20 l     F .text	000000000000000c check_erratum_neoverse_n2_2388450
000000000e090d34 l     F .text	000000000000000c check_erratum_neoverse_n2_2743014
000000000e090d40 l     F .text	000000000000000c check_erratum_neoverse_n2_2743089
000000000e090d4c l     F .text	000000000000000c check_erratum_neoverse_n2_2779511
000000000e090d58 l     F .text	000000000000000c check_erratum_neoverse_n2_3324339
000000000e090d70 l     F .text	000000000000000c check_erratum_neoverse_n2_3888123
000000000e090d7c l     F .text	000000000000000c check_erratum_neoverse_n2_4302970
000000000e090d2c l     F .text	0000000000000008 check_erratum_neoverse_n2_23960
000000000e091910 l       .text	0000000000000000 erratum_neoverse_n2_23960_skip_reset
000000000e090d88 l     F .text	000000000000000c check_erratum_neoverse_n2_5660
000000000e09192c l       .text	0000000000000000 erratum_neoverse_n2_5660_skip_reset
000000000e090d94 l     F .text	0000000000000008 check_erratum_neoverse_n2_647
000000000e0918c8 l     F .text	0000000000000014 neoverse_n2_core_pwr_dwn
000000000e09dcc0 l       .rodata	0000000000000000 neoverse_n2_regs
000000000e0918dc l     F .text	000000000000000c neoverse_n2_cpu_reg_dump
000000000e09ca78 l       .rodata	0000000000000000 neoverse_n2_errata_list_end
000000000e09f88c l       .data	0000000000000000 neoverse_n2_errata_reported
000000000e09dcd0 l       .rodata	0000000000000000 neoverse_n2_cpu_str
0000000000000000 l    df *ABS*	0000000000000000 neoverse_v1.o
000000000e091970 l     F .text	0000000000000050 neoverse_v1_reset_func
000000000e09b000 l     F .text	0000000000000004 bhb_sync_exception_sp_el0_neoverse_v1
000000000e09b080 l     F .text	0000000000000004 bhb_irq_sp_el0_neoverse_v1
000000000e09b100 l     F .text	0000000000000004 bhb_fiq_sp_el0_neoverse_v1
000000000e09b180 l     F .text	0000000000000004 bhb_serror_sp_el0_neoverse_v1
000000000e09b200 l     F .text	0000000000000004 bhb_sync_exception_sp_elx_neoverse_v1
000000000e09b280 l     F .text	0000000000000004 bhb_irq_sp_elx_neoverse_v1
000000000e09b300 l     F .text	0000000000000004 bhb_fiq_sp_elx_neoverse_v1
000000000e09b380 l     F .text	0000000000000004 bhb_serror_sp_elx_neoverse_v1
000000000e09b400 l     F .text	0000000000000024 bhb_sync_exception_aarch64_neoverse_v1
000000000e09b480 l     F .text	0000000000000024 bhb_irq_aarch64_neoverse_v1
000000000e09b500 l     F .text	0000000000000024 bhb_fiq_aarch64_neoverse_v1
000000000e09b580 l     F .text	0000000000000024 bhb_serror_aarch64_neoverse_v1
000000000e09b600 l     F .text	0000000000000024 bhb_sync_exception_aarch32_neoverse_v1
000000000e09b680 l     F .text	0000000000000024 bhb_irq_aarch32_neoverse_v1
000000000e09b700 l     F .text	0000000000000024 bhb_fiq_aarch32_neoverse_v1
000000000e09b780 l     F .text	0000000000000024 bhb_serror_aarch32_neoverse_v1
000000000e09ca78 l       .rodata	0000000000000000 neoverse_v1_errata_list_start
000000000e090d9c l     F .text	000000000000000c check_erratum_neoverse_v1_1618635
000000000e090da8 l     F .text	000000000000000c check_erratum_neoverse_v1_1774420
000000000e090db4 l     F .text	000000000000000c check_erratum_neoverse_v1_1791573
000000000e090dc0 l     F .text	000000000000000c check_erratum_neoverse_v1_1852267
000000000e090dcc l     F .text	000000000000000c check_erratum_neoverse_v1_1925756
000000000e090dd8 l     F .text	0000000000000014 check_erratum_neoverse_v1_1940577
000000000e090dec l     F .text	0000000000000014 check_erratum_neoverse_v1_1966096
000000000e090e00 l     F .text	000000000000000c check_erratum_neoverse_v1_2139242
000000000e090e0c l     F .text	0000000000000014 check_erratum_neoverse_v1_2216392
000000000e090e20 l     F .text	000000000000000c check_erratum_neoverse_v1_2294912
000000000e090e2c l     F .text	000000000000000c check_erratum_neoverse_v1_2348377
000000000e090e38 l     F .text	000000000000000c check_erratum_neoverse_v1_2372203
000000000e090e4c l     F .text	000000000000000c check_erratum_neoverse_v1_2743093
000000000e090e58 l     F .text	000000000000000c check_erratum_neoverse_v1_2743233
000000000e090e64 l     F .text	000000000000000c check_erratum_neoverse_v1_2779461
000000000e090e44 l     F .text	0000000000000008 check_erratum_neoverse_v1_23960
000000000e091998 l       .text	0000000000000000 erratum_neoverse_v1_23960_skip_reset
000000000e090e70 l     F .text	000000000000000c check_erratum_neoverse_v1_5660
000000000e0919b4 l       .text	0000000000000000 erratum_neoverse_v1_5660_skip_reset
000000000e091950 l     F .text	0000000000000014 neoverse_v1_core_pwr_dwn
000000000e09dcdc l       .rodata	0000000000000000 neoverse_v1_regs
000000000e091964 l     F .text	000000000000000c neoverse_v1_cpu_reg_dump
000000000e09cb88 l       .rodata	0000000000000000 neoverse_v1_errata_list_end
000000000e09f890 l       .data	0000000000000000 neoverse_v1_errata_reported
000000000e09dcea l       .rodata	0000000000000000 neoverse_v1_cpu_str
0000000000000000 l    df *ABS*	0000000000000000 cache_helpers.o
000000000e09172c l       .text	0000000000000000 exit_loop_civac
000000000e091718 l       .text	0000000000000000 loop_civac
000000000e090eb0 l       .text	0000000000000000 exit_loop_cvac
000000000e090e9c l       .text	0000000000000000 loop_cvac
000000000e091810 l       .text	0000000000000000 exit_loop_ivac
000000000e0917fc l       .text	0000000000000000 loop_ivac
000000000e091494 l     F .text	000000000000009c do_dcsw_op
000000000e09152c l       .text	0000000000000000 exit
000000000e091530 l       .text	0000000000000000 dcsw_loop_table
000000000e0914b0 l       .text	0000000000000000 loop1
000000000e091514 l       .text	0000000000000000 level_done
000000000e091530 l       .text	0000000000000000 loop2_isw
000000000e091534 l       .text	0000000000000000 loop3_isw
000000000e091550 l       .text	0000000000000000 loop2_cisw
000000000e091554 l       .text	0000000000000000 loop3_cisw
000000000e091570 l       .text	0000000000000000 loop2_csw
000000000e091574 l       .text	0000000000000000 loop3_csw
0000000000000000 l    df *ABS*	0000000000000000 pl011_console.o
000000000e090f24 l       .text	0000000000000000 core_init_fail
000000000e090fe4 l       .text	0000000000000000 register_fail
0000000000000000 l    df *ABS*	0000000000000000 cpu_helpers.o
000000000e091788 l       .text	0000000000000000 search_def_ptr
0000000000000000 l    df *ABS*	0000000000000000 crash_reporting.o
000000000e09d8f0 l       .rodata	0000000000000000 gicc_regs
000000000e09d912 l       .rodata	0000000000000000 icc_regs
000000000e09d93e l       .rodata	0000000000000000 gicd_pend_reg
000000000e09d976 l       .rodata	0000000000000000 newline
000000000e09d978 l       .rodata	0000000000000000 spacer
000000000e09d97f l       .rodata	0000000000000000 prefix
000000000e09f060 l       .data	0000000000000000 crash_buf
000000000e09d982 l       .rodata	0000000000000000 print_spacer
000000000e09d994 l       .rodata	0000000000000000 gp_regs
000000000e09da03 l       .rodata	0000000000000000 el3_sys_regs
000000000e09da60 l       .rodata	0000000000000000 non_el3_sys_regs
000000000e09da7a l       .rodata	0000000000000000 panic_msg
000000000e09da8c l       .rodata	0000000000000000 excpt_msg
000000000e09daac l       .rodata	0000000000000000 intr_excpt_msg
000000000e09dad2 l       .rodata	0000000000000000 x30_msg
000000000e091fa0 l     F .text	000000000000004c size_controlled_print_helper
000000000e091fa0 l       .text	0000000000000000 size_controlled_print
000000000e091fa8 l       .text	0000000000000000 test_size_list
000000000e091fe4 l       .text	0000000000000000 exit_size_print
000000000e091b5c l     F .text	000000000000000c print_alignment
000000000e091fec l     F .text	0000000000000018 str_in_crash_buf_print
000000000e091cbc l       .text	0000000000000000 do_crash_reporting
000000000e09141c l     F .text	0000000000000008 crash_panic
000000000e091d24 l       .text	0000000000000000 print_el3_sys_regs
000000000e091db4 l       .text	0000000000000000 print_gicv2
000000000e091dc8 l       .text	0000000000000000 print_gic_common
000000000e091dd4 l       .text	0000000000000000 gicd_ispendr_loop
000000000e091e10 l       .text	0000000000000000 exit_print_gic_regs
0000000000000000 l    df *ABS*	0000000000000000 misc_helpers.o
000000000e09200c l     F .text	0000000000000114 zeromem_dczva
000000000e09145c l       .text	0000000000000000 do_disable_mmu_el3
0000000000000000 l    df *ABS*	0000000000000000 context.o
000000000e0915cc l       .text	0000000000000000 realm_state
000000000e0915d0 l       .text	0000000000000000 end
000000000e091618 l       .text	0000000000000000 no_mpam
0000000000000000 l    df *ABS*	0000000000000000 enable_mmu.o
0000000000000000 l    df *ABS*	0000000000000000 runtime_exceptions.o
000000000e091ba4 l     F .text	0000000000000080 reflect_pending_async_ea_to_lower_el
000000000e0917a0 l     F .text	000000000000003c imp_def_el3_handler
000000000e0917c4 l       .text	0000000000000000 el3_handler_exit
000000000e091bc4 l       .text	0000000000000000 check_loop_ctr
000000000e091bd8 l       .text	0000000000000000 skip_loop_ctr
000000000e091c0c l       .text	0000000000000000 skip_smc_check
000000000e091c08 l       .text	0000000000000000 subtract_elr_el3
0000000000000000 l    df *ABS*	0000000000000000 per_cpu_asm.o
0000000000000000 l    df *ABS*	0000000000000000 plat_helpers.o
000000000e091a58 l       .text	0000000000000000 poll_mailbox
0000000000000000 l    df *ABS*	0000000000000000 platform_mp_stack.o
000000000e09f8c0 l       .stacks	0000000000000000 platform_normal_stacks
0000000000000006 l       *ABS*	0000000000000000 TZ_COUNT
0000000000000000 l    df *ABS*	0000000000000000 qemu_max.o
000000000e091b8c l     F .text	0000000000000018 qemu_max_reset_func
000000000e091b70 l     F .text	0000000000000014 qemu_max_core_pwr_dwn
000000000e091b68 l     F .text	0000000000000008 qemu_max_cluster_pwr_dwn
000000000e09dcf6 l       .rodata	0000000000000000 qemu_max_regs
000000000e091b84 l     F .text	0000000000000008 qemu_max_cpu_reg_dump
000000000e09dcf7 l       .rodata	0000000000000000 qemu_max_errata_list_start
000000000e09dcf7 l       .rodata	0000000000000000 qemu_max_errata_list_end
000000000e09f894 l       .data	0000000000000000 qemu_max_errata_reported
000000000e09dcf7 l       .rodata	0000000000000000 qemu_max_cpu_str
0000000000000000 l    df *ABS*	0000000000000000 backtrace.c
000000000e094234 l     F .text	0000000000000040 is_address_readable
000000000e094334 l     F .text	000000000000005c is_valid_object.constprop.0
0000000000000000 l    df *ABS*	0000000000000000 qemu_bl31_setup.c
000000000e0c06f8 l     O .bss	0000000000000058 bl33_image_ep_info
000000000e0c0750 l     O .bss	0000000000000058 bl32_image_ep_info
000000000e09d8b3 l     O .rodata	000000000000001b __func__.0
0000000000000000 l    df *ABS*	0000000000000000 bl31_main.c
000000000e09c000 l     O .rodata	0000000000000010 psci_args.0
000000000e09f860 l     O .data	0000000000000004 next_image_type
000000000e09d7ba l     O .rodata	0000000000000032 build_version_string
000000000e09d7ec l     O .rodata	000000000000001e build_message
000000000e0bf8c0 l     O .bss	0000000000000008 bl32_init
0000000000000000 l    df *ABS*	0000000000000000 errata_common.c
0000000000000000 l    df *ABS*	0000000000000000 context_mgmt.c
000000000e09d832 l     O .rodata	0000000000000011 __func__.0
0000000000000000 l    df *ABS*	0000000000000000 bl31_context_mgmt.c
000000000e093488 l     F .text	0000000000000034 get_cpu_context_index
0000000000000000 l    df *ABS*	0000000000000000 multi_console.c
000000000e09f868 l     O .data	0000000000000004 console_state
0000000000000000 l    df *ABS*	0000000000000000 cpu_data_array.c
0000000000000000 l    df *ABS*	0000000000000000 bl31_traps.c
000000000e094300 l     F .text	0000000000000018 is_tge_enabled
0000000000000000 l    df *ABS*	0000000000000000 xlat_tables_context.c
000000000e09f000 l     O .data	0000000000000060 tf_xlat_ctx
000000000e0c04b0 l     O .bss	0000000000000230 tf_mmap
000000000e0c8000 l     O .xlat_table	0000000000006000 tf_xlat_tables
000000000e0c08c0 l     O .bss	0000000000000020 tf_base_xlat_table
0000000000000000 l    df *ABS*	0000000000000000 psci_common.c
000000000e095fcc l     F .text	0000000000000048 psci_set_req_local_pwr_state
000000000e0c0880 l     O .bss	0000000000000020 psci_req_local_pwr_states
000000000e0934bc l     F .text	000000000000005c get_cpu_pwr_dwn
000000000e09d874 l     O .rodata	0000000000000019 __func__.3
000000000e09c040 l     O .rodata	0000000000000018 psci_state_type_str.2
000000000e09d856 l     O .rodata	000000000000001e __func__.1
000000000e09d843 l     O .rodata	0000000000000013 __func__.0
0000000000000000 l    df *ABS*	0000000000000000 plat_common.c
000000000e09c058 l     O .rodata	0000000000000020 CSWTCH.3
0000000000000000 l    df *ABS*	0000000000000000 runtime_svc.c
000000000e093548 l     F .text	0000000000000068 get_handler_for_smc_fid
000000000e09d81b l     O .rodata	0000000000000017 __func__.1
000000000e09d80a l     O .rodata	0000000000000011 __func__.0
0000000000000000 l    df *ABS*	0000000000000000 interrupt_mgmt.c
000000000e0bf8c8 l     O .bss	0000000000000080 intr_type_descs
0000000000000000 l    df *ABS*	0000000000000000 gicdv2_helpers.c
0000000000000000 l    df *ABS*	0000000000000000 gicv2_main.c
000000000e0bf948 l     O .bss	0000000000000008 driver_data
0000000000000000 l    df *ABS*	0000000000000000 gicv2_helpers.c
0000000000000000 l    df *ABS*	0000000000000000 gpio.c
000000000e0bf978 l     O .bss	0000000000000008 ops
0000000000000000 l    df *ABS*	0000000000000000 xlat_tables_core.c
000000000e097bd4 l     F .text	0000000000000228 xlat_tables_map_region
000000000e09d89e l     O .rodata	0000000000000015 __func__.0
0000000000000000 l    df *ABS*	0000000000000000 xlat_tables_arch.c
000000000e09cbb4 l     O .rodata	0000000000000020 pa_range_bits_arr
0000000000000000 l    df *ABS*	0000000000000000 psci_main.c
000000000e094318 l     F .text	000000000000001c is_valid_mpidr
000000000e09d88d l     O .rodata	0000000000000011 __func__.0
0000000000000000 l    df *ABS*	0000000000000000 memcpy.c
0000000000000000 l    df *ABS*	0000000000000000 memmove.c
0000000000000000 l    df *ABS*	0000000000000000 memset.c
0000000000000000 l    df *ABS*	0000000000000000 mpam.c
0000000000000000 l    df *ABS*	0000000000000000 per_cpu.c
0000000000000000 l    df *ABS*	0000000000000000 pl061_gpio.c
000000000e09489c l     F .text	0000000000000060 pl061_set_value
000000000e0bf950 l     O .bss	0000000000000020 pl061_reg_base
000000000e0947ac l     F .text	0000000000000050 pl061_get_value
000000000e094838 l     F .text	0000000000000064 pl061_set_direction
000000000e094760 l     F .text	000000000000004c pl061_get_direction
000000000e09c010 l     O .rodata	0000000000000030 pl061_gpio_ops
0000000000000000 l    df *ABS*	0000000000000000 topology.c
000000000e09f898 l     O .data	0000000000000003 power_domain_tree_desc
0000000000000000 l    df *ABS*	0000000000000000 plat_bl_common.c
0000000000000000 l    df *ABS*	0000000000000000 plat_psci_common.c
0000000000000000 l    df *ABS*	0000000000000000 plat_gicv2.c
0000000000000000 l    df *ABS*	0000000000000000 plat_log_common.c
000000000e09c078 l     O .rodata	0000000000000028 plat_prefix_str
0000000000000000 l    df *ABS*	0000000000000000 qemu_common.c
000000000e09c0a0 l     O .rodata	00000000000000c8 plat_qemu_mmap
0000000000000000 l    df *ABS*	0000000000000000 qemu_gicv2.c
000000000e09c168 l     O .rodata	0000000000000030 plat_gicv2_driver_data
000000000e09cbe4 l     O .rodata	0000000000000020 qemu_interrupt_props
0000000000000000 l    df *ABS*	0000000000000000 qemu_pm.c
000000000e096cfc l     F .text	000000000000004c qemu_system_reset
000000000e09d8de l     O .rodata	0000000000000012 __func__.1
000000000e096cb0 l     F .text	000000000000004c qemu_system_off
000000000e09d8ce l     O .rodata	0000000000000010 __func__.0
000000000e096c58 l     F .text	0000000000000010 qemu_pwr_domain_pwr_down_wfi
000000000e096c00 l     F .text	0000000000000004 qemu_pwr_domain_off
000000000e096c04 l     F .text	000000000000002c qemu_pwr_domain_on
000000000e096d48 l     F .text	000000000000005c qemu_validate_power_state
000000000e09cc04 l     O .rodata	0000000000000010 qemu_pm_idle_states
000000000e096bd0 l     F .text	0000000000000030 qemu_cpu_standby
000000000e09c198 l     O .rodata	00000000000000b0 plat_qemu_psci_pm_ops
0000000000000000 l    df *ABS*	0000000000000000 pmuv3.c
0000000000000000 l    df *ABS*	0000000000000000 bl_common.c
0000000000000000 l    df *ABS*	0000000000000000 errata_report.c
0000000000000000 l    df *ABS*	0000000000000000 printf.c
000000000e097420 l     F .text	00000000000000f4 unsigned_num_print.part.0
0000000000000000 l    df *ABS*	0000000000000000 psci_setup.c
000000000e0c0940 l     O .per_cpu	00000000000002c0 psci_ns_context
000000000e0bf9b0 l     O .bss	0000000000000b00 warmboot_ep_info
0000000000000000 l    df *ABS*	0000000000000000 psci_on.c
0000000000000000 l    df *ABS*	0000000000000000 psci_suspend.c
0000000000000000 l    df *ABS*	0000000000000000 psci_off.c
0000000000000000 l    df *ABS*	0000000000000000 psci_mem_protect.c
0000000000000000 l    df *ABS*	0000000000000000 psci_system_off.c
0000000000000000 l    df *ABS*	0000000000000000 qemu_console.c
000000000e0c07a8 l     O .bss	0000000000000028 console
0000000000000000 l    df *ABS*	0000000000000000 sme.c
0000000000000000 l    df *ABS*	0000000000000000 spe.c
0000000000000000 l    df *ABS*	0000000000000000 spinlock.c
0000000000000000 l    df *ABS*	0000000000000000 std_svc_setup.c
000000000e0971c4 l     F .text	00000000000000d0 std_svc_smc_handler
000000000e09718c l     F .text	0000000000000038 std_svc_setup
000000000e09dd70 l     O .rodata	0000000000000020 __svc_desc_std_svc
0000000000000000 l    df *ABS*	0000000000000000 sve.c
0000000000000000 l    df *ABS*	0000000000000000 tcr2.c
0000000000000000 l    df *ABS*	0000000000000000 tf_log.c
000000000e09f864 l     O .data	0000000000000004 max_log_level
0000000000000000 l    df *ABS*	0000000000000000 trf.c
0000000000000000 l    df *ABS*	0000000000000000 xlat_tables_utils.c
0000000000000000 l    df *ABS*	0000000000000000 wa_cve_2017_5715_mmu.o
000000000e09b800 l     F .text	0000000000000004 mmu_sync_exception_sp_el0
000000000e09b880 l     F .text	0000000000000004 mmu_irq_sp_el0
000000000e09b900 l     F .text	0000000000000004 mmu_fiq_sp_el0
000000000e09b980 l     F .text	0000000000000004 mmu_serror_sp_el0
000000000e09ba00 l     F .text	0000000000000004 mmu_sync_exception_sp_elx
000000000e09ba80 l     F .text	0000000000000004 mmu_irq_sp_elx
000000000e09bb00 l     F .text	0000000000000004 mmu_fiq_sp_elx
000000000e09bb80 l     F .text	0000000000000004 mmu_serror_sp_elx
000000000e09bc00 l     F .text	0000000000000054 mmu_sync_exception_aarch64
000000000e09bc80 l     F .text	0000000000000028 mmu_irq_aarch64
000000000e09bd00 l     F .text	0000000000000028 mmu_fiq_aarch64
000000000e09bd80 l     F .text	0000000000000028 mmu_serror_aarch64
000000000e09be00 l     F .text	0000000000000054 mmu_sync_exception_aarch32
000000000e09be80 l     F .text	0000000000000028 mmu_irq_aarch32
000000000e09bf00 l     F .text	0000000000000028 mmu_fiq_aarch32
000000000e09bf80 l     F .text	0000000000000028 mmu_serror_aarch32
000000000e096b68 g     F .text	0000000000000028 putchar
000000000e098800 g       .text	0000000000000000 wa_cve_vbar_cortex_a710
000000000e092aa8 g     F .text	000000000000009c cm_prepare_el3_exit
000000000e093070 g     F .text	0000000000000034 console_set_scope
000000000e0949e0  w    F .text	0000000000000008 plat_is_smccc_feature_available
000000000e0c08c0 g       .bss	0000000000000000 __PMF_TIMESTAMP_START__
000000000e0949a0  w    F .text	0000000000000034 plat_ic_get_pending_interrupt_type
000000000e0926cc g     F .text	0000000000000238 cm_el1_sysregs_context_restore
000000000e096c30 g     F .text	0000000000000028 qemu_pwr_domain_on_finish
000000000e095c40 g     F .text	000000000000002c psci_migrate_info_up_cpu
000000000e094714 g     F .text	0000000000000004 mpam_init_el3
000000000e0ce000 g       .xlat_table	0000000000000000 __BL31_END__
000000000e093000 g     F .text	0000000000000070 console_register
000000000e095230 g     F .text	0000000000000158 psci_cpu_suspend
000000000e098600 g     F .text	0000000000000034 sync_exception_aarch32
000000000e092004 g     F .text	0000000000000008 zeromem
000000000e0905c4 g     F .text	0000000000000008 asm_print_newline
000000000e09e150 g       .rodata	0000000000000000 __pubsub_psci_suspend_pwrdown_finish_end
000000000e096868 g     F .text	00000000000000f4 psci_validate_entry_point
000000000e094468 g     F .text	000000000000003c mmap_add_ctx
000000000e094aa8 g     F .text	00000000000000b8 print_entry_point_info
000000000e092904 g     F .text	0000000000000054 cm_get_context
000000000e094d38 g     F .text	0000000000000054 printf
000000000e0c06e0 g     O .bss	0000000000000018 mmu_cfg_params
000000000e097dfc g     F .text	0000000000000004 xlat_tables_print
000000000e095edc g     F .text	0000000000000058 psci_release_pwr_domain_locks
000000000e09695c g     F .text	0000000000000044 psci_validate_power_state
000000000e0948fc g     F .text	0000000000000034 plat_core_pos_by_mpidr
000000000e09298c g     F .text	0000000000000004 cm_init_percpu_once_regs
000000000e09f000 g       .rodata	0000000000000000 __RW_START__
000000000e093840 g     F .text	000000000000004c gicv2_cpuif_enable
000000000e090f68 g     F .text	000000000000001c console_pl011_flush
000000000e093518 g     F .text	0000000000000030 get_el_str
000000000e0c8000 g       .xlat_table	0000000000000000 __XLAT_TABLE_START__
000000000e094170 g     F .text	00000000000000c4 inject_undef64
000000000e090f2c g     F .text	000000000000003c console_pl011_core_putc
000000000e0947fc g     F .text	000000000000000c pl061_gpio_init
000000000e090534 g     F .text	0000000000000060 asm_assert
0000000000000340 g       *ABS*	0000000000000000 __PER_CPU_UNIT_SECTION_SIZE__
000000000e0924c4 g     F .text	0000000000000044 bl31_plat_get_next_image_ep_info
000000000e091438 g     F .text	0000000000000010 dcsw_op_level1
000000000e09388c g     F .text	0000000000000078 gicv2_distif_init
000000000e097158 g     F .text	0000000000000024 spin_trylock
000000000e0943b0 g     F .text	0000000000000034 memmove
000000000e095e48 g     F .text	000000000000004c psci_pwrdown_cpu_end_wakeup
000000000e0970a8 g     F .text	0000000000000010 sme_enable
000000000e0c0800 g     O .bss	0000000000000080 rt_svc_descs_indices
000000000e0937e0 g     F .text	0000000000000014 gicd_write_isenabler
000000000e094a48 g     F .text	000000000000001c plat_setup_psci_ops
000000000e098200 g     F .text	0000000000000004 sync_exception_sp_elx
000000000e096f14 g     F .text	0000000000000108 setup_mmu_cfg
000000000e092b44 g     F .text	0000000000000008 cm_prepare_el3_exit_ns
000000000e098000 g     F .text	0000000000000004 sync_exception_sp_el0
000000000e094df8 g     F .text	000000000000006c psci_affinity_info
000000000e0949e8  w    F .text	0000000000000030 plat_log_get_prefix
000000000e095b74 g     F .text	00000000000000b0 psci_migrate
000000000e0949d4 g     F .text	000000000000000c plat_ic_has_interrupt_type
000000000e0913a8 g     F .text	0000000000000014 cortex_a76_core_pwr_dwn
000000000e094718 g     F .text	0000000000000030 per_cpu_by_index_compute
000000000e093db8 g     F .text	0000000000000058 handler_interrupt_exception
000000000e09a000 g       .text	0000000000000000 wa_cve_vbar_neoverse_n1
000000000e091590 g     F .text	00000000000000c4 el3_exit
000000000e0c7100 g       .per_cpu	0000000000000000 __PER_CPU_END__
000000000e096094 g     F .text	00000000000003f0 psci_setup
000000000e093f58 g     F .text	0000000000000068 init_xlat_tables
000000000e09701c g     F .text	0000000000000068 setup_page_tables
000000000e092508 g     F .text	0000000000000018 bl31_plat_runtime_setup
000000000e09f000 g       .data	0000000000000000 __DATA_START__
000000000e0c07d0 g     O .bss	0000000000000008 psci_locks
000000000e09c000 g       .text	0000000000000000 __TEXT_END_UNALIGNED__
000000000e091a00  w    F .text	0000000000000004 plat_disable_acp
000000000e0958b0 g     F .text	0000000000000024 psci_find_target_suspend_lvl
000000000e097a44 g     F .text	0000000000000038 xlat_arch_regime_get_xn_desc
000000000e093788 g     F .text	000000000000000c gicd_set_isenabler
000000000e094e64 g     F .text	0000000000000024 psci_arch_setup
000000000e090d64 g     F .text	000000000000000c check_erratum_neoverse_n2_3701773
000000000e096688 g     F .text	000000000000005c psci_system_reset
000000000e093c14 g     F .text	000000000000009c gicv2_spis_configure_defaults
000000000e093774 g     F .text	0000000000000014 gicd_set_ipriorityr
000000000e094390 g     F .text	0000000000000020 memcpy
000000000e094a8c g     F .text	000000000000001c pmuv3_init_el3
000000000e0967a4 g     F .text	00000000000000c4 psci_system_suspend
000000000e098380 g     F .text	0000000000000008 serror_sp_elx
000000000e09261c g     F .text	00000000000000b0 check_erratum_applies
000000000e098080 g     F .text	0000000000000004 irq_sp_el0
000000000e0958d4 g     F .text	000000000000005c psci_get_parent_pwr_domain_nodes
000000000e09200c g     F .text	0000000000000114 zero_normalmem
000000000e096c68 g     F .text	0000000000000018 qemu_pwr_domain_suspend
000000000e09398c g     F .text	0000000000000044 gicv2_get_pending_interrupt_type
000000000e09662c g     F .text	000000000000005c psci_system_off
000000000e094a24 g     F .text	0000000000000024 plat_qemu_gic_init
000000000e093794 g     F .text	0000000000000014 gicd_write_icenabler
000000000e09e150 g       .rodata	0000000000000000 __pubsub_cm_exited_secure_world_end
000000000e094458 g     F .text	0000000000000010 mmap_add
000000000e090184 g     F .text	00000000000000d4 bl31_warm_entrypoint
000000000e094954 g     F .text	0000000000000008 plat_get_syscnt_freq2
000000000e091a2c  w    F .text	0000000000000008 plat_panic_handler
000000000e09dd50 g       .rodata	0000000000000000 __RT_SVC_DESCS_START__
000000000e0972a8 g     F .text	0000000000000010 sve_enable_per_world
000000000e0bf8c0 g       .stacks	0000000000000000 __STACKS_END__
000000000e09e150 g       .rodata	0000000000000000 __pubsub_psci_suspend_pwrdown_start_end
000000000e0c08c0 g       .bss	0000000000000000 __PERCPU_BAKERY_LOCK_END__
000000000e090e7c g     F .text	0000000000000038 clean_dcache_range
000000000e096a3c g     F .text	000000000000012c psci_warmboot_entrypoint
000000000e097294 g     F .text	0000000000000014 sve_disable_per_world
000000000e093cf8 g     F .text	000000000000005c gpio_set_direction
000000000e09e150 g       .rodata	0000000000000000 __pubsub_cm_exited_normal_world_start
000000000e091a7c  w    F .text	0000000000000010 plat_set_my_stack
000000000e092b4c g     F .text	0000000000000060 cm_set_context_by_index
000000000e09dd90 g       .rodata	0000000000000000 __RT_SVC_DESCS_END__
000000000e09108c g     F .text	0000000000000014 cortex_a55_core_pwr_dwn
000000000e090594 g     F .text	0000000000000030 asm_print_hex
000000000e092414 g     F .text	00000000000000b0 bl31_plat_arch_setup
000000000e094748 g     F .text	0000000000000018 per_cpu_cur_compute
000000000e09232c g     F .text	00000000000000e8 bl31_main
000000000e0c0c00 g     O .per_cpu	0000000000000010 psci_cpu_pd_nodes
000000000e090ed4 g     F .text	0000000000000058 console_pl011_core_init
000000000e095e0c g     F .text	000000000000003c psci_pwrdown_cpu_end_terminal
000000000e0905cc g     F .text	0000000000000018 asm_print_str
000000000e09a800 g       .text	0000000000000000 wa_cve_vbar_neoverse_n2
000000000e094a18 g     F .text	000000000000000c plat_qemu_get_mmap
000000000e0905e4  w    F .text	0000000000000004 bl31_plat_enable_mmu
000000000e091458 g     F .text	000000000000001c disable_mmu_el3
000000000e092958 g     F .text	0000000000000004 cm_init
000000000e0919dc g     F .text	0000000000000008 plat_crash_console_flush
000000000e0970c8 g     F .text	0000000000000038 sme_init_el3
000000000e098000 g       .text	0000000000000000 runtime_exceptions
000000000e09e150 g       .rodata	0000000000000000 __pubsub_cm_exited_secure_world_start
000000000e0965e0 g     F .text	000000000000004c psci_spd_migrate_info
000000000e095ce8 g     F .text	0000000000000124 psci_print_power_domain_map
000000000e090000 g       .text	0000000000000000 RAM_REGION_START
000000000e09495c g     F .text	0000000000000044 plat_get_target_pwr_state
000000000e092f58 g     F .text	00000000000000a8 console_putc
000000000e09493c  w    F .text	0000000000000008 plat_get_soc_name
000000000e091a48 g     F .text	0000000000000034 plat_secondary_cold_boot_setup
000000000e0937a8 g     F .text	0000000000000014 gicd_write_icfgr
000000000e091a20  w    F .text	0000000000000004 plat_handle_el3_ea
000000000e0959ec g     F .text	00000000000000b0 psci_is_last_on_cpu
000000000e0919e4 g     F .text	0000000000000014 plat_crash_console_init
000000000e098680 g     F .text	0000000000000028 irq_aarch32
000000000e09740c g     F .text	0000000000000014 trf_enable
000000000e0916f8 g     F .text	0000000000000038 flush_dcache_range
000000000e092240 g     F .text	00000000000000ec bl31_early_platform_setup2
000000000e093a38 g     F .text	0000000000000110 gicv2_secure_ppi_sgi_setup_props
000000000e0972b8 g     F .text	000000000000000c sve_init_el3
000000000e09dd90 g       .rodata	0000000000000000 __PMF_SVC_DESCS_END__
000000000e092120 g     F .text	0000000000000120 backtrace
000000000e097bb8 g     F .text	0000000000000018 xlat_get_min_virt_addr_space_size
000000000e09f8a0 g       .data	0000000000000000 __RELA_END__
000000000e09f8a0 g       .data	0000000000000000 __RELA_START__
000000000e0ce000 g       .xlat_table	0000000000000000 RAM_REGION_END
000000000e0c0c10 g       .per_cpu	0000000000000000 __PER_CPU_UNIT_UNALIGNED_END_UNIT__
000000000e098180 g     F .text	0000000000000008 serror_sp_el0
000000000e0910ac g     F .text	0000000000000018 cortex_a55_reset_func
000000000e097514 g     F .text	00000000000004b4 vprintf
000000000e0933c8 g     F .text	0000000000000090 find_erratum_entry
000000000e091848 g     F .text	000000000000003c neoverse_n1_errata_ic_trap_handler
000000000e091e1c g     F .text	000000000000009c report_unhandled_exception
000000000e094f34 g     F .text	000000000000010c psci_cpu_on_finish
000000000e091424 g     F .text	0000000000000014 dcsw_op_all
000000000e094e88 g     F .text	0000000000000030 psci_cpu_off
000000000e091a34 g     F .text	0000000000000010 plat_qemu_calc_core_pos
000000000e091a44  w    F .text	0000000000000004 plat_reset_handler
000000000e091688 g     F .text	0000000000000070 enable_mmu_direct_el3
000000000e094700 g     F .text	0000000000000014 mpam_enable_per_world
000000000e09e150 g       .rodata	0000000000000000 __pubsub_cm_entering_normal_world_end
000000000e091730 g     F .text	0000000000000070 get_cpu_ops_ptr
000000000e090000 g     F .text	0000000000000184 bl31_entrypoint
000000000e09b800 g       .text	0000000000000000 wa_cve_2017_5715_mmu_vbar
000000000e09295c g     F .text	0000000000000030 cm_init_my_context
000000000e098580 g     F .text	0000000000000004 serror_aarch64
000000000e09f000 g       .rodata	0000000000000000 __RODATA_END__
000000000e090930 g     F .text	000000000000000c check_erratum_cortex_a710_3701772
000000000e0979c8 g     F .text	0000000000000028 xlat_arch_current_el
000000000e0937f4 g     F .text	000000000000004c gicv2_cpuif_disable
0000000000000000 g       *ABS*	0000000000000000 __PERCPU_BAKERY_LOCK_SIZE__
000000000e097100 g     F .text	000000000000001c spe_disable_secure
000000000e09370c g     F .text	0000000000000014 gicd_read_icfgr
000000000e097a30 g     F .text	0000000000000014 xlat_arch_get_pas
000000000e095644 g     F .text	0000000000000134 psci_do_cpu_off
000000000e0c07fc g     O .bss	0000000000000004 psci_caps
000000000e093db0 g     F .text	0000000000000008 handle_sysreg_trap
000000000e091474 g     F .text	0000000000000020 do_cpu_reg_dump
000000000e092bfc g     F .text	00000000000002c0 cm_setup_context
000000000e090000 g       .text	0000000000000000 __BL31_START__
000000000e098280 g     F .text	0000000000000004 irq_sp_elx
000000000e0c08c0 g       .bss	0000000000000000 __PMF_PERCPU_TIMESTAMP_END__
000000000e098100 g     F .text	0000000000000004 fiq_sp_el0
000000000e09c000 g       .rodata	0000000000000000 __RODATA_START__
000000000e09f89b g       .data	0000000000000000 __DATA_END__
000000000e090598 g       .text	0000000000000000 asm_print_hex_bits
000000000e0c08c0 g       .bss	0000000000000000 __BASE_XLAT_TABLE_START__
000000000e09dd90 g       .rodata	0000000000000000 __CPU_OPS_START__
000000000e093d54 g     F .text	000000000000005c gpio_set_value
000000000e0972d4 g     F .text	0000000000000070 tcr_physical_addr_size_bits
000000000e095e94 g     F .text	0000000000000018 psci_pwrdown_cpu_start
000000000e0917dc g     F .text	0000000000000038 inv_dcache_range
000000000e0913c8 g     F .text	0000000000000044 cortex_a76_reset_func
000000000e096484 g     F .text	000000000000015c psci_smc_handler
000000000e0970b8 g     F .text	0000000000000010 sme_enable_per_world
000000000e095388 g     F .text	00000000000001dc psci_cpu_suspend_start
000000000e0959bc g     F .text	0000000000000030 psci_init_req_local_pwr_states
000000000e090f84 g     F .text	000000000000001c console_pl011_putc
000000000e09e150 g       .rodata	0000000000000000 __pubsub_cm_entering_secure_world_end
000000000e0c08c0 g       .bss	0000000000000000 __BAKERY_LOCK_END__
000000000e096014 g     F .text	0000000000000080 psci_set_target_local_pwr_states
000000000e09140c g     F .text	0000000000000010 cpu_get_rev_var
000000000e095040 g     F .text	00000000000001f0 psci_cpu_on_start
000000000e095884 g     F .text	000000000000002c psci_find_max_off_lvl
000000000e097a7c g     F .text	000000000000013c xlat_desc
000000000e093734 g     F .text	0000000000000040 gicd_set_icfgr
000000000e0c07d8 g     O .bss	0000000000000020 psci_non_cpu_pd_nodes
000000000e0972c4 g     F .text	0000000000000010 tcr2_enable
000000000e0c08e0 g       .bss	0000000000000000 __BSS_END__
000000000e09e150 g       .rodata	0000000000000000 __CPU_OPS_END__
000000000e09b000 g       .text	0000000000000000 wa_cve_vbar_neoverse_v1
000000000e092bac g     F .text	0000000000000050 cm_set_next_eret_context
000000000e09e150 g       .rodata	0000000000000000 __pubsub_cm_entering_secure_world_start
000000000e094eb8 g     F .text	000000000000007c psci_cpu_on
000000000e099000 g       .text	0000000000000000 wa_cve_vbar_cortex_a72
000000000e096c80 g     F .text	0000000000000018 qemu_pwr_domain_suspend_finish
000000000e092540 g     F .text	00000000000000a8 bl31_prepare_next_image_entry
000000000e0969a0 g     F .text	000000000000009c psci_validate_suspend_req
000000000e0c07f8 g     O .bss	0000000000000004 psci_plat_core_count
000000000e095820 g     F .text	0000000000000064 psci_features
000000000e09e150 g       .rodata	0000000000000000 __GOT_END__
000000000e0943e4 g     F .text	0000000000000074 memset
000000000e09dd90 g       .rodata	0000000000000000 __PARSER_LIB_DESCS_END__
000000000e0c08c0 g       .bss	0000000000000000 __BAKERY_LOCK_START__
000000000e095930 g     F .text	000000000000008c psci_get_target_local_pwr_states
000000000e0c0900 g       .per_cpu	0000000000000000 __PER_CPU_UNIT_START__
000000000e09e150 g       .rodata	0000000000000000 __pubsub_cm_exited_normal_world_end
000000000e0bf9a0 g     O .bss	0000000000000008 psci_plat_pm_ops
000000000e094944  w    F .text	0000000000000008 plat_get_soc_revision
000000000e0979f0 g     F .text	0000000000000040 xlat_arch_get_max_supported_pa
000000000e09e150 g       .rodata	0000000000000000 __pubsub_psci_suspend_pwrdown_start_start
000000000e095564 g     F .text	00000000000000e0 psci_cpu_suspend_to_powerdown_finish
000000000e09e150 g       .rodata	0000000000000000 __GOT_START__
000000000e093458 g     F .text	0000000000000030 get_arm_std_svc_args
000000000e09e150 g       .rodata	0000000000000000 __pubsub_cm_entering_normal_world_start
0000000000000000 g       *ABS*	0000000000000000 __PERCPU_TIMESTAMP_SIZE__
000000000e09711c g     F .text	000000000000001c spe_enable_ns
000000000e09c000 g       .text	0000000000000000 __TEXT_END__
000000000e095af0 g     F .text	0000000000000084 psci_mem_protect
000000000e09dd90 g       .rodata	0000000000000000 __FCONF_POPULATOR_END__
000000000e0929e0 g     F .text	00000000000000c8 cm_manage_extensions_per_world
000000000e0935b0 g     F .text	000000000000003c get_interrupt_type_handler
000000000e094930 g     F .text	000000000000000c plat_get_power_domain_tree_desc
000000000e093b48 g     F .text	00000000000000cc gicv2_secure_spis_configure_props
000000000e0937d0 g     F .text	0000000000000010 gicd_write_ipriorityr
000000000e091f50 g     F .text	0000000000000050 restore_el3_runtime_regs
000000000e092990 g     F .text	0000000000000050 cm_manage_extensions_el3
000000000e095c6c g     F .text	000000000000007c psci_node_hw_state
000000000e0c08e0 g       .bss	0000000000000000 __BASE_XLAT_TABLE_END__
000000000e0c0900 g       .per_cpu	0000000000000000 __PER_CPU_START__
000000000e090eb4 g     F .text	0000000000000020 console_pl011_core_flush
000000000e091448 g     F .text	0000000000000010 dcsw_op_level2
000000000e092ebc g     F .text	0000000000000054 console_flush
000000000e098300 g     F .text	0000000000000004 fiq_sp_elx
000000000e098400 g     F .text	0000000000000034 sync_exception_aarch64
000000000e098500 g     F .text	0000000000000028 fiq_aarch64
000000000e0919c0 g     F .text	000000000000001c per_cpu_base
000000000e097094 g     F .text	0000000000000014 sme_disable_per_world
000000000e096b90 g     F .text	0000000000000040 qemu_console_init
000000000e093720 g     F .text	0000000000000014 gicd_read_igroupr
000000000e0930a4 g     F .text	000000000000000c console_switch_state
000000000e094b60 g     F .text	00000000000001d8 print_errata_status
000000000e09717c g     F .text	0000000000000010 spin_unlock
000000000e091a8c g     F .text	00000000000000d0 prepare_el3_entry
000000000e09e150 g       .rodata	0000000000000000 __RODATA_END_UNALIGNED__
000000000e0bf8c0 g       .bss	0000000000000000 __BSS_START__
000000000e096c9c g     F .text	0000000000000014 qemu_pwr_gic_on_finish
000000000e0944a4 g     F .text	000000000000025c mmap_add_region_ctx
000000000e09dd90 g       .rodata	0000000000000000 __PMF_SVC_DESCS_START__
000000000e0919f8 g     F .text	0000000000000008 plat_crash_console_putc
000000000e0c0900 g     O .per_cpu	0000000000000040 percpu_data
000000000e096c98 g     F .text	0000000000000004 qemu_pwr_gic_off
000000000e097138 g     F .text	0000000000000020 spin_lock
000000000e092f10 g     F .text	0000000000000048 console_is_registered
000000000e0bf980 g     O .bss	0000000000000020 per_world_context
000000000e095eac g     F .text	0000000000000030 psci_query_sys_suspend_pwrstate
000000000e0930f4 g     F .text	000000000000028c create_spsr
000000000e094274 g     F .text	000000000000008c is_mmu_enabled_ctx
000000000e097344 g     F .text	00000000000000c8 tf_log
000000000e0c0c40 g       .per_cpu	0000000000000000 __PER_CPU_UNIT_END__
000000000e09e150 g       .rodata	0000000000000000 __pubsub_psci_cpu_on_finish_start
000000000e090fa0 g     F .text	0000000000000048 console_pl011_register
000000000e093e10 g     F .text	0000000000000148 handler_sync_exception
000000000e09dd90 g       .rodata	0000000000000000 __FCONF_POPULATOR_START__
0000000000070000 g       *ABS*	0000000000000000 RAM_REGION_LENGTH
000000000e093690 g     F .text	000000000000004c get_scr_el3_from_routing_model
000000000e0ce000 g       .xlat_table	0000000000000000 __RW_END__
000000000e0925e8 g     F .text	0000000000000034 bl31_warmboot
000000000e092520 g     F .text	0000000000000020 bl31_platform_setup
000000000e091c24 g     F .text	00000000000001f8 report_el3_panic
000000000e09f8c0 g       .stacks	0000000000000000 __STACKS_START__
000000000e095778 g     F .text	00000000000000a8 psci_do_state_coordination
000000000e0966e4 g     F .text	00000000000000c0 psci_system_reset2
000000000e093380 g     F .text	0000000000000048 enable_mmu_el3
000000000e098780 g     F .text	0000000000000004 serror_aarch32
000000000e094a64 g     F .text	0000000000000028 pmuv3_enable
000000000e0c08c0 g       .bss	0000000000000000 __PMF_TIMESTAMP_END__
000000000e093fc0 g     F .text	00000000000001b0 init_xlat_tables_ctx
000000000e0935ec g     F .text	00000000000000a4 get_mode_str
000000000e09e150 g       .rodata	0000000000000000 __pubsub_psci_suspend_pwrdown_finish_start
000000000e0ce000 g       .xlat_table	0000000000000000 __XLAT_TABLE_END__
000000000e091a24 g     F .text	0000000000000008 plat_my_core_pos
000000000e093904 g     F .text	0000000000000088 gicv2_driver_init
000000000e097084 g     F .text	0000000000000010 sme_disable
000000000e096da4 g     F .text	0000000000000170 runtime_svc_init
000000000e0939d0 g     F .text	0000000000000068 gicv2_pcpu_distif_init
000000000e098480 g     F .text	0000000000000028 irq_aarch64
000000000e095c24 g     F .text	000000000000001c psci_migrate_info_type
000000000e0930b0 g     F .text	0000000000000044 cpu_data_init_cpu_ops
000000000e09494c  w    F .text	0000000000000008 plat_get_soc_version
000000000e090258 g     F .text	0000000000000030 __assert
000000000e095a9c g     F .text	0000000000000054 psci_mem_chk_range
000000000e091654 g     F .text	0000000000000034 el3_panic
000000000e0936dc g     F .text	0000000000000030 gicd_clr_igroupr
000000000e097bd0 g     F .text	0000000000000004 xlat_mmap_print
000000000e093cb0 g     F .text	0000000000000048 gpio_init
000000000e094d8c g     F .text	000000000000006c psci_acquire_pwr_domain_locks
000000000e09e150 g       .rodata	0000000000000000 __pubsub_psci_cpu_on_finish_end
000000000e0bf970 g     O .bss	0000000000000008 console_list
000000000e095f34 g     F .text	0000000000000098 psci_set_pwr_domains_to_run
000000000e0937bc g     F .text	0000000000000014 gicd_write_igroupr
000000000e091eb8 g     F .text	0000000000000098 report_unhandled_interrupt
000000000e098700 g     F .text	0000000000000028 fiq_aarch32
000000000e0c08c0 g       .bss	0000000000000000 __PERCPU_BAKERY_LOCK_START__
000000000e091a04  w    F .text	000000000000001c plat_get_my_stack
000000000e090000 g       .text	0000000000000000 __TEXT_START__
000000000e094808 g     F .text	0000000000000030 pl061_gpio_register
000000000e09dd90 g       .rodata	0000000000000000 __PARSER_LIB_DESCS_START__
000000000e0bf9a8 g     O .bss	0000000000000008 psci_spd_pm



Disassembly of section .text:

000000000e090000 <bl31_entrypoint>:
 e090000:	aa0003f4 	mov	x20, x0
 e090004:	aa0103f5 	mov	x21, x1
 e090008:	aa0203f6 	mov	x22, x2
 e09000c:	aa0303f7 	mov	x23, x3
 e090010:	1003ff80 	adr	x0, e098000 <sync_exception_sp_el0>
 e090014:	d51ec000 	msr	vbar_el3, x0
 e090018:	d5033fdf 	isb
 e09001c:	9400068a 	bl	e091a44 <plat_reset_handler>
 e090020:	940005c4 	bl	e091730 <get_cpu_ops_ptr>
 e090024:	f9400402 	ldr	x2, [x0, #8]
 e090028:	d63f0040 	blr	x2
 e09002c:	d2820141 	mov	x1, #0x100a                	// #4106
 e090030:	d53e1000 	mrs	x0, sctlr_el3
 e090034:	aa010000 	orr	x0, x0, x1
 e090038:	d51e1000 	msr	sctlr_el3, x0
 e09003c:	d5033fdf 	isb
 e090040:	d5380761 	mrs	x1, id_aa64mmfr3_el1
 e090044:	f27c0c21 	ands	x1, x1, #0xf0
 e090048:	54000060 	b.eq	e090054 <feat_sctlr2_not_supported4>  // b.none
 e09004c:	d2800001 	mov	x1, #0x0                   	// #0
 e090050:	d51e1061 	msr	sctlr2_el3, x1

000000000e090054 <feat_sctlr2_not_supported4>:
 e090054:	94000674 	bl	e091a24 <plat_my_core_pos>
 e090058:	9400065a 	bl	e0919c0 <per_cpu_base>
 e09005c:	d51ed040 	msr	tpidr_el3, x0
 e090060:	d2800600 	mov	x0, #0x30                  	// #48
 e090064:	d51e1100 	msr	scr_el3, x0
 e090068:	d2a20000 	mov	x0, #0x10000000            	// #268435456
 e09006c:	d51e1320 	msr	mdcr_el3, x0
 e090070:	d2a80200 	mov	x0, #0x40100000            	// #1074790400
 e090074:	d51e1140 	msr	cptr_el3, x0
 e090078:	d50344ff 	msr	daifclr, #0x4
 e09007c:	d53e132f 	mrs	x15, mdcr_el3
 e090080:	b27001ef 	orr	x15, x15, #0x10000
 e090084:	d51e132f 	msr	mdcr_el3, x15
 e090088:	d53e110f 	mrs	x15, scr_el3
 e09008c:	b27d01ef 	orr	x15, x15, #0x8
 e090090:	b27701ef 	orr	x15, x15, #0x200
 e090094:	9257f9ef 	and	x15, x15, #0xfffffeffffffffff
 e090098:	d51e110f 	msr	scr_el3, x15
 e09009c:	d53b9c0f 	mrs	x15, pmcr_el0
 e0900a0:	b27b01ef 	orr	x15, x15, #0x20
 e0900a4:	d51b9c0f 	msr	pmcr_el0, x15
 e0900a8:	d53e114f 	mrs	x15, cptr_el3
 e0900ac:	b27801ef 	orr	x15, x15, #0x100
 e0900b0:	b27601ef 	orr	x15, x15, #0x400
 e0900b4:	b27401ef 	orr	x15, x15, #0x1000
 e0900b8:	d51e114f 	msr	cptr_el3, x15
 e0900bc:	d538040f 	mrs	x15, id_aa64pfr0_el1
 e0900c0:	d370cdef 	ubfx	x15, x15, #48, #4
 e0900c4:	b400006f 	cbz	x15, e0900d0 <feat_sctlr2_not_supported4+0x7c>
 e0900c8:	d2a0200f 	mov	x15, #0x1000000             	// #16777216
 e0900cc:	d51b42af 	msr	dit, x15
 e0900d0:	d5033fdf 	isb
 e0900d4:	f0000060 	adrp	x0, e09f000 <tf_xlat_ctx>
 e0900d8:	91000000 	add	x0, x0, #0x0
 e0900dc:	d00001e1 	adrp	x1, e0ce000 <RAM_REGION_END>
 e0900e0:	91000021 	add	x1, x1, #0x0
 e0900e4:	cb000021 	sub	x1, x1, x0
 e0900e8:	940005bd 	bl	e0917dc <inv_dcache_range>
 e0900ec:	90000180 	adrp	x0, e0c0000 <warmboot_ep_info+0x650>
 e0900f0:	91240000 	add	x0, x0, #0x900
 e0900f4:	f00001a1 	adrp	x1, e0c7000 <__PER_CPU_UNIT_END__+0x63c0>
 e0900f8:	91040021 	add	x1, x1, #0x100
 e0900fc:	cb000021 	sub	x1, x1, x0
 e090100:	940007c1 	bl	e092004 <zeromem>
 e090104:	f0000160 	adrp	x0, e0bf000 <__STACKS_START__+0x1f740>
 e090108:	91230000 	add	x0, x0, #0x8c0
 e09010c:	90000181 	adrp	x1, e0c0000 <warmboot_ep_info+0x650>
 e090110:	91238021 	add	x1, x1, #0x8e0
 e090114:	cb000021 	sub	x1, x1, x0
 e090118:	940007bb 	bl	e092004 <zeromem>
 e09011c:	d50040bf 	msr	spsel, #0x0
 e090120:	94000657 	bl	e091a7c <plat_set_my_stack>
 e090124:	aa1403e0 	mov	x0, x20
 e090128:	aa1503e1 	mov	x1, x21
 e09012c:	aa1603e2 	mov	x2, x22
 e090130:	aa1703e3 	mov	x3, x23
 e090134:	9400087e 	bl	e09232c <bl31_main>
 e090138:	f0000060 	adrp	x0, e09f000 <tf_xlat_ctx>
 e09013c:	91000000 	add	x0, x0, #0x0
 e090140:	f0000061 	adrp	x1, e09f000 <tf_xlat_ctx>
 e090144:	91226c21 	add	x1, x1, #0x89b
 e090148:	cb000021 	sub	x1, x1, x0
 e09014c:	9400034c 	bl	e090e7c <clean_dcache_range>
 e090150:	f0000160 	adrp	x0, e0bf000 <__STACKS_START__+0x1f740>
 e090154:	91230000 	add	x0, x0, #0x8c0
 e090158:	90000181 	adrp	x1, e0c0000 <warmboot_ep_info+0x650>
 e09015c:	91238021 	add	x1, x1, #0x8e0
 e090160:	cb000021 	sub	x1, x1, x0
 e090164:	94000346 	bl	e090e7c <clean_dcache_range>
 e090168:	90000180 	adrp	x0, e0c0000 <warmboot_ep_info+0x650>
 e09016c:	91240000 	add	x0, x0, #0x900
 e090170:	f00001a1 	adrp	x1, e0c7000 <__PER_CPU_UNIT_END__+0x63c0>
 e090174:	91040021 	add	x1, x1, #0x100
 e090178:	cb000021 	sub	x1, x1, x0
 e09017c:	94000340 	bl	e090e7c <clean_dcache_range>
 e090180:	14000504 	b	e091590 <el3_exit>

000000000e090184 <bl31_warm_entrypoint>:
 e090184:	1003f3e0 	adr	x0, e098000 <sync_exception_sp_el0>
 e090188:	d51ec000 	msr	vbar_el3, x0
 e09018c:	d5033fdf 	isb
 e090190:	9400062d 	bl	e091a44 <plat_reset_handler>
 e090194:	94000567 	bl	e091730 <get_cpu_ops_ptr>
 e090198:	f9400402 	ldr	x2, [x0, #8]
 e09019c:	d63f0040 	blr	x2
 e0901a0:	d2820141 	mov	x1, #0x100a                	// #4106
 e0901a4:	d53e1000 	mrs	x0, sctlr_el3
 e0901a8:	aa010000 	orr	x0, x0, x1
 e0901ac:	d51e1000 	msr	sctlr_el3, x0
 e0901b0:	d5033fdf 	isb
 e0901b4:	d5380761 	mrs	x1, id_aa64mmfr3_el1
 e0901b8:	f27c0c21 	ands	x1, x1, #0xf0
 e0901bc:	54000060 	b.eq	e0901c8 <feat_sctlr2_not_supported33>  // b.none
 e0901c0:	d2800001 	mov	x1, #0x0                   	// #0
 e0901c4:	d51e1061 	msr	sctlr2_el3, x1

000000000e0901c8 <feat_sctlr2_not_supported33>:
 e0901c8:	94000617 	bl	e091a24 <plat_my_core_pos>
 e0901cc:	940005fd 	bl	e0919c0 <per_cpu_base>
 e0901d0:	d51ed040 	msr	tpidr_el3, x0
 e0901d4:	d2800600 	mov	x0, #0x30                  	// #48
 e0901d8:	d51e1100 	msr	scr_el3, x0
 e0901dc:	d2a20000 	mov	x0, #0x10000000            	// #268435456
 e0901e0:	d51e1320 	msr	mdcr_el3, x0
 e0901e4:	d2a80200 	mov	x0, #0x40100000            	// #1074790400
 e0901e8:	d51e1140 	msr	cptr_el3, x0
 e0901ec:	d50344ff 	msr	daifclr, #0x4
 e0901f0:	d53e132f 	mrs	x15, mdcr_el3
 e0901f4:	b27001ef 	orr	x15, x15, #0x10000
 e0901f8:	d51e132f 	msr	mdcr_el3, x15
 e0901fc:	d53e110f 	mrs	x15, scr_el3
 e090200:	b27d01ef 	orr	x15, x15, #0x8
 e090204:	b27701ef 	orr	x15, x15, #0x200
 e090208:	9257f9ef 	and	x15, x15, #0xfffffeffffffffff
 e09020c:	d51e110f 	msr	scr_el3, x15
 e090210:	d53b9c0f 	mrs	x15, pmcr_el0
 e090214:	b27b01ef 	orr	x15, x15, #0x20
 e090218:	d51b9c0f 	msr	pmcr_el0, x15
 e09021c:	d53e114f 	mrs	x15, cptr_el3
 e090220:	b27801ef 	orr	x15, x15, #0x100
 e090224:	b27601ef 	orr	x15, x15, #0x400
 e090228:	b27401ef 	orr	x15, x15, #0x1000
 e09022c:	d51e114f 	msr	cptr_el3, x15
 e090230:	d538040f 	mrs	x15, id_aa64pfr0_el1
 e090234:	d370cdef 	ubfx	x15, x15, #48, #4
 e090238:	b400006f 	cbz	x15, e090244 <feat_sctlr2_not_supported33+0x7c>
 e09023c:	d2a0200f 	mov	x15, #0x1000000             	// #16777216
 e090240:	d51b42af 	msr	dit, x15
 e090244:	d5033fdf 	isb
 e090248:	d50040bf 	msr	spsel, #0x0
 e09024c:	9400060c 	bl	e091a7c <plat_set_my_stack>
 e090250:	940008e6 	bl	e0925e8 <bl31_warmboot>
 e090254:	140004cf 	b	e091590 <el3_exit>

000000000e090258 <__assert>:
 e090258:	a9bf7bfd 	stp	x29, x30, [sp, #-16]!
 e09025c:	2a0103e2 	mov	w2, w1
 e090260:	aa0003e1 	mov	x1, x0
 e090264:	910003fd 	mov	x29, sp
 e090268:	b0000060 	adrp	x0, e09d000 <qemu_pm_idle_states+0x3fc>
 e09026c:	911e3c00 	add	x0, x0, #0x78f
 e090270:	940012b2 	bl	e094d38 <printf>
 e090274:	b0000060 	adrp	x0, e09d000 <qemu_pm_idle_states+0x3fc>
 e090278:	911e7800 	add	x0, x0, #0x79e
 e09027c:	940007a9 	bl	e092120 <backtrace>
 e090280:	94000b0f 	bl	e092ebc <console_flush>
 e090284:	940005ea 	bl	e091a2c <plat_panic_handler>

000000000e090288 <arm_arch_svc_smc_handler>:
 e090288:	a9b57bfd 	stp	x29, x30, [sp, #-176]!
 e09028c:	2a0003e2 	mov	w2, w0
 e090290:	aa0103e0 	mov	x0, x1
 e090294:	910003fd 	mov	x29, sp
 e090298:	52800081 	mov	w1, #0x4                   	// #4
 e09029c:	f9000bf3 	str	x19, [sp, #16]
 e0902a0:	72b00001 	movk	w1, #0x8000, lsl #16
 e0902a4:	aa0603f3 	mov	x19, x6
 e0902a8:	6b01005f 	cmp	w2, w1
 e0902ac:	54000340 	b.eq	e090314 <arm_arch_svc_smc_handler+0x8c>  // b.none
 e0902b0:	54000208 	b.hi	e0902f0 <arm_arch_svc_smc_handler+0x68>  // b.pmore
 e0902b4:	320107e3 	mov	w3, #0x80000001            	// #-2147483647
 e0902b8:	6b03005f 	cmp	w2, w3
 e0902bc:	540004c0 	b.eq	e090354 <arm_arch_svc_smc_handler+0xcc>  // b.none
 e0902c0:	11000463 	add	w3, w3, #0x1
 e0902c4:	6b03005f 	cmp	w2, w3
 e0902c8:	54000360 	b.eq	e090334 <arm_arch_svc_smc_handler+0xac>  // b.none
 e0902cc:	51001021 	sub	w1, w1, #0x4
 e0902d0:	6b01005f 	cmp	w2, w1
 e0902d4:	54000380 	b.eq	e090344 <arm_arch_svc_smc_handler+0xbc>  // b.none
 e0902d8:	2a0203e1 	mov	w1, w2
 e0902dc:	b0000060 	adrp	x0, e09d000 <qemu_pm_idle_states+0x3fc>
 e0902e0:	911bdc00 	add	x0, x0, #0x6f7
 e0902e4:	94001c18 	bl	e097344 <tf_log>
 e0902e8:	92800000 	mov	x0, #0xffffffffffffffff    	// #-1
 e0902ec:	14000018 	b	e09034c <arm_arch_svc_smc_handler+0xc4>
 e0902f0:	320183e1 	mov	w1, #0x80008000            	// #-2147450880
 e0902f4:	6b01005f 	cmp	w2, w1
 e0902f8:	54000168 	b.hi	e090324 <arm_arch_svc_smc_handler+0x9c>  // b.pmore
 e0902fc:	32013fe0 	mov	w0, #0x80007fff            	// #-2147450881
 e090300:	6b00005f 	cmp	w2, w0
 e090304:	54000082 	b.cs	e090314 <arm_arch_svc_smc_handler+0x8c>  // b.hs, b.nlast
 e090308:	32013be0 	mov	w0, #0x80003fff            	// #-2147467265
 e09030c:	6b00005f 	cmp	w2, w0
 e090310:	54fffe41 	b.ne	e0902d8 <arm_arch_svc_smc_handler+0x50>  // b.any
 e090314:	aa1303e0 	mov	x0, x19
 e090318:	f9400bf3 	ldr	x19, [sp, #16]
 e09031c:	a8cb7bfd 	ldp	x29, x30, [sp], #176
 e090320:	d65f03c0 	ret
 e090324:	52800041 	mov	w1, #0x2                   	// #2
 e090328:	72b80001 	movk	w1, #0xc000, lsl #16
 e09032c:	6b01005f 	cmp	w2, w1
 e090330:	54fffd41 	b.ne	e0902d8 <arm_arch_svc_smc_handler+0x50>  // b.any
 e090334:	f100041f 	cmp	x0, #0x1
 e090338:	54000721 	b.ne	e09041c <arm_arch_svc_smc_handler+0x194>  // b.any
 e09033c:	94001182 	bl	e094944 <plat_get_soc_revision>
 e090340:	14000014 	b	e090390 <arm_arch_svc_smc_handler+0x108>
 e090344:	d28000a0 	mov	x0, #0x5                   	// #5
 e090348:	f2a00020 	movk	x0, #0x1, lsl #16
 e09034c:	f9000260 	str	x0, [x19]
 e090350:	17fffff1 	b	e090314 <arm_arch_svc_smc_handler+0x8c>
 e090354:	32013be1 	mov	w1, #0x80003fff            	// #-2147467265
 e090358:	eb01001f 	cmp	x0, x1
 e09035c:	54000440 	b.eq	e0903e4 <arm_arch_svc_smc_handler+0x15c>  // b.none
 e090360:	54000268 	b.hi	e0903ac <arm_arch_svc_smc_handler+0x124>  // b.pmore
 e090364:	d2800041 	mov	x1, #0x2                   	// #2
 e090368:	f2b00001 	movk	x1, #0x8000, lsl #16
 e09036c:	eb01001f 	cmp	x0, x1
 e090370:	54000360 	b.eq	e0903dc <arm_arch_svc_smc_handler+0x154>  // b.none
 e090374:	32010be2 	mov	w2, #0x80000003            	// #-2147483645
 e090378:	eb02001f 	cmp	x0, x2
 e09037c:	540000e2 	b.cs	e090398 <arm_arch_svc_smc_handler+0x110>  // b.hs, b.nlast
 e090380:	b26183e1 	mov	x1, #0xffffffff80000000    	// #-2147483648
 e090384:	8b010000 	add	x0, x0, x1
 e090388:	f100041f 	cmp	x0, #0x1
 e09038c:	5a9f93e0 	csetm	w0, hi	// hi = pmore
 e090390:	93407c00 	sxtw	x0, w0
 e090394:	17ffffee 	b	e09034c <arm_arch_svc_smc_handler+0xc4>
 e090398:	91000821 	add	x1, x1, #0x2
 e09039c:	eb01001f 	cmp	x0, x1
 e0903a0:	540002e0 	b.eq	e0903fc <arm_arch_svc_smc_handler+0x174>  // b.none
 e0903a4:	12800000 	mov	w0, #0xffffffff            	// #-1
 e0903a8:	17fffffa 	b	e090390 <arm_arch_svc_smc_handler+0x108>
 e0903ac:	32013fe1 	mov	w1, #0x80007fff            	// #-2147450881
 e0903b0:	eb01001f 	cmp	x0, x1
 e0903b4:	54000300 	b.eq	e090414 <arm_arch_svc_smc_handler+0x18c>  // b.none
 e0903b8:	320183e1 	mov	w1, #0x80008000            	// #-2147450880
 e0903bc:	eb01001f 	cmp	x0, x1
 e0903c0:	54ffff21 	b.ne	e0903a4 <arm_arch_svc_smc_handler+0x11c>  // b.any
 e0903c4:	5282ca61 	mov	w1, #0x1653                	// #5715
 e0903c8:	5280fc20 	mov	w0, #0x7e1                 	// #2017
 e0903cc:	94000894 	bl	e09261c <check_erratum_applies>
 e0903d0:	7100001f 	cmp	w0, #0x0
 e0903d4:	1a9f17e0 	cset	w0, eq	// eq = none
 e0903d8:	17ffffee 	b	e090390 <arm_arch_svc_smc_handler+0x108>
 e0903dc:	94001181 	bl	e0949e0 <plat_is_smccc_feature_available>
 e0903e0:	17ffffec 	b	e090390 <arm_arch_svc_smc_handler+0x108>
 e0903e4:	52800061 	mov	w1, #0x3                   	// #3
 e0903e8:	52800000 	mov	w0, #0x0                   	// #0
 e0903ec:	9400088c 	bl	e09261c <check_erratum_applies>
 e0903f0:	34fffea0 	cbz	w0, e0903c4 <arm_arch_svc_smc_handler+0x13c>
 e0903f4:	52800000 	mov	w0, #0x0                   	// #0
 e0903f8:	17ffffe6 	b	e090390 <arm_arch_svc_smc_handler+0x108>
 e0903fc:	5283d921 	mov	w1, #0x1ec9                	// #7881
 e090400:	5280fd00 	mov	w0, #0x7e8                 	// #2024
 e090404:	94000886 	bl	e09261c <check_erratum_applies>
 e090408:	7100041f 	cmp	w0, #0x1
 e09040c:	5a9f03e0 	csetm	w0, ne	// ne = any
 e090410:	17ffffe0 	b	e090390 <arm_arch_svc_smc_handler+0x108>
 e090414:	12800020 	mov	w0, #0xfffffffe            	// #-2
 e090418:	17ffffde 	b	e090390 <arm_arch_svc_smc_handler+0x108>
 e09041c:	b5000060 	cbnz	x0, e090428 <arm_arch_svc_smc_handler+0x1a0>
 e090420:	9400114b 	bl	e09494c <plat_get_soc_version>
 e090424:	17ffffdb 	b	e090390 <arm_arch_svc_smc_handler+0x108>
 e090428:	f262005f 	tst	x2, #0x40000000
 e09042c:	fa421800 	ccmp	x0, #0x2, #0x0, ne	// ne = any
 e090430:	54000581 	b.ne	e0904e0 <arm_arch_svc_smc_handler+0x258>  // b.any
 e090434:	d2801102 	mov	x2, #0x88                  	// #136
 e090438:	52800001 	mov	w1, #0x0                   	// #0
 e09043c:	9100a3e0 	add	x0, sp, #0x28
 e090440:	94000fe9 	bl	e0943e4 <memset>
 e090444:	9100a3e0 	add	x0, sp, #0x28
 e090448:	9400113d 	bl	e09493c <plat_get_soc_name>
 e09044c:	35fffa20 	cbnz	w0, e090390 <arm_arch_svc_smc_handler+0x108>
 e090450:	f94033e0 	ldr	x0, [sp, #96]
 e090454:	f9002260 	str	x0, [x19, #64]
 e090458:	f94037e0 	ldr	x0, [sp, #104]
 e09045c:	f9002660 	str	x0, [x19, #72]
 e090460:	f9403be0 	ldr	x0, [sp, #112]
 e090464:	f9002a60 	str	x0, [x19, #80]
 e090468:	f9403fe0 	ldr	x0, [sp, #120]
 e09046c:	f9002e60 	str	x0, [x19, #88]
 e090470:	f94043e0 	ldr	x0, [sp, #128]
 e090474:	f9003260 	str	x0, [x19, #96]
 e090478:	f94047e0 	ldr	x0, [sp, #136]
 e09047c:	f9003660 	str	x0, [x19, #104]
 e090480:	f9404be0 	ldr	x0, [sp, #144]
 e090484:	f9003a60 	str	x0, [x19, #112]
 e090488:	f9404fe0 	ldr	x0, [sp, #152]
 e09048c:	f9003e60 	str	x0, [x19, #120]
 e090490:	f94053e0 	ldr	x0, [sp, #160]
 e090494:	f9004260 	str	x0, [x19, #128]
 e090498:	f94057e0 	ldr	x0, [sp, #168]
 e09049c:	f9004660 	str	x0, [x19, #136]
 e0904a0:	f9402fe0 	ldr	x0, [sp, #88]
 e0904a4:	f9001e60 	str	x0, [x19, #56]
 e0904a8:	f9402be0 	ldr	x0, [sp, #80]
 e0904ac:	f9001a60 	str	x0, [x19, #48]
 e0904b0:	f94027e0 	ldr	x0, [sp, #72]
 e0904b4:	f9001660 	str	x0, [x19, #40]
 e0904b8:	f94023e0 	ldr	x0, [sp, #64]
 e0904bc:	f9001260 	str	x0, [x19, #32]
 e0904c0:	f9401fe0 	ldr	x0, [sp, #56]
 e0904c4:	f9000e60 	str	x0, [x19, #24]
 e0904c8:	f9401be0 	ldr	x0, [sp, #48]
 e0904cc:	f9000a60 	str	x0, [x19, #16]
 e0904d0:	f94017e0 	ldr	x0, [sp, #40]
 e0904d4:	f9000660 	str	x0, [x19, #8]
 e0904d8:	d2800000 	mov	x0, #0x0                   	// #0
 e0904dc:	17ffff9c 	b	e09034c <arm_arch_svc_smc_handler+0xc4>
 e0904e0:	92800040 	mov	x0, #0xfffffffffffffffd    	// #-3
 e0904e4:	17ffff9a 	b	e09034c <arm_arch_svc_smc_handler+0xc4>

000000000e0904e8 <aem_generic_cluster_pwr_dwn>:
 e0904e8:	d2800020 	mov	x0, #0x1                   	// #1
 e0904ec:	140003ce 	b	e091424 <dcsw_op_all>

000000000e0904f0 <aem_generic_core_pwr_dwn>:
 e0904f0:	d5390021 	mrs	x1, clidr_el1
 e0904f4:	f27a083f 	tst	x1, #0x1c0
 e0904f8:	d2800020 	mov	x0, #0x1                   	// #1
 e0904fc:	540079e0 	b.eq	e091438 <dcsw_op_level1>  // b.none
 e090500:	aa1e03f2 	mov	x18, x30
 e090504:	940003cd 	bl	e091438 <dcsw_op_level1>
 e090508:	aa1203fe 	mov	x30, x18
 e09050c:	d2800020 	mov	x0, #0x1                   	// #1
 e090510:	140003ce 	b	e091448 <dcsw_op_level2>

000000000e090514 <aem_generic_cpu_reg_dump>:
 e090514:	3006b166 	adr	x6, e09db41 <aem_generic_regs>
 e090518:	d65f03c0 	ret

000000000e09051c <aem_generic_reset_func>:
 e09051c:	aa1e03ef 	mov	x15, x30
 e090520:	d5380000 	mrs	x0, midr_el1
 e090524:	d3505c0e 	ubfx	x14, x0, #16, #8
 e090528:	b3400c0e 	bfxil	x14, x0, #0, #4
 e09052c:	d5033fdf 	isb
 e090530:	d65f01e0 	ret	x15

000000000e090534 <asm_assert>:
 e090534:	aa0003e5 	mov	x5, x0
 e090538:	aa0103e6 	mov	x6, x1
 e09053c:	9400052a 	bl	e0919e4 <plat_crash_console_init>
 e090540:	b4000260 	cbz	x0, e09058c <_assert_loop>
 e090544:	5006ac84 	adr	x4, e09dad6 <assert_msg1>
 e090548:	94000021 	bl	e0905cc <asm_print_str>
 e09054c:	aa0503e4 	mov	x4, x5
 e090550:	9400001f 	bl	e0905cc <asm_print_str>
 e090554:	1006ac84 	adr	x4, e09dae4 <assert_msg2>
 e090558:	9400001d 	bl	e0905cc <asm_print_str>
 e09055c:	f270bcdf 	tst	x6, #0xffffffffffff0000
 e090560:	54000161 	b.ne	e09058c <_assert_loop>  // b.any
 e090564:	aa0603e4 	mov	x4, x6
 e090568:	d2800146 	mov	x6, #0xa                   	// #10
 e09056c:	d284e205 	mov	x5, #0x2710                	// #10000

000000000e090570 <dec_print_loop>:
 e090570:	9ac50880 	udiv	x0, x4, x5
 e090574:	9b059004 	msub	x4, x0, x5, x4
 e090578:	9100c000 	add	x0, x0, #0x30
 e09057c:	9400051f 	bl	e0919f8 <plat_crash_console_putc>
 e090580:	9ac608a5 	udiv	x5, x5, x6
 e090584:	b5ffff65 	cbnz	x5, e090570 <dec_print_loop>
 e090588:	94000515 	bl	e0919dc <plat_crash_console_flush>

000000000e09058c <_assert_loop>:
 e09058c:	94000528 	bl	e091a2c <plat_panic_handler>
 e090590:	d503201f 	nop

000000000e090594 <asm_print_hex>:
 e090594:	d2800805 	mov	x5, #0x40                  	// #64

000000000e090598 <asm_print_hex_bits>:
 e090598:	aa1e03e3 	mov	x3, x30
 e09059c:	d10010a5 	sub	x5, x5, #0x4
 e0905a0:	9ac52480 	lsr	x0, x4, x5
 e0905a4:	92400c00 	and	x0, x0, #0xf
 e0905a8:	f100281f 	cmp	x0, #0xa
 e0905ac:	54000043 	b.cc	e0905b4 <asm_print_hex_bits+0x1c>  // b.lo, b.ul, b.last
 e0905b0:	91009c00 	add	x0, x0, #0x27
 e0905b4:	9100c000 	add	x0, x0, #0x30
 e0905b8:	94000510 	bl	e0919f8 <plat_crash_console_putc>
 e0905bc:	b5ffff05 	cbnz	x5, e09059c <asm_print_hex_bits+0x4>
 e0905c0:	d65f0060 	ret	x3

000000000e0905c4 <asm_print_newline>:
 e0905c4:	d2800140 	mov	x0, #0xa                   	// #10
 e0905c8:	1400050c 	b	e0919f8 <plat_crash_console_putc>

000000000e0905cc <asm_print_str>:
 e0905cc:	aa1e03e3 	mov	x3, x30
 e0905d0:	38401480 	ldrb	w0, [x4], #1
 e0905d4:	b4000060 	cbz	x0, e0905e0 <asm_print_str+0x14>
 e0905d8:	94000508 	bl	e0919f8 <plat_crash_console_putc>
 e0905dc:	17fffffd 	b	e0905d0 <asm_print_str+0x4>
 e0905e0:	d65f0060 	ret	x3

000000000e0905e4 <bl31_plat_enable_mmu>:
 e0905e4:	14000429 	b	e091688 <enable_mmu_direct_el3>

000000000e0905e8 <check_erratum_cortex_a53_1530924>:
 e0905e8:	d2800040 	mov	x0, #0x2                   	// #2
 e0905ec:	d65f03c0 	ret

000000000e0905f0 <check_erratum_cortex_a53_819472>:
 e0905f0:	f100041f 	cmp	x0, #0x1
 e0905f4:	9a9f87e0 	cset	x0, ls	// ls = plast
 e0905f8:	d65f03c0 	ret

000000000e0905fc <check_erratum_cortex_a53_824069>:
 e0905fc:	f100081f 	cmp	x0, #0x2
 e090600:	9a9f87e0 	cset	x0, ls	// ls = plast
 e090604:	d65f03c0 	ret

000000000e090608 <check_erratum_cortex_a53_826319>:
 e090608:	f100081f 	cmp	x0, #0x2
 e09060c:	9a9f87e0 	cset	x0, ls	// ls = plast
 e090610:	d65f03c0 	ret

000000000e090614 <check_erratum_cortex_a53_827319>:
 e090614:	f100081f 	cmp	x0, #0x2
 e090618:	9a9f87e0 	cset	x0, ls	// ls = plast
 e09061c:	d65f03c0 	ret

000000000e090620 <check_erratum_cortex_a53_835769>:
 e090620:	f100101f 	cmp	x0, #0x4
 e090624:	540000c8 	b.hi	e09063c <errata_not_applies>  // b.pmore
 e090628:	f100041f 	cmp	x0, #0x1
 e09062c:	d2800020 	mov	x0, #0x1                   	// #1
 e090630:	54000089 	b.ls	e090640 <exit_check_errata_835769>  // b.plast
 e090634:	d53800c1 	mrs	x1, revidr_el1
 e090638:	36380041 	tbz	w1, #7, e090640 <exit_check_errata_835769>

000000000e09063c <errata_not_applies>:
 e09063c:	d2800000 	mov	x0, #0x0                   	// #0

000000000e090640 <exit_check_errata_835769>:
 e090640:	d65f03c0 	ret

000000000e090644 <check_erratum_cortex_a53_836870>:
 e090644:	f1000c1f 	cmp	x0, #0x3
 e090648:	9a9f87e0 	cset	x0, ls	// ls = plast
 e09064c:	d65f03c0 	ret

000000000e090650 <check_erratum_cortex_a53_843419>:
 e090650:	d2800021 	mov	x1, #0x1                   	// #1
 e090654:	d2800002 	mov	x2, #0x0                   	// #0
 e090658:	f100101f 	cmp	x0, #0x4
 e09065c:	9a829020 	csel	x0, x1, x2, ls	// ls = plast
 e090660:	54000081 	b.ne	e090670 <exit_check_errata_843419>  // b.any
 e090664:	d53800c3 	mrs	x3, revidr_el1
 e090668:	36400043 	tbz	w3, #8, e090670 <exit_check_errata_843419>
 e09066c:	aa0203e0 	mov	x0, x2

000000000e090670 <exit_check_errata_843419>:
 e090670:	d65f03c0 	ret

000000000e090674 <check_erratum_cortex_a53_855873>:
 e090674:	f1000c1f 	cmp	x0, #0x3
 e090678:	9a9f37e0 	cset	x0, cs	// cs = hs, nlast
 e09067c:	d65f03c0 	ret

000000000e090680 <check_erratum_cortex_a55_1221012>:
 e090680:	f100401f 	cmp	x0, #0x10
 e090684:	9a9f87e0 	cset	x0, ls	// ls = plast
 e090688:	d65f03c0 	ret

000000000e09068c <check_erratum_cortex_a55_1530923>:
 e09068c:	d2800040 	mov	x0, #0x2                   	// #2
 e090690:	d65f03c0 	ret

000000000e090694 <check_erratum_cortex_a55_768277>:
 e090694:	f100001f 	cmp	x0, #0x0
 e090698:	9a9f87e0 	cset	x0, ls	// ls = plast
 e09069c:	d65f03c0 	ret

000000000e0906a0 <check_erratum_cortex_a55_778703>:
 e0906a0:	aa1e03f0 	mov	x16, x30
 e0906a4:	f100001f 	cmp	x0, #0x0
 e0906a8:	9a9f87e0 	cset	x0, ls	// ls = plast
 e0906ac:	d5390021 	mrs	x1, clidr_el1
 e0906b0:	927a0821 	and	x1, x1, #0x1c0
 e0906b4:	f100003f 	cmp	x1, #0x0
 e0906b8:	d2800002 	mov	x2, #0x0                   	// #0
 e0906bc:	9a820000 	csel	x0, x0, x2, eq	// eq = none
 e0906c0:	d65f0200 	ret	x16

000000000e0906c4 <check_erratum_cortex_a55_798797>:
 e0906c4:	f100001f 	cmp	x0, #0x0
 e0906c8:	9a9f87e0 	cset	x0, ls	// ls = plast
 e0906cc:	d65f03c0 	ret

000000000e0906d0 <check_erratum_cortex_a55_798953>:
 e0906d0:	d2800022 	mov	x2, #0x1                   	// #1
 e0906d4:	d2800003 	mov	x3, #0x0                   	// #0
 e0906d8:	d538f321 	mrs	x1, s3_0_c15_c3_1
 e0906dc:	d3401c20 	ubfx	x0, x1, #0, #8
 e0906e0:	d2800001 	mov	x1, #0x0                   	// #0
 e0906e4:	eb01001f 	cmp	x0, x1
 e0906e8:	9a830040 	csel	x0, x2, x3, eq	// eq = none
 e0906ec:	d65f03c0 	ret

000000000e0906f0 <check_erratum_cortex_a55_846532>:
 e0906f0:	f100041f 	cmp	x0, #0x1
 e0906f4:	9a9f87e0 	cset	x0, ls	// ls = plast
 e0906f8:	d65f03c0 	ret

000000000e0906fc <check_erratum_cortex_a55_903758>:
 e0906fc:	f100041f 	cmp	x0, #0x1
 e090700:	9a9f87e0 	cset	x0, ls	// ls = plast
 e090704:	d65f03c0 	ret

000000000e090708 <check_erratum_cortex_a55_936184>:
 e090708:	d2800000 	mov	x0, #0x0                   	// #0
 e09070c:	d538f301 	mrs	x1, s3_0_c15_c3_0
 e090710:	d34b2c21 	ubfx	x1, x1, #11, #1
 e090714:	b40000c1 	cbz	x1, e09072c <check_erratum_cortex_a55_936184+0x24>
 e090718:	d538f321 	mrs	x1, s3_0_c15_c3_1
 e09071c:	d3401c22 	ubfx	x2, x1, #0, #8
 e090720:	f100805f 	cmp	x2, #0x20
 e090724:	54000042 	b.cs	e09072c <check_erratum_cortex_a55_936184+0x24>  // b.hs, b.nlast
 e090728:	d2800020 	mov	x0, #0x1                   	// #1
 e09072c:	d65f03c0 	ret

000000000e090730 <check_erratum_cortex_a57_1319537>:
 e090730:	d2800040 	mov	x0, #0x2                   	// #2
 e090734:	d65f03c0 	ret

000000000e090738 <check_erratum_cortex_a57_23960>:
 e090738:	d2800020 	mov	x0, #0x1                   	// #1
 e09073c:	d65f03c0 	ret

000000000e090740 <check_erratum_cortex_a57_3>:
 e090740:	d2800020 	mov	x0, #0x1                   	// #1
 e090744:	d65f03c0 	ret

000000000e090748 <check_erratum_cortex_a57_3639>:
 e090748:	d2800020 	mov	x0, #0x1                   	// #1
 e09074c:	d65f03c0 	ret

000000000e090750 <check_erratum_cortex_a57_5715>:
 e090750:	d2800020 	mov	x0, #0x1                   	// #1
 e090754:	d65f03c0 	ret

000000000e090758 <check_erratum_cortex_a57_806969>:
 e090758:	f100001f 	cmp	x0, #0x0
 e09075c:	9a9f87e0 	cset	x0, ls	// ls = plast
 e090760:	d65f03c0 	ret

000000000e090764 <check_erratum_cortex_a57_813419>:
 e090764:	f100001f 	cmp	x0, #0x0
 e090768:	9a9f87e0 	cset	x0, ls	// ls = plast
 e09076c:	d65f03c0 	ret

000000000e090770 <check_erratum_cortex_a57_813420>:
 e090770:	f100001f 	cmp	x0, #0x0
 e090774:	9a9f87e0 	cset	x0, ls	// ls = plast
 e090778:	d65f03c0 	ret

000000000e09077c <check_erratum_cortex_a57_814670>:
 e09077c:	f100001f 	cmp	x0, #0x0
 e090780:	9a9f87e0 	cset	x0, ls	// ls = plast
 e090784:	d65f03c0 	ret

000000000e090788 <check_erratum_cortex_a57_817169>:
 e090788:	f100041f 	cmp	x0, #0x1
 e09078c:	9a9f87e0 	cset	x0, ls	// ls = plast
 e090790:	d65f03c0 	ret

000000000e090794 <check_erratum_cortex_a57_826974>:
 e090794:	f100441f 	cmp	x0, #0x11
 e090798:	9a9f87e0 	cset	x0, ls	// ls = plast
 e09079c:	d65f03c0 	ret

000000000e0907a0 <check_erratum_cortex_a57_826977>:
 e0907a0:	f100441f 	cmp	x0, #0x11
 e0907a4:	9a9f87e0 	cset	x0, ls	// ls = plast
 e0907a8:	d65f03c0 	ret

000000000e0907ac <check_erratum_cortex_a57_828024>:
 e0907ac:	f100441f 	cmp	x0, #0x11
 e0907b0:	9a9f87e0 	cset	x0, ls	// ls = plast
 e0907b4:	d65f03c0 	ret

000000000e0907b8 <check_erratum_cortex_a57_829520>:
 e0907b8:	f100481f 	cmp	x0, #0x12
 e0907bc:	9a9f87e0 	cset	x0, ls	// ls = plast
 e0907c0:	d65f03c0 	ret

000000000e0907c4 <check_erratum_cortex_a57_833471>:
 e0907c4:	f100481f 	cmp	x0, #0x12
 e0907c8:	9a9f87e0 	cset	x0, ls	// ls = plast
 e0907cc:	d65f03c0 	ret

000000000e0907d0 <check_erratum_cortex_a57_859972>:
 e0907d0:	f1004c1f 	cmp	x0, #0x13
 e0907d4:	9a9f87e0 	cset	x0, ls	// ls = plast
 e0907d8:	d65f03c0 	ret

000000000e0907dc <check_erratum_cortex_a57_99999>:
 e0907dc:	f100481f 	cmp	x0, #0x12
 e0907e0:	9a9f87e0 	cset	x0, ls	// ls = plast
 e0907e4:	d65f03c0 	ret

000000000e0907e8 <check_erratum_cortex_a710_1901946>:
 e0907e8:	f100401f 	cmp	x0, #0x10
 e0907ec:	d2800201 	mov	x1, #0x10                  	// #16
 e0907f0:	fa412002 	ccmp	x0, x1, #0x2, cs	// cs = hs, nlast
 e0907f4:	9a9f87e0 	cset	x0, ls	// ls = plast
 e0907f8:	d65f03c0 	ret

000000000e0907fc <check_erratum_cortex_a710_1916945>:
 e0907fc:	f100401f 	cmp	x0, #0x10
 e090800:	9a9f87e0 	cset	x0, ls	// ls = plast
 e090804:	d65f03c0 	ret

000000000e090808 <check_erratum_cortex_a710_1917258>:
 e090808:	f100401f 	cmp	x0, #0x10
 e09080c:	9a9f87e0 	cset	x0, ls	// ls = plast
 e090810:	d65f03c0 	ret

000000000e090814 <check_erratum_cortex_a710_1927200>:
 e090814:	f100401f 	cmp	x0, #0x10
 e090818:	9a9f87e0 	cset	x0, ls	// ls = plast
 e09081c:	d65f03c0 	ret

000000000e090820 <check_erratum_cortex_a710_1987031>:
 e090820:	f100801f 	cmp	x0, #0x20
 e090824:	9a9f87e0 	cset	x0, ls	// ls = plast
 e090828:	d65f03c0 	ret

000000000e09082c <check_erratum_cortex_a710_2008768>:
 e09082c:	f100801f 	cmp	x0, #0x20
 e090830:	9a9f87e0 	cset	x0, ls	// ls = plast
 e090834:	d65f03c0 	ret

000000000e090838 <check_erratum_cortex_a710_2017096>:
 e090838:	f100801f 	cmp	x0, #0x20
 e09083c:	9a9f87e0 	cset	x0, ls	// ls = plast
 e090840:	d65f03c0 	ret

000000000e090844 <check_erratum_cortex_a710_2055002>:
 e090844:	f100401f 	cmp	x0, #0x10
 e090848:	d2800401 	mov	x1, #0x20                  	// #32
 e09084c:	fa412002 	ccmp	x0, x1, #0x2, cs	// cs = hs, nlast
 e090850:	9a9f87e0 	cset	x0, ls	// ls = plast
 e090854:	d65f03c0 	ret

000000000e090858 <check_erratum_cortex_a710_2081180>:
 e090858:	f100801f 	cmp	x0, #0x20
 e09085c:	9a9f87e0 	cset	x0, ls	// ls = plast
 e090860:	d65f03c0 	ret

000000000e090864 <check_erratum_cortex_a710_2083908>:
 e090864:	f100801f 	cmp	x0, #0x20
 e090868:	d2800401 	mov	x1, #0x20                  	// #32
 e09086c:	fa412002 	ccmp	x0, x1, #0x2, cs	// cs = hs, nlast
 e090870:	9a9f87e0 	cset	x0, ls	// ls = plast
 e090874:	d65f03c0 	ret

000000000e090878 <check_erratum_cortex_a710_2136059>:
 e090878:	f100801f 	cmp	x0, #0x20
 e09087c:	9a9f87e0 	cset	x0, ls	// ls = plast
 e090880:	d65f03c0 	ret

000000000e090884 <check_erratum_cortex_a710_2147715>:
 e090884:	f100801f 	cmp	x0, #0x20
 e090888:	d2800401 	mov	x1, #0x20                  	// #32
 e09088c:	fa412002 	ccmp	x0, x1, #0x2, cs	// cs = hs, nlast
 e090890:	9a9f87e0 	cset	x0, ls	// ls = plast
 e090894:	d65f03c0 	ret

000000000e090898 <check_erratum_cortex_a710_2216384>:
 e090898:	f100801f 	cmp	x0, #0x20
 e09089c:	9a9f87e0 	cset	x0, ls	// ls = plast
 e0908a0:	d65f03c0 	ret

000000000e0908a4 <check_erratum_cortex_a710_2267065>:
 e0908a4:	f100801f 	cmp	x0, #0x20
 e0908a8:	9a9f87e0 	cset	x0, ls	// ls = plast
 e0908ac:	d65f03c0 	ret

000000000e0908b0 <check_erratum_cortex_a710_2282622>:
 e0908b0:	f100841f 	cmp	x0, #0x21
 e0908b4:	9a9f87e0 	cset	x0, ls	// ls = plast
 e0908b8:	d65f03c0 	ret

000000000e0908bc <check_erratum_cortex_a710_2291219>:
 e0908bc:	f100801f 	cmp	x0, #0x20
 e0908c0:	9a9f87e0 	cset	x0, ls	// ls = plast
 e0908c4:	d65f03c0 	ret

000000000e0908c8 <check_erratum_cortex_a710_2313941>:
 e0908c8:	d2800022 	mov	x2, #0x1                   	// #1
 e0908cc:	d2800003 	mov	x3, #0x0                   	// #0
 e0908d0:	d538f321 	mrs	x1, s3_0_c15_c3_1
 e0908d4:	d2800000 	mov	x0, #0x0                   	// #0
 e0908d8:	d3401c20 	ubfx	x0, x1, #0, #8
 e0908dc:	d2800621 	mov	x1, #0x31                  	// #49
 e0908e0:	eb01001f 	cmp	x0, x1
 e0908e4:	9a839040 	csel	x0, x2, x3, ls	// ls = plast
 e0908e8:	d65f03c0 	ret

000000000e0908ec <check_erratum_cortex_a710_2371105>:
 e0908ec:	f100801f 	cmp	x0, #0x20
 e0908f0:	9a9f87e0 	cset	x0, ls	// ls = plast
 e0908f4:	d65f03c0 	ret

000000000e0908f8 <check_erratum_cortex_a710_23960>:
 e0908f8:	d2800020 	mov	x0, #0x1                   	// #1
 e0908fc:	d65f03c0 	ret

000000000e090900 <check_erratum_cortex_a710_2742423>:
 e090900:	f100841f 	cmp	x0, #0x21
 e090904:	9a9f87e0 	cset	x0, ls	// ls = plast
 e090908:	d65f03c0 	ret

000000000e09090c <check_erratum_cortex_a710_2768515>:
 e09090c:	f100841f 	cmp	x0, #0x21
 e090910:	9a9f87e0 	cset	x0, ls	// ls = plast
 e090914:	d65f03c0 	ret

000000000e090918 <check_erratum_cortex_a710_2778471>:
 e090918:	f100841f 	cmp	x0, #0x21
 e09091c:	9a9f87e0 	cset	x0, ls	// ls = plast
 e090920:	d65f03c0 	ret

000000000e090924 <check_erratum_cortex_a710_3324338>:
 e090924:	f100841f 	cmp	x0, #0x21
 e090928:	9a9f87e0 	cset	x0, ls	// ls = plast
 e09092c:	d65f03c0 	ret

000000000e090930 <check_erratum_cortex_a710_3701772>:
 e090930:	f100841f 	cmp	x0, #0x21
 e090934:	9a9f87e0 	cset	x0, ls	// ls = plast
 e090938:	d65f03c0 	ret

000000000e09093c <check_erratum_cortex_a710_5660>:
 e09093c:	f100841f 	cmp	x0, #0x21
 e090940:	9a9f87e0 	cset	x0, ls	// ls = plast
 e090944:	d65f03c0 	ret

000000000e090948 <check_erratum_cortex_a710_647>:
 e090948:	d2800040 	mov	x0, #0x2                   	// #2
 e09094c:	d65f03c0 	ret

000000000e090950 <check_erratum_cortex_a72_1319367>:
 e090950:	d2800040 	mov	x0, #0x2                   	// #2
 e090954:	d65f03c0 	ret

000000000e090958 <check_erratum_cortex_a72_23960>:
 e090958:	d5380400 	mrs	x0, id_aa64pfr0_el1
 e09095c:	d378ec00 	ubfx	x0, x0, #56, #4
 e090960:	f100101f 	cmp	x0, #0x4
 e090964:	54000083 	b.cc	e090974 <check_erratum_cortex_a72_23960+0x1c>  // b.lo, b.ul, b.last
 e090968:	50069460 	adr	x0, e09dbf6 <cortex_a710_cpu_str+0xc>
 e09096c:	d2801401 	mov	x1, #0xa0                  	// #160
 e090970:	17fffef1 	b	e090534 <asm_assert>
 e090974:	f100001f 	cmp	x0, #0x0
 e090978:	54000061 	b.ne	e090984 <check_erratum_cortex_a72_23960+0x2c>  // b.any
 e09097c:	d2800020 	mov	x0, #0x1                   	// #1
 e090980:	d65f03c0 	ret
 e090984:	d2800020 	mov	x0, #0x1                   	// #1
 e090988:	d65f03c0 	ret
 e09098c:	d2800040 	mov	x0, #0x2                   	// #2
 e090990:	d65f03c0 	ret

000000000e090994 <check_erratum_cortex_a72_3>:
 e090994:	d5380400 	mrs	x0, id_aa64pfr0_el1
 e090998:	d378ec00 	ubfx	x0, x0, #56, #4
 e09099c:	f100101f 	cmp	x0, #0x4
 e0909a0:	54000083 	b.cc	e0909b0 <check_erratum_cortex_a72_3+0x1c>  // b.lo, b.ul, b.last
 e0909a4:	50069280 	adr	x0, e09dbf6 <cortex_a710_cpu_str+0xc>
 e0909a8:	d2801401 	mov	x1, #0xa0                  	// #160
 e0909ac:	17fffee2 	b	e090534 <asm_assert>
 e0909b0:	f100001f 	cmp	x0, #0x0
 e0909b4:	54000061 	b.ne	e0909c0 <check_erratum_cortex_a72_3+0x2c>  // b.any
 e0909b8:	d2800020 	mov	x0, #0x1                   	// #1
 e0909bc:	d65f03c0 	ret
 e0909c0:	d2800000 	mov	x0, #0x0                   	// #0
 e0909c4:	d65f03c0 	ret

000000000e0909c8 <check_erratum_cortex_a72_3639>:
 e0909c8:	d2800020 	mov	x0, #0x1                   	// #1
 e0909cc:	d65f03c0 	ret

000000000e0909d0 <check_erratum_cortex_a72_5715>:
 e0909d0:	d5380400 	mrs	x0, id_aa64pfr0_el1
 e0909d4:	d378ec00 	ubfx	x0, x0, #56, #4
 e0909d8:	f100101f 	cmp	x0, #0x4
 e0909dc:	54000083 	b.cc	e0909ec <check_erratum_cortex_a72_5715+0x1c>  // b.lo, b.ul, b.last
 e0909e0:	500690a0 	adr	x0, e09dbf6 <cortex_a710_cpu_str+0xc>
 e0909e4:	d2801401 	mov	x1, #0xa0                  	// #160
 e0909e8:	17fffed3 	b	e090534 <asm_assert>
 e0909ec:	f100001f 	cmp	x0, #0x0
 e0909f0:	54000061 	b.ne	e0909fc <check_erratum_cortex_a72_5715+0x2c>  // b.any
 e0909f4:	d2800020 	mov	x0, #0x1                   	// #1
 e0909f8:	d65f03c0 	ret
 e0909fc:	d2800000 	mov	x0, #0x0                   	// #0
 e090a00:	d65f03c0 	ret

000000000e090a04 <check_erratum_cortex_a72_859971>:
 e090a04:	f1000c1f 	cmp	x0, #0x3
 e090a08:	9a9f87e0 	cset	x0, ls	// ls = plast
 e090a0c:	d65f03c0 	ret

000000000e090a10 <check_erratum_cortex_a76_1073348>:
 e090a10:	f100401f 	cmp	x0, #0x10
 e090a14:	9a9f87e0 	cset	x0, ls	// ls = plast
 e090a18:	d65f03c0 	ret

000000000e090a1c <check_erratum_cortex_a76_1130799>:
 e090a1c:	f100801f 	cmp	x0, #0x20
 e090a20:	9a9f87e0 	cset	x0, ls	// ls = plast
 e090a24:	d65f03c0 	ret

000000000e090a28 <check_erratum_cortex_a76_1165347>:
 e090a28:	f100801f 	cmp	x0, #0x20
 e090a2c:	9a9f87e0 	cset	x0, ls	// ls = plast
 e090a30:	d65f03c0 	ret

000000000e090a34 <check_erratum_cortex_a76_1165522>:
 e090a34:	f100c01f 	cmp	x0, #0x30
 e090a38:	9a9f87e0 	cset	x0, ls	// ls = plast
 e090a3c:	d65f03c0 	ret

000000000e090a40 <check_erratum_cortex_a76_1207823>:
 e090a40:	f100801f 	cmp	x0, #0x20
 e090a44:	9a9f87e0 	cset	x0, ls	// ls = plast
 e090a48:	d65f03c0 	ret

000000000e090a4c <check_erratum_cortex_a76_1220197>:
 e090a4c:	f100801f 	cmp	x0, #0x20
 e090a50:	9a9f87e0 	cset	x0, ls	// ls = plast
 e090a54:	d65f03c0 	ret

000000000e090a58 <check_erratum_cortex_a76_1257314>:
 e090a58:	f100c01f 	cmp	x0, #0x30
 e090a5c:	9a9f87e0 	cset	x0, ls	// ls = plast
 e090a60:	d65f03c0 	ret

000000000e090a64 <check_erratum_cortex_a76_1262606>:
 e090a64:	f100c01f 	cmp	x0, #0x30
 e090a68:	9a9f87e0 	cset	x0, ls	// ls = plast
 e090a6c:	d65f03c0 	ret

000000000e090a70 <check_erratum_cortex_a76_1262888>:
 e090a70:	f100c01f 	cmp	x0, #0x30
 e090a74:	9a9f87e0 	cset	x0, ls	// ls = plast
 e090a78:	d65f03c0 	ret

000000000e090a7c <check_erratum_cortex_a76_1275112>:
 e090a7c:	f100c01f 	cmp	x0, #0x30
 e090a80:	9a9f87e0 	cset	x0, ls	// ls = plast
 e090a84:	d65f03c0 	ret

000000000e090a88 <check_erratum_cortex_a76_1286807>:
 e090a88:	f100c01f 	cmp	x0, #0x30
 e090a8c:	9a9f87e0 	cset	x0, ls	// ls = plast
 e090a90:	d65f03c0 	ret

000000000e090a94 <check_erratum_cortex_a76_1791580>:
 e090a94:	f101001f 	cmp	x0, #0x40
 e090a98:	9a9f87e0 	cset	x0, ls	// ls = plast
 e090a9c:	d65f03c0 	ret

000000000e090aa0 <check_erratum_cortex_a76_1868343>:
 e090aa0:	f101001f 	cmp	x0, #0x40
 e090aa4:	9a9f87e0 	cset	x0, ls	// ls = plast
 e090aa8:	d65f03c0 	ret

000000000e090aac <check_erratum_cortex_a76_1946160>:
 e090aac:	d2800040 	mov	x0, #0x2                   	// #2
 e090ab0:	d65f03c0 	ret

000000000e090ab4 <check_erratum_cortex_a76_2>:
 e090ab4:	d2800020 	mov	x0, #0x1                   	// #1
 e090ab8:	d65f03c0 	ret

000000000e090abc <check_erratum_cortex_a76_23960>:
 e090abc:	d2800020 	mov	x0, #0x1                   	// #1
 e090ac0:	d65f03c0 	ret

000000000e090ac4 <check_erratum_cortex_a76_2743102>:
 e090ac4:	f101041f 	cmp	x0, #0x41
 e090ac8:	9a9f87e0 	cset	x0, ls	// ls = plast
 e090acc:	d65f03c0 	ret

000000000e090ad0 <check_erratum_cortex_a76_798953>:
 e090ad0:	d2800022 	mov	x2, #0x1                   	// #1
 e090ad4:	d2800003 	mov	x3, #0x0                   	// #0
 e090ad8:	d538f321 	mrs	x1, s3_0_c15_c3_1
 e090adc:	d3401c20 	ubfx	x0, x1, #0, #8
 e090ae0:	d2800001 	mov	x1, #0x0                   	// #0
 e090ae4:	eb01001f 	cmp	x0, x1
 e090ae8:	9a830040 	csel	x0, x2, x3, eq	// eq = none
 e090aec:	d65f03c0 	ret

000000000e090af0 <check_erratum_cortex_a76_936184>:
 e090af0:	d2800000 	mov	x0, #0x0                   	// #0
 e090af4:	d538f301 	mrs	x1, s3_0_c15_c3_0
 e090af8:	d34b2c21 	ubfx	x1, x1, #11, #1
 e090afc:	b40000c1 	cbz	x1, e090b14 <check_erratum_cortex_a76_936184+0x24>
 e090b00:	d538f321 	mrs	x1, s3_0_c15_c3_1
 e090b04:	d3401c22 	ubfx	x2, x1, #0, #8
 e090b08:	f100805f 	cmp	x2, #0x20
 e090b0c:	54000042 	b.cs	e090b14 <check_erratum_cortex_a76_936184+0x24>  // b.hs, b.nlast
 e090b10:	d2800020 	mov	x0, #0x1                   	// #1
 e090b14:	d65f03c0 	ret

000000000e090b18 <check_erratum_neoverse_n1_1043202>:
 e090b18:	f100401f 	cmp	x0, #0x10
 e090b1c:	9a9f87e0 	cset	x0, ls	// ls = plast
 e090b20:	d65f03c0 	ret

000000000e090b24 <check_erratum_neoverse_n1_1073348>:
 e090b24:	f100401f 	cmp	x0, #0x10
 e090b28:	9a9f87e0 	cset	x0, ls	// ls = plast
 e090b2c:	d65f03c0 	ret

000000000e090b30 <check_erratum_neoverse_n1_1130799>:
 e090b30:	f100801f 	cmp	x0, #0x20
 e090b34:	9a9f87e0 	cset	x0, ls	// ls = plast
 e090b38:	d65f03c0 	ret

000000000e090b3c <check_erratum_neoverse_n1_1165347>:
 e090b3c:	f100801f 	cmp	x0, #0x20
 e090b40:	9a9f87e0 	cset	x0, ls	// ls = plast
 e090b44:	d65f03c0 	ret

000000000e090b48 <check_erratum_neoverse_n1_1207823>:
 e090b48:	f100801f 	cmp	x0, #0x20
 e090b4c:	9a9f87e0 	cset	x0, ls	// ls = plast
 e090b50:	d65f03c0 	ret

000000000e090b54 <check_erratum_neoverse_n1_1220197>:
 e090b54:	f100801f 	cmp	x0, #0x20
 e090b58:	9a9f87e0 	cset	x0, ls	// ls = plast
 e090b5c:	d65f03c0 	ret

000000000e090b60 <check_erratum_neoverse_n1_1257314>:
 e090b60:	f100c01f 	cmp	x0, #0x30
 e090b64:	9a9f87e0 	cset	x0, ls	// ls = plast
 e090b68:	d65f03c0 	ret

000000000e090b6c <check_erratum_neoverse_n1_1262606>:
 e090b6c:	f100c01f 	cmp	x0, #0x30
 e090b70:	9a9f87e0 	cset	x0, ls	// ls = plast
 e090b74:	d65f03c0 	ret

000000000e090b78 <check_erratum_neoverse_n1_1262888>:
 e090b78:	f100c01f 	cmp	x0, #0x30
 e090b7c:	9a9f87e0 	cset	x0, ls	// ls = plast
 e090b80:	d65f03c0 	ret

000000000e090b84 <check_erratum_neoverse_n1_1275112>:
 e090b84:	f100c01f 	cmp	x0, #0x30
 e090b88:	9a9f87e0 	cset	x0, ls	// ls = plast
 e090b8c:	d65f03c0 	ret

000000000e090b90 <check_erratum_neoverse_n1_1315703>:
 e090b90:	f100c01f 	cmp	x0, #0x30
 e090b94:	9a9f87e0 	cset	x0, ls	// ls = plast
 e090b98:	d65f03c0 	ret

000000000e090b9c <check_erratum_neoverse_n1_1542419>:
 e090b9c:	f100c01f 	cmp	x0, #0x30
 e090ba0:	d2800801 	mov	x1, #0x40                  	// #64
 e090ba4:	fa412002 	ccmp	x0, x1, #0x2, cs	// cs = hs, nlast
 e090ba8:	9a9f87e0 	cset	x0, ls	// ls = plast
 e090bac:	d65f03c0 	ret

000000000e090bb0 <check_erratum_neoverse_n1_1868343>:
 e090bb0:	f101001f 	cmp	x0, #0x40
 e090bb4:	9a9f87e0 	cset	x0, ls	// ls = plast
 e090bb8:	d65f03c0 	ret

000000000e090bbc <check_erratum_neoverse_n1_1946160>:
 e090bbc:	f100c01f 	cmp	x0, #0x30
 e090bc0:	d2800821 	mov	x1, #0x41                  	// #65
 e090bc4:	fa412002 	ccmp	x0, x1, #0x2, cs	// cs = hs, nlast
 e090bc8:	9a9f87e0 	cset	x0, ls	// ls = plast
 e090bcc:	d65f03c0 	ret

000000000e090bd0 <check_erratum_neoverse_n1_23960>:
 e090bd0:	d2800020 	mov	x0, #0x1                   	// #1
 e090bd4:	d65f03c0 	ret

000000000e090bd8 <check_erratum_neoverse_n1_2743102>:
 e090bd8:	f101041f 	cmp	x0, #0x41
 e090bdc:	9a9f87e0 	cset	x0, ls	// ls = plast
 e090be0:	d65f03c0 	ret

000000000e090be4 <check_erratum_neoverse_n1_3324349>:
 e090be4:	f101041f 	cmp	x0, #0x41
 e090be8:	9a9f87e0 	cset	x0, ls	// ls = plast
 e090bec:	d65f03c0 	ret

000000000e090bf0 <check_erratum_neoverse_n1_936184>:
 e090bf0:	d538f000 	mrs	x0, s3_0_c15_c0_0
 e090bf4:	d3420800 	ubfx	x0, x0, #2, #1
 e090bf8:	d2400000 	eor	x0, x0, #0x1
 e090bfc:	eb1f001f 	cmp	x0, xzr
 e090c00:	d2800000 	mov	x0, #0x0                   	// #0
 e090c04:	54000140 	b.eq	e090c2c <check_erratum_neoverse_n1_936184+0x3c>  // b.none
 e090c08:	d2800000 	mov	x0, #0x0                   	// #0
 e090c0c:	d538f301 	mrs	x1, s3_0_c15_c3_0
 e090c10:	d34b2c21 	ubfx	x1, x1, #11, #1
 e090c14:	b40000c1 	cbz	x1, e090c2c <check_erratum_neoverse_n1_936184+0x3c>
 e090c18:	d538f321 	mrs	x1, s3_0_c15_c3_1
 e090c1c:	d3401c22 	ubfx	x2, x1, #0, #8
 e090c20:	f100805f 	cmp	x2, #0x20
 e090c24:	54000042 	b.cs	e090c2c <check_erratum_neoverse_n1_936184+0x3c>  // b.hs, b.nlast
 e090c28:	d2800020 	mov	x0, #0x1                   	// #1
 e090c2c:	d65f03c0 	ret

000000000e090c30 <check_erratum_neoverse_n2_2002655>:
 e090c30:	f100001f 	cmp	x0, #0x0
 e090c34:	9a9f87e0 	cset	x0, ls	// ls = plast
 e090c38:	d65f03c0 	ret

000000000e090c3c <check_erratum_neoverse_n2_2009478>:
 e090c3c:	f100001f 	cmp	x0, #0x0
 e090c40:	9a9f87e0 	cset	x0, ls	// ls = plast
 e090c44:	d65f03c0 	ret

000000000e090c48 <check_erratum_neoverse_n2_2025414>:
 e090c48:	f100001f 	cmp	x0, #0x0
 e090c4c:	9a9f87e0 	cset	x0, ls	// ls = plast
 e090c50:	d65f03c0 	ret

000000000e090c54 <check_erratum_neoverse_n2_2067956>:
 e090c54:	f100001f 	cmp	x0, #0x0
 e090c58:	9a9f87e0 	cset	x0, ls	// ls = plast
 e090c5c:	d65f03c0 	ret

000000000e090c60 <check_erratum_neoverse_n2_2138953>:
 e090c60:	f1000c1f 	cmp	x0, #0x3
 e090c64:	9a9f87e0 	cset	x0, ls	// ls = plast
 e090c68:	d65f03c0 	ret

000000000e090c6c <check_erratum_neoverse_n2_2138956>:
 e090c6c:	f100001f 	cmp	x0, #0x0
 e090c70:	9a9f87e0 	cset	x0, ls	// ls = plast
 e090c74:	d65f03c0 	ret

000000000e090c78 <check_erratum_neoverse_n2_2138958>:
 e090c78:	f100001f 	cmp	x0, #0x0
 e090c7c:	9a9f87e0 	cset	x0, ls	// ls = plast
 e090c80:	d65f03c0 	ret

000000000e090c84 <check_erratum_neoverse_n2_2189731>:
 e090c84:	f100001f 	cmp	x0, #0x0
 e090c88:	9a9f87e0 	cset	x0, ls	// ls = plast
 e090c8c:	d65f03c0 	ret

000000000e090c90 <check_erratum_neoverse_n2_2242400>:
 e090c90:	f100001f 	cmp	x0, #0x0
 e090c94:	9a9f87e0 	cset	x0, ls	// ls = plast
 e090c98:	d65f03c0 	ret

000000000e090c9c <check_erratum_neoverse_n2_2242415>:
 e090c9c:	f100001f 	cmp	x0, #0x0
 e090ca0:	9a9f87e0 	cset	x0, ls	// ls = plast
 e090ca4:	d65f03c0 	ret

000000000e090ca8 <check_erratum_neoverse_n2_2280757>:
 e090ca8:	f100001f 	cmp	x0, #0x0
 e090cac:	9a9f87e0 	cset	x0, ls	// ls = plast
 e090cb0:	d65f03c0 	ret

000000000e090cb4 <check_erratum_neoverse_n2_2313941>:
 e090cb4:	d538f000 	mrs	x0, s3_0_c15_c0_0
 e090cb8:	d3420800 	ubfx	x0, x0, #2, #1
 e090cbc:	d2400000 	eor	x0, x0, #0x1
 e090cc0:	eb1f001f 	cmp	x0, xzr
 e090cc4:	d2800000 	mov	x0, #0x0                   	// #0
 e090cc8:	54000120 	b.eq	e090cec <check_erratum_neoverse_n2_2313941+0x38>  // b.none
 e090ccc:	d2800022 	mov	x2, #0x1                   	// #1
 e090cd0:	d2800003 	mov	x3, #0x0                   	// #0
 e090cd4:	d538f321 	mrs	x1, s3_0_c15_c3_1
 e090cd8:	d2800000 	mov	x0, #0x0                   	// #0
 e090cdc:	d3401c20 	ubfx	x0, x1, #0, #8
 e090ce0:	d2800621 	mov	x1, #0x31                  	// #49
 e090ce4:	eb01001f 	cmp	x0, x1
 e090ce8:	9a839040 	csel	x0, x2, x3, ls	// ls = plast
 e090cec:	d65f03c0 	ret

000000000e090cf0 <check_erratum_neoverse_n2_2326639>:
 e090cf0:	f100001f 	cmp	x0, #0x0
 e090cf4:	9a9f87e0 	cset	x0, ls	// ls = plast
 e090cf8:	d65f03c0 	ret

000000000e090cfc <check_erratum_neoverse_n2_2340933>:
 e090cfc:	f100001f 	cmp	x0, #0x0
 e090d00:	9a9f87e0 	cset	x0, ls	// ls = plast
 e090d04:	d65f03c0 	ret

000000000e090d08 <check_erratum_neoverse_n2_2346952>:
 e090d08:	f100081f 	cmp	x0, #0x2
 e090d0c:	9a9f87e0 	cset	x0, ls	// ls = plast
 e090d10:	d65f03c0 	ret

000000000e090d14 <check_erratum_neoverse_n2_2376738>:
 e090d14:	f1000c1f 	cmp	x0, #0x3
 e090d18:	9a9f87e0 	cset	x0, ls	// ls = plast
 e090d1c:	d65f03c0 	ret

000000000e090d20 <check_erratum_neoverse_n2_2388450>:
 e090d20:	f100001f 	cmp	x0, #0x0
 e090d24:	9a9f87e0 	cset	x0, ls	// ls = plast
 e090d28:	d65f03c0 	ret

000000000e090d2c <check_erratum_neoverse_n2_23960>:
 e090d2c:	d2800020 	mov	x0, #0x1                   	// #1
 e090d30:	d65f03c0 	ret

000000000e090d34 <check_erratum_neoverse_n2_2743014>:
 e090d34:	f100081f 	cmp	x0, #0x2
 e090d38:	9a9f87e0 	cset	x0, ls	// ls = plast
 e090d3c:	d65f03c0 	ret

000000000e090d40 <check_erratum_neoverse_n2_2743089>:
 e090d40:	f100081f 	cmp	x0, #0x2
 e090d44:	9a9f87e0 	cset	x0, ls	// ls = plast
 e090d48:	d65f03c0 	ret

000000000e090d4c <check_erratum_neoverse_n2_2779511>:
 e090d4c:	f100081f 	cmp	x0, #0x2
 e090d50:	9a9f87e0 	cset	x0, ls	// ls = plast
 e090d54:	d65f03c0 	ret

000000000e090d58 <check_erratum_neoverse_n2_3324339>:
 e090d58:	f1000c1f 	cmp	x0, #0x3
 e090d5c:	9a9f87e0 	cset	x0, ls	// ls = plast
 e090d60:	d65f03c0 	ret

000000000e090d64 <check_erratum_neoverse_n2_3701773>:
 e090d64:	f1000c1f 	cmp	x0, #0x3
 e090d68:	9a9f87e0 	cset	x0, ls	// ls = plast
 e090d6c:	d65f03c0 	ret

000000000e090d70 <check_erratum_neoverse_n2_3888123>:
 e090d70:	f1000c1f 	cmp	x0, #0x3
 e090d74:	9a9f87e0 	cset	x0, ls	// ls = plast
 e090d78:	d65f03c0 	ret

000000000e090d7c <check_erratum_neoverse_n2_4302970>:
 e090d7c:	f1000c1f 	cmp	x0, #0x3
 e090d80:	9a9f87e0 	cset	x0, ls	// ls = plast
 e090d84:	d65f03c0 	ret

000000000e090d88 <check_erratum_neoverse_n2_5660>:
 e090d88:	f1000c1f 	cmp	x0, #0x3
 e090d8c:	9a9f87e0 	cset	x0, ls	// ls = plast
 e090d90:	d65f03c0 	ret

000000000e090d94 <check_erratum_neoverse_n2_647>:
 e090d94:	d2800040 	mov	x0, #0x2                   	// #2
 e090d98:	d65f03c0 	ret

000000000e090d9c <check_erratum_neoverse_v1_1618635>:
 e090d9c:	f100001f 	cmp	x0, #0x0
 e090da0:	9a9f87e0 	cset	x0, ls	// ls = plast
 e090da4:	d65f03c0 	ret

000000000e090da8 <check_erratum_neoverse_v1_1774420>:
 e090da8:	f100401f 	cmp	x0, #0x10
 e090dac:	9a9f87e0 	cset	x0, ls	// ls = plast
 e090db0:	d65f03c0 	ret

000000000e090db4 <check_erratum_neoverse_v1_1791573>:
 e090db4:	f100401f 	cmp	x0, #0x10
 e090db8:	9a9f87e0 	cset	x0, ls	// ls = plast
 e090dbc:	d65f03c0 	ret

000000000e090dc0 <check_erratum_neoverse_v1_1852267>:
 e090dc0:	f100401f 	cmp	x0, #0x10
 e090dc4:	9a9f87e0 	cset	x0, ls	// ls = plast
 e090dc8:	d65f03c0 	ret

000000000e090dcc <check_erratum_neoverse_v1_1925756>:
 e090dcc:	f100441f 	cmp	x0, #0x11
 e090dd0:	9a9f87e0 	cset	x0, ls	// ls = plast
 e090dd4:	d65f03c0 	ret

000000000e090dd8 <check_erratum_neoverse_v1_1940577>:
 e090dd8:	f100401f 	cmp	x0, #0x10
 e090ddc:	d2800221 	mov	x1, #0x11                  	// #17
 e090de0:	fa412002 	ccmp	x0, x1, #0x2, cs	// cs = hs, nlast
 e090de4:	9a9f87e0 	cset	x0, ls	// ls = plast
 e090de8:	d65f03c0 	ret

000000000e090dec <check_erratum_neoverse_v1_1966096>:
 e090dec:	f100401f 	cmp	x0, #0x10
 e090df0:	d2800221 	mov	x1, #0x11                  	// #17
 e090df4:	fa412002 	ccmp	x0, x1, #0x2, cs	// cs = hs, nlast
 e090df8:	9a9f87e0 	cset	x0, ls	// ls = plast
 e090dfc:	d65f03c0 	ret

000000000e090e00 <check_erratum_neoverse_v1_2139242>:
 e090e00:	f100441f 	cmp	x0, #0x11
 e090e04:	9a9f87e0 	cset	x0, ls	// ls = plast
 e090e08:	d65f03c0 	ret

000000000e090e0c <check_erratum_neoverse_v1_2216392>:
 e090e0c:	f100401f 	cmp	x0, #0x10
 e090e10:	d2800221 	mov	x1, #0x11                  	// #17
 e090e14:	fa412002 	ccmp	x0, x1, #0x2, cs	// cs = hs, nlast
 e090e18:	9a9f87e0 	cset	x0, ls	// ls = plast
 e090e1c:	d65f03c0 	ret

000000000e090e20 <check_erratum_neoverse_v1_2294912>:
 e090e20:	f100481f 	cmp	x0, #0x12
 e090e24:	9a9f87e0 	cset	x0, ls	// ls = plast
 e090e28:	d65f03c0 	ret

000000000e090e2c <check_erratum_neoverse_v1_2348377>:
 e090e2c:	f100441f 	cmp	x0, #0x11
 e090e30:	9a9f87e0 	cset	x0, ls	// ls = plast
 e090e34:	d65f03c0 	ret

000000000e090e38 <check_erratum_neoverse_v1_2372203>:
 e090e38:	f100441f 	cmp	x0, #0x11
 e090e3c:	9a9f87e0 	cset	x0, ls	// ls = plast
 e090e40:	d65f03c0 	ret

000000000e090e44 <check_erratum_neoverse_v1_23960>:
 e090e44:	d2800020 	mov	x0, #0x1                   	// #1
 e090e48:	d65f03c0 	ret

000000000e090e4c <check_erratum_neoverse_v1_2743093>:
 e090e4c:	f100481f 	cmp	x0, #0x12
 e090e50:	9a9f87e0 	cset	x0, ls	// ls = plast
 e090e54:	d65f03c0 	ret

000000000e090e58 <check_erratum_neoverse_v1_2743233>:
 e090e58:	f100481f 	cmp	x0, #0x12
 e090e5c:	9a9f87e0 	cset	x0, ls	// ls = plast
 e090e60:	d65f03c0 	ret

000000000e090e64 <check_erratum_neoverse_v1_2779461>:
 e090e64:	f100481f 	cmp	x0, #0x12
 e090e68:	9a9f87e0 	cset	x0, ls	// ls = plast
 e090e6c:	d65f03c0 	ret

000000000e090e70 <check_erratum_neoverse_v1_5660>:
 e090e70:	f100481f 	cmp	x0, #0x12
 e090e74:	9a9f87e0 	cset	x0, ls	// ls = plast
 e090e78:	d65f03c0 	ret

000000000e090e7c <clean_dcache_range>:
 e090e7c:	b40001a1 	cbz	x1, e090eb0 <exit_loop_cvac>
 e090e80:	d53b0023 	mrs	x3, ctr_el0
 e090e84:	d3504c63 	ubfx	x3, x3, #16, #4
 e090e88:	d2800082 	mov	x2, #0x4                   	// #4
 e090e8c:	9ac32042 	lsl	x2, x2, x3
 e090e90:	8b010001 	add	x1, x0, x1
 e090e94:	d1000443 	sub	x3, x2, #0x1
 e090e98:	8a230000 	bic	x0, x0, x3

000000000e090e9c <loop_cvac>:
 e090e9c:	d50b7a20 	dc	cvac, x0
 e090ea0:	8b020000 	add	x0, x0, x2
 e090ea4:	eb01001f 	cmp	x0, x1
 e090ea8:	54ffffa3 	b.cc	e090e9c <loop_cvac>  // b.lo, b.ul, b.last
 e090eac:	d5033f9f 	dsb	sy

000000000e090eb0 <exit_loop_cvac>:
 e090eb0:	d65f03c0 	ret

000000000e090eb4 <console_pl011_core_flush>:
 e090eb4:	f100001f 	cmp	x0, #0x0
 e090eb8:	54000081 	b.ne	e090ec8 <console_pl011_core_flush+0x14>  // b.any
 e090ebc:	10066200 	adr	x0, e09dafc <panic_msg+0x11>
 e090ec0:	d2801bc1 	mov	x1, #0xde                  	// #222
 e090ec4:	17fffd9c 	b	e090534 <asm_assert>
 e090ec8:	b9401801 	ldr	w1, [x0, #24]
 e090ecc:	371fffe1 	tbnz	w1, #3, e090ec8 <console_pl011_core_flush+0x14>
 e090ed0:	d65f03c0 	ret

000000000e090ed4 <console_pl011_core_init>:
 e090ed4:	b4000280 	cbz	x0, e090f24 <core_init_fail>
 e090ed8:	34000261 	cbz	w1, e090f24 <core_init_fail>
 e090edc:	34000242 	cbz	w2, e090f24 <core_init_fail>
 e090ee0:	b9403003 	ldr	w3, [x0, #48]
 e090ee4:	52800024 	mov	w4, #0x1                   	// #1
 e090ee8:	0a240063 	bic	w3, w3, w4
 e090eec:	b9003003 	str	w3, [x0, #48]
 e090ef0:	531e7421 	lsl	w1, w1, #2
 e090ef4:	1ac20822 	udiv	w2, w1, w2
 e090ef8:	53067c41 	lsr	w1, w2, #6
 e090efc:	b9002401 	str	w1, [x0, #36]
 e090f00:	12001441 	and	w1, w2, #0x3f
 e090f04:	b9002801 	str	w1, [x0, #40]
 e090f08:	52800e01 	mov	w1, #0x70                  	// #112
 e090f0c:	b9002c01 	str	w1, [x0, #44]
 e090f10:	b900041f 	str	wzr, [x0, #4]
 e090f14:	52806021 	mov	w1, #0x301                 	// #769
 e090f18:	b9003001 	str	w1, [x0, #48]
 e090f1c:	52800020 	mov	w0, #0x1                   	// #1
 e090f20:	d65f03c0 	ret

000000000e090f24 <core_init_fail>:
 e090f24:	2a1f03e0 	mov	w0, wzr
 e090f28:	d65f03c0 	ret

000000000e090f2c <console_pl011_core_putc>:
 e090f2c:	f100003f 	cmp	x1, #0x0
 e090f30:	54000081 	b.ne	e090f40 <console_pl011_core_putc+0x14>  // b.any
 e090f34:	10065e40 	adr	x0, e09dafc <panic_msg+0x11>
 e090f38:	d2800fa1 	mov	x1, #0x7d                  	// #125
 e090f3c:	17fffd7e 	b	e090534 <asm_assert>
 e090f40:	7100281f 	cmp	w0, #0xa
 e090f44:	540000a1 	b.ne	e090f58 <console_pl011_core_putc+0x2c>  // b.any
 e090f48:	b9401822 	ldr	w2, [x1, #24]
 e090f4c:	372fffe2 	tbnz	w2, #5, e090f48 <console_pl011_core_putc+0x1c>
 e090f50:	528001a2 	mov	w2, #0xd                   	// #13
 e090f54:	b9000022 	str	w2, [x1]
 e090f58:	b9401822 	ldr	w2, [x1, #24]
 e090f5c:	372fffe2 	tbnz	w2, #5, e090f58 <console_pl011_core_putc+0x2c>
 e090f60:	b9000020 	str	w0, [x1]
 e090f64:	d65f03c0 	ret

000000000e090f68 <console_pl011_flush>:
 e090f68:	f100001f 	cmp	x0, #0x0
 e090f6c:	54000081 	b.ne	e090f7c <console_pl011_flush+0x14>  // b.any
 e090f70:	10065c60 	adr	x0, e09dafc <panic_msg+0x11>
 e090f74:	d2801e61 	mov	x1, #0xf3                  	// #243
 e090f78:	17fffd6f 	b	e090534 <asm_assert>
 e090f7c:	f9401000 	ldr	x0, [x0, #32]
 e090f80:	17ffffcd 	b	e090eb4 <console_pl011_core_flush>

000000000e090f84 <console_pl011_putc>:
 e090f84:	f100003f 	cmp	x1, #0x0
 e090f88:	54000081 	b.ne	e090f98 <console_pl011_putc+0x14>  // b.any
 e090f8c:	10065b80 	adr	x0, e09dafc <panic_msg+0x11>
 e090f90:	d28013c1 	mov	x1, #0x9e                  	// #158
 e090f94:	17fffd68 	b	e090534 <asm_assert>
 e090f98:	f9401021 	ldr	x1, [x1, #32]
 e090f9c:	17ffffe4 	b	e090f2c <console_pl011_core_putc>

000000000e090fa0 <console_pl011_register>:
 e090fa0:	aa1e03e7 	mov	x7, x30
 e090fa4:	aa0303e6 	mov	x6, x3
 e090fa8:	b40001e6 	cbz	x6, e090fe4 <register_fail>
 e090fac:	f90010c0 	str	x0, [x6, #32]
 e090fb0:	97ffffc9 	bl	e090ed4 <console_pl011_core_init>
 e090fb4:	b4000180 	cbz	x0, e090fe4 <register_fail>
 e090fb8:	aa0603e0 	mov	x0, x6
 e090fbc:	aa0703fe 	mov	x30, x7
 e090fc0:	90000001 	adrp	x1, e090000 <bl31_entrypoint>
 e090fc4:	913e1021 	add	x1, x1, #0xf84
 e090fc8:	f9000801 	str	x1, [x0, #16]
 e090fcc:	90000001 	adrp	x1, e090000 <bl31_entrypoint>
 e090fd0:	913da021 	add	x1, x1, #0xf68
 e090fd4:	f9000c01 	str	x1, [x0, #24]
 e090fd8:	d28000a1 	mov	x1, #0x5                   	// #5
 e090fdc:	f9000401 	str	x1, [x0, #8]
 e090fe0:	14000808 	b	e093000 <console_register>

000000000e090fe4 <register_fail>:
 e090fe4:	d65f00e0 	ret	x7

000000000e090fe8 <cortex_a53_cluster_pwr_dwn>:
 e090fe8:	aa1e03f2 	mov	x18, x30
 e090fec:	d2800020 	mov	x0, #0x1                   	// #1
 e090ff0:	94000112 	bl	e091438 <dcsw_op_level1>
 e090ff4:	94000283 	bl	e091a00 <plat_disable_acp>
 e090ff8:	d2800020 	mov	x0, #0x1                   	// #1
 e090ffc:	94000113 	bl	e091448 <dcsw_op_level2>
 e091000:	aa1203fe 	mov	x30, x18
 e091004:	1400000c 	b	e091034 <cortex_a53_disable_smp>

000000000e091008 <cortex_a53_core_pwr_dwn>:
 e091008:	aa1e03f2 	mov	x18, x30
 e09100c:	d2800020 	mov	x0, #0x1                   	// #1
 e091010:	9400010a 	bl	e091438 <dcsw_op_level1>
 e091014:	aa1203fe 	mov	x30, x18
 e091018:	14000007 	b	e091034 <cortex_a53_disable_smp>

000000000e09101c <cortex_a53_cpu_reg_dump>:
 e09101c:	50065986 	adr	x6, e09db4e <cortex_a53_regs>
 e091020:	d539f228 	mrs	x8, s3_1_c15_c2_1
 e091024:	d539f249 	mrs	x9, s3_1_c15_c2_2
 e091028:	d539f26a 	mrs	x10, s3_1_c15_c2_3
 e09102c:	d539f20b 	mrs	x11, s3_1_c15_c2_0
 e091030:	d65f03c0 	ret

000000000e091034 <cortex_a53_disable_smp>:
 e091034:	d539f221 	mrs	x1, s3_1_c15_c2_1
 e091038:	9279f821 	and	x1, x1, #0xffffffffffffffbf
 e09103c:	d519f221 	msr	s3_1_c15_c2_1, x1
 e091040:	d5033fdf 	isb
 e091044:	d5033f9f 	dsb	sy
 e091048:	d65f03c0 	ret

000000000e09104c <cortex_a53_reset_func>:
 e09104c:	aa1e03ef 	mov	x15, x30
 e091050:	d5380000 	mrs	x0, midr_el1
 e091054:	d3505c0e 	ubfx	x14, x0, #16, #8
 e091058:	b3400c0e 	bfxil	x14, x0, #0, #4
 e09105c:	aa0e03e0 	mov	x0, x14
 e091060:	97fffd79 	bl	e090644 <check_erratum_cortex_a53_836870>
 e091064:	aa0e03e7 	mov	x7, x14
 e091068:	b4000080 	cbz	x0, e091078 <erratum_cortex_a53_836870_skip_reset>
 e09106c:	d539f201 	mrs	x1, s3_1_c15_c2_0
 e091070:	b2680021 	orr	x1, x1, #0x1000000
 e091074:	d519f201 	msr	s3_1_c15_c2_0, x1

000000000e091078 <erratum_cortex_a53_836870_skip_reset>:
 e091078:	d539f221 	mrs	x1, s3_1_c15_c2_1
 e09107c:	b27a0021 	orr	x1, x1, #0x40
 e091080:	d519f221 	msr	s3_1_c15_c2_1, x1
 e091084:	d5033fdf 	isb
 e091088:	d65f01e0 	ret	x15

000000000e09108c <cortex_a55_core_pwr_dwn>:
 e09108c:	d538f2e1 	mrs	x1, s3_0_c15_c2_7
 e091090:	b2400021 	orr	x1, x1, #0x1
 e091094:	d518f2e1 	msr	s3_0_c15_c2_7, x1
 e091098:	d5033fdf 	isb
 e09109c:	d65f03c0 	ret

000000000e0910a0 <cortex_a55_cpu_reg_dump>:
 e0910a0:	70065766 	adr	x6, e09db8f <cortex_a55_regs>
 e0910a4:	d538f188 	mrs	x8, s3_0_c15_c1_4
 e0910a8:	d65f03c0 	ret

000000000e0910ac <cortex_a55_reset_func>:
 e0910ac:	aa1e03ef 	mov	x15, x30
 e0910b0:	d5380000 	mrs	x0, midr_el1
 e0910b4:	d3505c0e 	ubfx	x14, x0, #16, #8
 e0910b8:	b3400c0e 	bfxil	x14, x0, #0, #4
 e0910bc:	d5033fdf 	isb
 e0910c0:	d65f01e0 	ret	x15

000000000e0910c4 <cortex_a57_cluster_pwr_dwn>:
 e0910c4:	aa1e03f2 	mov	x18, x30
 e0910c8:	9400001a 	bl	e091130 <cortex_a57_disable_l2_prefetch>
 e0910cc:	d2800020 	mov	x0, #0x1                   	// #1
 e0910d0:	940000da 	bl	e091438 <dcsw_op_level1>
 e0910d4:	9400024b 	bl	e091a00 <plat_disable_acp>
 e0910d8:	d2800020 	mov	x0, #0x1                   	// #1
 e0910dc:	940000db 	bl	e091448 <dcsw_op_level2>
 e0910e0:	9400001d 	bl	e091154 <cortex_a57_disable_smp>
 e0910e4:	aa1203fe 	mov	x30, x18
 e0910e8:	1400000d 	b	e09111c <cortex_a57_disable_ext_debug>

000000000e0910ec <cortex_a57_core_pwr_dwn>:
 e0910ec:	aa1e03f2 	mov	x18, x30
 e0910f0:	94000010 	bl	e091130 <cortex_a57_disable_l2_prefetch>
 e0910f4:	d2800020 	mov	x0, #0x1                   	// #1
 e0910f8:	940000d0 	bl	e091438 <dcsw_op_level1>
 e0910fc:	94000016 	bl	e091154 <cortex_a57_disable_smp>
 e091100:	aa1203fe 	mov	x30, x18
 e091104:	14000006 	b	e09111c <cortex_a57_disable_ext_debug>

000000000e091108 <cortex_a57_cpu_reg_dump>:
 e091108:	10065506 	adr	x6, e09dba8 <cortex_a57_regs>
 e09110c:	d539f228 	mrs	x8, s3_1_c15_c2_1
 e091110:	d539f249 	mrs	x9, s3_1_c15_c2_2
 e091114:	d539f26a 	mrs	x10, s3_1_c15_c2_3
 e091118:	d65f03c0 	ret

000000000e09111c <cortex_a57_disable_ext_debug>:
 e09111c:	d2800020 	mov	x0, #0x1                   	// #1
 e091120:	d5101380 	msr	osdlr_el1, x0
 e091124:	d5033fdf 	isb
 e091128:	d5033f9f 	dsb	sy
 e09112c:	d65f03c0 	ret

000000000e091130 <cortex_a57_disable_l2_prefetch>:
 e091130:	d539f220 	mrs	x0, s3_1_c15_c2_1
 e091134:	b25a0000 	orr	x0, x0, #0x4000000000
 e091138:	d2c00301 	mov	x1, #0x1800000000          	// #103079215104
 e09113c:	b2600421 	orr	x1, x1, #0x300000000
 e091140:	8a210000 	bic	x0, x0, x1
 e091144:	d519f220 	msr	s3_1_c15_c2_1, x0
 e091148:	d5033fdf 	isb
 e09114c:	d5033b9f 	dsb	ish
 e091150:	d65f03c0 	ret

000000000e091154 <cortex_a57_disable_smp>:
 e091154:	d539f221 	mrs	x1, s3_1_c15_c2_1
 e091158:	9279f821 	and	x1, x1, #0xffffffffffffffbf
 e09115c:	d519f221 	msr	s3_1_c15_c2_1, x1
 e091160:	d65f03c0 	ret

000000000e091164 <cortex_a57_reset_func>:
 e091164:	aa1e03ef 	mov	x15, x30
 e091168:	d5380000 	mrs	x0, midr_el1
 e09116c:	d3505c0e 	ubfx	x14, x0, #16, #8
 e091170:	b3400c0e 	bfxil	x14, x0, #0, #4
 e091174:	aa0e03e0 	mov	x0, x14
 e091178:	97fffd99 	bl	e0907dc <check_erratum_cortex_a57_99999>
 e09117c:	aa0e03e7 	mov	x7, x14
 e091180:	b4000080 	cbz	x0, e091190 <erratum_cortex_a57_99999_skip_reset>
 e091184:	d539f201 	mrs	x1, s3_1_c15_c2_0
 e091188:	b24c0021 	orr	x1, x1, #0x10000000000000
 e09118c:	d519f201 	msr	s3_1_c15_c2_0, x1

000000000e091190 <erratum_cortex_a57_99999_skip_reset>:
 e091190:	aa0e03e0 	mov	x0, x14
 e091194:	97fffd6f 	bl	e090750 <check_erratum_cortex_a57_5715>
 e091198:	aa0e03e7 	mov	x7, x14
 e09119c:	b4000060 	cbz	x0, e0911a8 <erratum_cortex_a57_5715_skip_reset>
 e0911a0:	10053301 	adr	x1, e09b800 <mmu_sync_exception_sp_el0>
 e0911a4:	d51ec001 	msr	vbar_el3, x1

000000000e0911a8 <erratum_cortex_a57_5715_skip_reset>:
 e0911a8:	aa0e03e0 	mov	x0, x14
 e0911ac:	97fffd67 	bl	e090748 <check_erratum_cortex_a57_3639>
 e0911b0:	aa0e03e7 	mov	x7, x14
 e0911b4:	b40000c0 	cbz	x0, e0911cc <erratum_cortex_a57_3639_skip_reset>
 e0911b8:	d539f201 	mrs	x1, s3_1_c15_c2_0
 e0911bc:	b2490021 	orr	x1, x1, #0x80000000000000
 e0911c0:	d519f201 	msr	s3_1_c15_c2_0, x1
 e0911c4:	d5033fdf 	isb
 e0911c8:	d5033f9f 	dsb	sy

000000000e0911cc <erratum_cortex_a57_3639_skip_reset>:
 e0911cc:	aa0e03e0 	mov	x0, x14
 e0911d0:	97fffd5a 	bl	e090738 <check_erratum_cortex_a57_23960>
 e0911d4:	aa0e03e7 	mov	x7, x14
 e0911d8:	b4000060 	cbz	x0, e0911e4 <erratum_cortex_a57_23960_skip_reset>
 e0911dc:	10053121 	adr	x1, e09b800 <mmu_sync_exception_sp_el0>
 e0911e0:	d51ec001 	msr	vbar_el3, x1

000000000e0911e4 <erratum_cortex_a57_23960_skip_reset>:
 e0911e4:	d539f221 	mrs	x1, s3_1_c15_c2_1
 e0911e8:	b27a0021 	orr	x1, x1, #0x40
 e0911ec:	d519f221 	msr	s3_1_c15_c2_1, x1
 e0911f0:	d5033fdf 	isb
 e0911f4:	d65f01e0 	ret	x15

000000000e0911f8 <cortex_a710_core_pwr_dwn>:
 e0911f8:	d538f2e1 	mrs	x1, s3_0_c15_c2_7
 e0911fc:	b2400021 	orr	x1, x1, #0x1
 e091200:	d518f2e1 	msr	s3_0_c15_c2_7, x1
 e091204:	d5033fdf 	isb
 e091208:	d65f03c0 	ret

000000000e09120c <cortex_a710_cpu_reg_dump>:
 e09120c:	10064e86 	adr	x6, e09dbdc <cortex_a710_regs>
 e091210:	d538f188 	mrs	x8, s3_0_c15_c1_4
 e091214:	d65f03c0 	ret

000000000e091218 <cortex_a710_reset_func>:
 e091218:	aa1e03ef 	mov	x15, x30
 e09121c:	d5380000 	mrs	x0, midr_el1
 e091220:	d3505c0e 	ubfx	x14, x0, #16, #8
 e091224:	b3400c0e 	bfxil	x14, x0, #0, #4
 e091228:	aa0e03e0 	mov	x0, x14
 e09122c:	97fffdb3 	bl	e0908f8 <check_erratum_cortex_a710_23960>
 e091230:	aa0e03e7 	mov	x7, x14
 e091234:	b4000060 	cbz	x0, e091240 <erratum_cortex_a710_23960_skip_reset>
 e091238:	1003ae41 	adr	x1, e098800 <bhb_sync_exception_sp_el0_cortex_a710>
 e09123c:	d51ec001 	msr	vbar_el3, x1

000000000e091240 <erratum_cortex_a710_23960_skip_reset>:
 e091240:	aa0e03e0 	mov	x0, x14
 e091244:	97fffdbe 	bl	e09093c <check_erratum_cortex_a710_5660>
 e091248:	aa0e03e7 	mov	x7, x14
 e09124c:	b4000080 	cbz	x0, e09125c <erratum_cortex_a710_5660_skip_reset>
 e091250:	d538f181 	mrs	x1, s3_0_c15_c1_4
 e091254:	b2520021 	orr	x1, x1, #0x400000000000
 e091258:	d518f181 	msr	s3_0_c15_c1_4, x1

000000000e09125c <erratum_cortex_a710_5660_skip_reset>:
 e09125c:	d51b42df 	msr	ssbs, xzr
 e091260:	d5033fdf 	isb
 e091264:	d65f01e0 	ret	x15

000000000e091268 <cortex_a72_cluster_pwr_dwn>:
 e091268:	aa1e03f2 	mov	x18, x30
 e09126c:	94000022 	bl	e0912f4 <cortex_a72_disable_l2_prefetch>
 e091270:	9400001b 	bl	e0912dc <cortex_a72_disable_hw_prefetcher>
 e091274:	d2800020 	mov	x0, #0x1                   	// #1
 e091278:	94000070 	bl	e091438 <dcsw_op_level1>
 e09127c:	940001e1 	bl	e091a00 <plat_disable_acp>
 e091280:	d2800020 	mov	x0, #0x1                   	// #1
 e091284:	94000071 	bl	e091448 <dcsw_op_level2>
 e091288:	94000023 	bl	e091314 <cortex_a72_disable_smp>
 e09128c:	aa1203fe 	mov	x30, x18
 e091290:	1400000e 	b	e0912c8 <cortex_a72_disable_ext_debug>

000000000e091294 <cortex_a72_core_pwr_dwn>:
 e091294:	aa1e03f2 	mov	x18, x30
 e091298:	94000017 	bl	e0912f4 <cortex_a72_disable_l2_prefetch>
 e09129c:	94000010 	bl	e0912dc <cortex_a72_disable_hw_prefetcher>
 e0912a0:	d2800020 	mov	x0, #0x1                   	// #1
 e0912a4:	94000065 	bl	e091438 <dcsw_op_level1>
 e0912a8:	9400001b 	bl	e091314 <cortex_a72_disable_smp>
 e0912ac:	aa1203fe 	mov	x30, x18
 e0912b0:	14000006 	b	e0912c8 <cortex_a72_disable_ext_debug>

000000000e0912b4 <cortex_a72_cpu_reg_dump>:
 e0912b4:	10064b46 	adr	x6, e09dc1c <cortex_a72_regs>
 e0912b8:	d539f228 	mrs	x8, s3_1_c15_c2_1
 e0912bc:	d539f249 	mrs	x9, s3_1_c15_c2_2
 e0912c0:	d539f26a 	mrs	x10, s3_1_c15_c2_3
 e0912c4:	d65f03c0 	ret

000000000e0912c8 <cortex_a72_disable_ext_debug>:
 e0912c8:	d2800020 	mov	x0, #0x1                   	// #1
 e0912cc:	d5101380 	msr	osdlr_el1, x0
 e0912d0:	d5033fdf 	isb
 e0912d4:	d5033f9f 	dsb	sy
 e0912d8:	d65f03c0 	ret

000000000e0912dc <cortex_a72_disable_hw_prefetcher>:
 e0912dc:	d539f201 	mrs	x1, s3_1_c15_c2_0
 e0912e0:	b2480021 	orr	x1, x1, #0x100000000000000
 e0912e4:	d519f201 	msr	s3_1_c15_c2_0, x1
 e0912e8:	d5033fdf 	isb
 e0912ec:	d5033b9f 	dsb	ish
 e0912f0:	d65f03c0 	ret

000000000e0912f4 <cortex_a72_disable_l2_prefetch>:
 e0912f4:	d539f220 	mrs	x0, s3_1_c15_c2_1
 e0912f8:	b25a0000 	orr	x0, x0, #0x4000000000
 e0912fc:	d2c00301 	mov	x1, #0x1800000000          	// #103079215104
 e091300:	b2600421 	orr	x1, x1, #0x300000000
 e091304:	8a210000 	bic	x0, x0, x1
 e091308:	d519f220 	msr	s3_1_c15_c2_1, x0
 e09130c:	d5033fdf 	isb
 e091310:	d65f03c0 	ret

000000000e091314 <cortex_a72_disable_smp>:
 e091314:	d539f221 	mrs	x1, s3_1_c15_c2_1
 e091318:	9279f821 	and	x1, x1, #0xffffffffffffffbf
 e09131c:	d519f221 	msr	s3_1_c15_c2_1, x1
 e091320:	d65f03c0 	ret

000000000e091324 <cortex_a72_reset_func>:
 e091324:	aa1e03ef 	mov	x15, x30
 e091328:	d5380000 	mrs	x0, midr_el1
 e09132c:	d3505c0e 	ubfx	x14, x0, #16, #8
 e091330:	b3400c0e 	bfxil	x14, x0, #0, #4
 e091334:	aa0e03e0 	mov	x0, x14
 e091338:	97fffda6 	bl	e0909d0 <check_erratum_cortex_a72_5715>
 e09133c:	aa0e03e7 	mov	x7, x14
 e091340:	b4000060 	cbz	x0, e09134c <erratum_cortex_a72_5715_skip_reset>
 e091344:	100525e1 	adr	x1, e09b800 <mmu_sync_exception_sp_el0>
 e091348:	d51ec001 	msr	vbar_el3, x1

000000000e09134c <erratum_cortex_a72_5715_skip_reset>:
 e09134c:	aa0e03e0 	mov	x0, x14
 e091350:	97fffd9e 	bl	e0909c8 <check_erratum_cortex_a72_3639>
 e091354:	aa0e03e7 	mov	x7, x14
 e091358:	b40000c0 	cbz	x0, e091370 <erratum_cortex_a72_3639_skip_reset>
 e09135c:	d539f201 	mrs	x1, s3_1_c15_c2_0
 e091360:	b2490021 	orr	x1, x1, #0x80000000000000
 e091364:	d519f201 	msr	s3_1_c15_c2_0, x1
 e091368:	d5033fdf 	isb
 e09136c:	d5033f9f 	dsb	sy

000000000e091370 <erratum_cortex_a72_3639_skip_reset>:
 e091370:	aa0e03e0 	mov	x0, x14
 e091374:	97fffd79 	bl	e090958 <check_erratum_cortex_a72_23960>
 e091378:	aa0e03e7 	mov	x7, x14
 e09137c:	b40000c0 	cbz	x0, e091394 <erratum_cortex_a72_23960_skip_reset>
 e091380:	1003e400 	adr	x0, e099000 <bhb_sync_exception_sp_el0_cortex_a72>
 e091384:	d53ec001 	mrs	x1, vbar_el3
 e091388:	eb01001f 	cmp	x0, x1
 e09138c:	54000040 	b.eq	e091394 <erratum_cortex_a72_23960_skip_reset>  // b.none
 e091390:	d51ec000 	msr	vbar_el3, x0

000000000e091394 <erratum_cortex_a72_23960_skip_reset>:
 e091394:	d539f221 	mrs	x1, s3_1_c15_c2_1
 e091398:	b27a0021 	orr	x1, x1, #0x40
 e09139c:	d519f221 	msr	s3_1_c15_c2_1, x1
 e0913a0:	d5033fdf 	isb
 e0913a4:	d65f01e0 	ret	x15

000000000e0913a8 <cortex_a76_core_pwr_dwn>:
 e0913a8:	d538f2e1 	mrs	x1, s3_0_c15_c2_7
 e0913ac:	b2400021 	orr	x1, x1, #0x1
 e0913b0:	d518f2e1 	msr	s3_0_c15_c2_7, x1
 e0913b4:	d5033fdf 	isb
 e0913b8:	d65f03c0 	ret

000000000e0913bc <cortex_a76_cpu_reg_dump>:
 e0913bc:	50064586 	adr	x6, e09dc6e <cortex_a76_regs>
 e0913c0:	d538f188 	mrs	x8, s3_0_c15_c1_4
 e0913c4:	d65f03c0 	ret

000000000e0913c8 <cortex_a76_reset_func>:
 e0913c8:	aa1e03ef 	mov	x15, x30
 e0913cc:	d5380000 	mrs	x0, midr_el1
 e0913d0:	d3505c0e 	ubfx	x14, x0, #16, #8
 e0913d4:	b3400c0e 	bfxil	x14, x0, #0, #4
 e0913d8:	d5380420 	mrs	x0, id_aa64pfr1_el1
 e0913dc:	d344fc00 	lsr	x0, x0, #4
 e0913e0:	92400c00 	and	x0, x0, #0xf
 e0913e4:	f100001f 	cmp	x0, #0x0
 e0913e8:	54000081 	b.ne	e0913f8 <cortex_a76_reset_func+0x30>  // b.any
 e0913ec:	10064320 	adr	x0, e09dc50 <cortex_a72_cpu_str+0xb>
 e0913f0:	d2803c81 	mov	x1, #0x1e4                 	// #484
 e0913f4:	17fffc50 	b	e090534 <asm_assert>
 e0913f8:	10042041 	adr	x1, e099800 <cortex_a76_sync_exception_sp_el0>
 e0913fc:	d51ec001 	msr	vbar_el3, x1
 e091400:	d5033fdf 	isb
 e091404:	d5033fdf 	isb
 e091408:	d65f01e0 	ret	x15

000000000e09140c <cpu_get_rev_var>:
 e09140c:	d5380001 	mrs	x1, midr_el1
 e091410:	d3505c20 	ubfx	x0, x1, #16, #8
 e091414:	b3400c20 	bfxil	x0, x1, #0, #4
 e091418:	d65f03c0 	ret

000000000e09141c <crash_panic>:
 e09141c:	94000184 	bl	e091a2c <plat_panic_handler>
 e091420:	d503201f 	nop

000000000e091424 <dcsw_op_all>:
 e091424:	d5390029 	mrs	x9, clidr_el1
 e091428:	d3586923 	ubfx	x3, x9, #24, #3
 e09142c:	d37ff863 	lsl	x3, x3, #1
 e091430:	aa1f03ea 	mov	x10, xzr
 e091434:	14000018 	b	e091494 <do_dcsw_op>

000000000e091438 <dcsw_op_level1>:
 e091438:	d5390029 	mrs	x9, clidr_el1
 e09143c:	d2800043 	mov	x3, #0x2                   	// #2
 e091440:	d100086a 	sub	x10, x3, #0x2
 e091444:	14000014 	b	e091494 <do_dcsw_op>

000000000e091448 <dcsw_op_level2>:
 e091448:	d5390029 	mrs	x9, clidr_el1
 e09144c:	d2800083 	mov	x3, #0x4                   	// #4
 e091450:	d100086a 	sub	x10, x3, #0x2
 e091454:	14000010 	b	e091494 <do_dcsw_op>

000000000e091458 <disable_mmu_el3>:
 e091458:	d28000a1 	mov	x1, #0x5                   	// #5

000000000e09145c <do_disable_mmu_el3>:
 e09145c:	d53e1000 	mrs	x0, sctlr_el3
 e091460:	8a210000 	bic	x0, x0, x1
 e091464:	d51e1000 	msr	sctlr_el3, x0
 e091468:	d5033fdf 	isb
 e09146c:	d5033f9f 	dsb	sy
 e091470:	d65f03c0 	ret

000000000e091474 <do_cpu_reg_dump>:
 e091474:	aa1e03f0 	mov	x16, x30
 e091478:	940000ae 	bl	e091730 <get_cpu_ops_ptr>
 e09147c:	b4000080 	cbz	x0, e09148c <do_cpu_reg_dump+0x18>
 e091480:	f9402402 	ldr	x2, [x0, #72]
 e091484:	b4000042 	cbz	x2, e09148c <do_cpu_reg_dump+0x18>
 e091488:	d63f0040 	blr	x2
 e09148c:	aa1003fe 	mov	x30, x16
 e091490:	d65f03c0 	ret

000000000e091494 <do_dcsw_op>:
 e091494:	b40004c3 	cbz	x3, e09152c <exit>
 e091498:	d538074c 	mrs	x12, id_aa64mmfr2_el1
 e09149c:	d3545d8c 	ubfx	x12, x12, #20, #4
 e0914a0:	1000048e 	adr	x14, e091530 <dcsw_loop_table>
 e0914a4:	8b0015ce 	add	x14, x14, x0, lsl #5
 e0914a8:	aa0903e0 	mov	x0, x9
 e0914ac:	52800028 	mov	w8, #0x1                   	// #1

000000000e0914b0 <loop1>:
 e0914b0:	8b4a0542 	add	x2, x10, x10, lsr #1
 e0914b4:	9ac22401 	lsr	x1, x0, x2
 e0914b8:	92400821 	and	x1, x1, #0x7
 e0914bc:	f100083f 	cmp	x1, #0x2
 e0914c0:	540002a3 	b.cc	e091514 <level_done>  // b.lo, b.ul, b.last
 e0914c4:	d51a000a 	msr	csselr_el1, x10
 e0914c8:	d5033fdf 	isb
 e0914cc:	d5390001 	mrs	x1, ccsidr_el1
 e0914d0:	92400822 	and	x2, x1, #0x7
 e0914d4:	91001042 	add	x2, x2, #0x4
 e0914d8:	b400006c 	cbz	x12, e0914e4 <loop1+0x34>
 e0914dc:	d3435c24 	ubfx	x4, x1, #3, #21
 e0914e0:	14000002 	b	e0914e8 <loop1+0x38>
 e0914e4:	d3433024 	ubfx	x4, x1, #3, #10
 e0914e8:	5ac01085 	clz	w5, w4
 e0914ec:	1ac52089 	lsl	w9, w4, w5
 e0914f0:	1ac52110 	lsl	w16, w8, w5
 e0914f4:	2a090149 	orr	w9, w10, w9
 e0914f8:	b400006c 	cbz	x12, e091504 <loop1+0x54>
 e0914fc:	d360dc26 	ubfx	x6, x1, #32, #24
 e091500:	14000002 	b	e091508 <loop1+0x58>
 e091504:	530d6c26 	ubfx	w6, w1, #13, #15
 e091508:	1ac22111 	lsl	w17, w8, w2
 e09150c:	d5033f9f 	dsb	sy
 e091510:	d61f01c0 	br	x14

000000000e091514 <level_done>:
 e091514:	9100094a 	add	x10, x10, #0x2
 e091518:	eb0a007f 	cmp	x3, x10
 e09151c:	54fffca8 	b.hi	e0914b0 <loop1>  // b.pmore
 e091520:	d51a001f 	msr	csselr_el1, xzr
 e091524:	d5033f9f 	dsb	sy
 e091528:	d5033fdf 	isb

000000000e09152c <exit>:
 e09152c:	d65f03c0 	ret

000000000e091530 <dcsw_loop_table>:
 e091530:	1ac220c7 	lsl	w7, w6, w2

000000000e091534 <loop3_isw>:
 e091534:	2a07012b 	orr	w11, w9, w7
 e091538:	d508764b 	dc	isw, x11
 e09153c:	6b1100e7 	subs	w7, w7, w17
 e091540:	54ffffa2 	b.cs	e091534 <loop3_isw>  // b.hs, b.nlast
 e091544:	eb100129 	subs	x9, x9, x16
 e091548:	54ffff42 	b.cs	e091530 <dcsw_loop_table>  // b.hs, b.nlast
 e09154c:	17fffff2 	b	e091514 <level_done>

000000000e091550 <loop2_cisw>:
 e091550:	1ac220c7 	lsl	w7, w6, w2

000000000e091554 <loop3_cisw>:
 e091554:	2a07012b 	orr	w11, w9, w7
 e091558:	d5087e4b 	dc	cisw, x11
 e09155c:	6b1100e7 	subs	w7, w7, w17
 e091560:	54ffffa2 	b.cs	e091554 <loop3_cisw>  // b.hs, b.nlast
 e091564:	eb100129 	subs	x9, x9, x16
 e091568:	54ffff42 	b.cs	e091550 <loop2_cisw>  // b.hs, b.nlast
 e09156c:	17ffffea 	b	e091514 <level_done>

000000000e091570 <loop2_csw>:
 e091570:	1ac220c7 	lsl	w7, w6, w2

000000000e091574 <loop3_csw>:
 e091574:	2a07012b 	orr	w11, w9, w7
 e091578:	d5087a4b 	dc	csw, x11
 e09157c:	6b1100e7 	subs	w7, w7, w17
 e091580:	54ffffa2 	b.cs	e091574 <loop3_csw>  // b.hs, b.nlast
 e091584:	eb100129 	subs	x9, x9, x16
 e091588:	54ffff42 	b.cs	e091570 <loop2_csw>  // b.hs, b.nlast
 e09158c:	17ffffe2 	b	e091514 <level_done>

000000000e091590 <el3_exit>:
 e091590:	d5384211 	mrs	x17, spsel
 e091594:	f100023f 	cmp	x17, #0x0
 e091598:	54000080 	b.eq	e0915a8 <el3_exit+0x18>  // b.none
 e09159c:	10063b20 	adr	x0, e09dd00 <qemu_max_cpu_str+0x9>
 e0915a0:	d2805301 	mov	x1, #0x298                 	// #664
 e0915a4:	17fffbe4 	b	e090534 <asm_assert>
 e0915a8:	910003f1 	mov	x17, sp
 e0915ac:	d50041bf 	msr	spsel, #0x1
 e0915b0:	f90087f1 	str	x17, [sp, #264]
 e0915b4:	f94083ea 	ldr	x10, [sp, #256]
 e0915b8:	d37ef949 	ubfx	x9, x10, #62, #1
 e0915bc:	f100053f 	cmp	x9, #0x1
 e0915c0:	54000060 	b.eq	e0915cc <realm_state>  // b.none
 e0915c4:	b3400149 	bfxil	x9, x10, #0, #1
 e0915c8:	14000002 	b	e0915d0 <end>

000000000e0915cc <realm_state>:
 e0915cc:	d2800049 	mov	x9, #0x2                   	// #2

000000000e0915d0 <end>:
 e0915d0:	d280020a 	mov	x10, #0x10                  	// #16
 e0915d4:	9b0a7d29 	mul	x9, x9, x10
 e0915d8:	d000016a 	adrp	x10, e0bf000 <__STACKS_START__+0x1f740>
 e0915dc:	9126014a 	add	x10, x10, #0x980
 e0915e0:	8b0a0129 	add	x9, x9, x10
 e0915e4:	aa0903e9 	mov	x9, x9
 e0915e8:	a9405133 	ldp	x19, x20, [x9]
 e0915ec:	d51e1153 	msr	cptr_el3, x19
 e0915f0:	d5380408 	mrs	x8, id_aa64pfr0_el1
 e0915f4:	d368fd08 	lsr	x8, x8, #40
 e0915f8:	92400d08 	and	x8, x8, #0xf
 e0915fc:	d5380427 	mrs	x7, id_aa64pfr1_el1
 e091600:	d350fce7 	lsr	x7, x7, #16
 e091604:	92400ce7 	and	x7, x7, #0xf
 e091608:	aa0800e7 	orr	x7, x7, x8
 e09160c:	b4000067 	cbz	x7, e091618 <no_mpam>
 e091610:	f9400531 	ldr	x17, [x9, #8]
 e091614:	d51ea511 	msr	mpam3_el3, x17

000000000e091618 <no_mpam>:
 e091618:	d5033f9f 	dsb	sy
 e09161c:	d5033fdf 	isb
 e091620:	a95147f0 	ldp	x16, x17, [sp, #272]
 e091624:	f94083f2 	ldr	x18, [sp, #256]
 e091628:	f9409bf3 	ldr	x19, [sp, #304]
 e09162c:	d51e4010 	msr	spsr_el3, x16
 e091630:	d51e4031 	msr	elr_el3, x17
 e091634:	d51e1112 	msr	scr_el3, x18
 e091638:	d51e1333 	msr	mdcr_el3, x19
 e09163c:	94000245 	bl	e091f50 <restore_el3_runtime_regs>
 e091640:	f9407bfe 	ldr	x30, [sp, #240]
 e091644:	f900a3ff 	str	xzr, [sp, #320]
 e091648:	d69f03e0 	eret
 e09164c:	d5033f9f 	dsb	sy
 e091650:	d5033fdf 	isb

000000000e091654 <el3_panic>:
 e091654:	14000174 	b	e091c24 <report_el3_panic>

000000000e091658 <panic_common>:
 e091658:	aa1e03e6 	mov	x6, x30
 e09165c:	940000e2 	bl	e0919e4 <plat_crash_console_init>
 e091660:	b4000100 	cbz	x0, e091680 <_panic_handler>
 e091664:	70062424 	adr	x4, e09daeb <panic_msg>
 e091668:	97fffbd9 	bl	e0905cc <asm_print_str>
 e09166c:	aa0603e4 	mov	x4, x6
 e091670:	d1001084 	sub	x4, x4, #0x4
 e091674:	97fffbc8 	bl	e090594 <asm_print_hex>
 e091678:	97fffbd3 	bl	e0905c4 <asm_print_newline>
 e09167c:	940000d8 	bl	e0919dc <plat_crash_console_flush>

000000000e091680 <_panic_handler>:
 e091680:	aa0603fe 	mov	x30, x6
 e091684:	140000ea 	b	e091a2c <plat_panic_handler>

000000000e091688 <enable_mmu_direct_el3>:
 e091688:	d53e1001 	mrs	x1, sctlr_el3
 e09168c:	f240003f 	tst	x1, #0x1
 e091690:	54000080 	b.eq	e0916a0 <enable_mmu_direct_el3+0x18>  // b.none
 e091694:	50063460 	adr	x0, e09dd22 <qemu_max_cpu_str+0x2b>
 e091698:	d2800541 	mov	x1, #0x2a                  	// #42
 e09169c:	17fffba6 	b	e090534 <asm_assert>
 e0916a0:	d50e871f 	tlbi	alle3
 e0916a4:	aa0003e7 	mov	x7, x0
 e0916a8:	f0000160 	adrp	x0, e0c0000 <warmboot_ep_info+0x650>
 e0916ac:	911b8000 	add	x0, x0, #0x6e0
 e0916b0:	f9400001 	ldr	x1, [x0]
 e0916b4:	d51ea201 	msr	mair_el3, x1
 e0916b8:	f9400402 	ldr	x2, [x0, #8]
 e0916bc:	d51e2042 	msr	tcr_el3, x2
 e0916c0:	f9400803 	ldr	x3, [x0, #16]
 e0916c4:	d51e2003 	msr	ttbr0_el3, x3
 e0916c8:	d5033b9f 	dsb	ish
 e0916cc:	d5033fdf 	isb
 e0916d0:	d53e1004 	mrs	x4, sctlr_el3
 e0916d4:	d28000a5 	mov	x5, #0x5                   	// #5
 e0916d8:	f2a00105 	movk	x5, #0x8, lsl #16
 e0916dc:	aa050084 	orr	x4, x4, x5
 e0916e0:	927df885 	and	x5, x4, #0xfffffffffffffffb
 e0916e4:	f24000ff 	tst	x7, #0x1
 e0916e8:	9a8410a4 	csel	x4, x5, x4, ne	// ne = any
 e0916ec:	d51e1004 	msr	sctlr_el3, x4
 e0916f0:	d5033fdf 	isb
 e0916f4:	d65f03c0 	ret

000000000e0916f8 <flush_dcache_range>:
 e0916f8:	b40001a1 	cbz	x1, e09172c <exit_loop_civac>
 e0916fc:	d53b0023 	mrs	x3, ctr_el0
 e091700:	d3504c63 	ubfx	x3, x3, #16, #4
 e091704:	d2800082 	mov	x2, #0x4                   	// #4
 e091708:	9ac32042 	lsl	x2, x2, x3
 e09170c:	8b010001 	add	x1, x0, x1
 e091710:	d1000443 	sub	x3, x2, #0x1
 e091714:	8a230000 	bic	x0, x0, x3

000000000e091718 <loop_civac>:
 e091718:	d50b7e20 	dc	civac, x0
 e09171c:	8b020000 	add	x0, x0, x2
 e091720:	eb01001f 	cmp	x0, x1
 e091724:	54ffffa3 	b.cc	e091718 <loop_civac>  // b.lo, b.ul, b.last
 e091728:	d5033f9f 	dsb	sy

000000000e09172c <exit_loop_civac>:
 e09172c:	d65f03c0 	ret

000000000e091730 <get_cpu_ops_ptr>:
 e091730:	d5380002 	mrs	x2, midr_el1
 e091734:	d29ffe03 	mov	x3, #0xfff0                	// #65520
 e091738:	f2bfe003 	movk	x3, #0xff00, lsl #16
 e09173c:	0a030042 	and	w2, w2, w3
 e091740:	b0000065 	adrp	x5, e09e000 <__CPU_OPS_START__+0x270>
 e091744:	910540a5 	add	x5, x5, #0x150
 e091748:	d2800000 	mov	x0, #0x0                   	// #0
 e09174c:	90000064 	adrp	x4, e09d000 <qemu_pm_idle_states+0x3fc>
 e091750:	91364084 	add	x4, x4, #0xd90
 e091754:	eb05009f 	cmp	x4, x5
 e091758:	54000180 	b.eq	e091788 <search_def_ptr>  // b.none
 e09175c:	f8450481 	ldr	x1, [x4], #80
 e091760:	0a030021 	and	w1, w1, w3
 e091764:	6b02003f 	cmp	w1, w2
 e091768:	54ffff61 	b.ne	e091754 <get_cpu_ops_ptr+0x24>  // b.any
 e09176c:	d1014080 	sub	x0, x4, #0x50
 e091770:	f100001f 	cmp	x0, #0x0
 e091774:	54000081 	b.ne	e091784 <get_cpu_ops_ptr+0x54>  // b.any
 e091778:	70062860 	adr	x0, e09dc87 <cortex_a76_cpu_str+0xb>
 e09177c:	d2800bc1 	mov	x1, #0x5e                  	// #94
 e091780:	17fffb6d 	b	e090534 <asm_assert>
 e091784:	d65f03c0 	ret

000000000e091788 <search_def_ptr>:
 e091788:	f100001f 	cmp	x0, #0x0
 e09178c:	54000081 	b.ne	e09179c <search_def_ptr+0x14>  // b.any
 e091790:	700627a0 	adr	x0, e09dc87 <cortex_a76_cpu_str+0xb>
 e091794:	d2800f61 	mov	x1, #0x7b                  	// #123
 e091798:	17fffb67 	b	e090534 <asm_assert>
 e09179c:	d65f03c0 	ret

000000000e0917a0 <imp_def_el3_handler>:
 e0917a0:	a90007e0 	stp	x0, x1, [sp]
 e0917a4:	a9010fe2 	stp	x2, x3, [sp, #16]
 e0917a8:	a90217e4 	stp	x4, x5, [sp, #32]
 e0917ac:	97ffffe1 	bl	e091730 <get_cpu_ops_ptr>
 e0917b0:	f9400800 	ldr	x0, [x0, #16]
 e0917b4:	b4000080 	cbz	x0, e0917c4 <el3_handler_exit>
 e0917b8:	d53e5201 	mrs	x1, esr_el3
 e0917bc:	d35a7c21 	ubfx	x1, x1, #26, #6
 e0917c0:	d63f0000 	blr	x0

000000000e0917c4 <el3_handler_exit>:
 e0917c4:	a94007e0 	ldp	x0, x1, [sp]
 e0917c8:	a9410fe2 	ldp	x2, x3, [sp, #16]
 e0917cc:	a94217e4 	ldp	x4, x5, [sp, #32]
 e0917d0:	f9407bfe 	ldr	x30, [sp, #240]
 e0917d4:	94000192 	bl	e091e1c <report_unhandled_exception>
 e0917d8:	d503201f 	nop

000000000e0917dc <inv_dcache_range>:
 e0917dc:	b40001a1 	cbz	x1, e091810 <exit_loop_ivac>
 e0917e0:	d53b0023 	mrs	x3, ctr_el0
 e0917e4:	d3504c63 	ubfx	x3, x3, #16, #4
 e0917e8:	d2800082 	mov	x2, #0x4                   	// #4
 e0917ec:	9ac32042 	lsl	x2, x2, x3
 e0917f0:	8b010001 	add	x1, x0, x1
 e0917f4:	d1000443 	sub	x3, x2, #0x1
 e0917f8:	8a230000 	bic	x0, x0, x3

000000000e0917fc <loop_ivac>:
 e0917fc:	d5087620 	dc	ivac, x0
 e091800:	8b020000 	add	x0, x0, x2
 e091804:	eb01001f 	cmp	x0, x1
 e091808:	54ffffa3 	b.cc	e0917fc <loop_ivac>  // b.lo, b.ul, b.last
 e09180c:	d5033f9f 	dsb	sy

000000000e091810 <exit_loop_ivac>:
 e091810:	d65f03c0 	ret

000000000e091814 <neoverse_n1_core_pwr_dwn>:
 e091814:	d538f2e1 	mrs	x1, s3_0_c15_c2_7
 e091818:	b2400021 	orr	x1, x1, #0x1
 e09181c:	d518f2e1 	msr	s3_0_c15_c2_7, x1
 e091820:	d5033fdf 	isb
 e091824:	d65f03c0 	ret

000000000e091828 <neoverse_n1_cpu_reg_dump>:
 e091828:	500623e6 	adr	x6, e09dca6 <neoverse_n1_regs>
 e09182c:	d538f188 	mrs	x8, s3_0_c15_c1_4
 e091830:	d65f03c0 	ret

000000000e091834 <neoverse_n1_disable_speculative_loads>:
 e091834:	d5380420 	mrs	x0, id_aa64pfr1_el1
 e091838:	f27c0c1f 	tst	x0, #0xf0
 e09183c:	54000040 	b.eq	e091844 <neoverse_n1_disable_speculative_loads+0x10>  // b.none
 e091840:	d51b42df 	msr	ssbs, xzr
 e091844:	d65f03c0 	ret

000000000e091848 <neoverse_n1_errata_ic_trap_handler>:
 e091848:	f1007c3f 	cmp	x1, #0x1f
 e09184c:	540001a1 	b.ne	e091880 <neoverse_n1_errata_ic_trap_handler+0x38>  // b.any
 e091850:	d50e833f 	tlbi	vae3is, xzr
 e091854:	d5033f9f 	dsb	sy
 e091858:	d53e4023 	mrs	x3, elr_el3
 e09185c:	91001063 	add	x3, x3, #0x4
 e091860:	d51e4023 	msr	elr_el3, x3
 e091864:	a94007e0 	ldp	x0, x1, [sp]
 e091868:	a9410fe2 	ldp	x2, x3, [sp, #16]
 e09186c:	a94217e4 	ldp	x4, x5, [sp, #32]
 e091870:	f9407bfe 	ldr	x30, [sp, #240]
 e091874:	d69f03e0 	eret
 e091878:	d5033f9f 	dsb	sy
 e09187c:	d5033fdf 	isb
 e091880:	d65f03c0 	ret

000000000e091884 <neoverse_n1_reset_func>:
 e091884:	aa1e03ef 	mov	x15, x30
 e091888:	d5380000 	mrs	x0, midr_el1
 e09188c:	d3505c0e 	ubfx	x14, x0, #16, #8
 e091890:	b3400c0e 	bfxil	x14, x0, #0, #4
 e091894:	aa0e03e0 	mov	x0, x14
 e091898:	97fffcce 	bl	e090bd0 <check_erratum_neoverse_n1_23960>
 e09189c:	aa0e03e7 	mov	x7, x14
 e0918a0:	b4000060 	cbz	x0, e0918ac <erratum_neoverse_n1_23960_skip_reset>
 e0918a4:	10043ae1 	adr	x1, e09a000 <bhb_sync_exception_sp_el0_neoverse_n1>
 e0918a8:	d51ec001 	msr	vbar_el3, x1

000000000e0918ac <erratum_neoverse_n1_23960_skip_reset>:
 e0918ac:	97ffffe2 	bl	e091834 <neoverse_n1_disable_speculative_loads>
 e0918b0:	d538f121 	mrs	x1, s3_0_c15_c1_1
 e0918b4:	b27e0021 	orr	x1, x1, #0x4
 e0918b8:	d518f121 	msr	s3_0_c15_c1_1, x1
 e0918bc:	d5033fdf 	isb
 e0918c0:	d5033fdf 	isb
 e0918c4:	d65f01e0 	ret	x15

000000000e0918c8 <neoverse_n2_core_pwr_dwn>:
 e0918c8:	d538f2e1 	mrs	x1, s3_0_c15_c2_7
 e0918cc:	b2400021 	orr	x1, x1, #0x1
 e0918d0:	d518f2e1 	msr	s3_0_c15_c2_7, x1
 e0918d4:	d5033fdf 	isb
 e0918d8:	d65f03c0 	ret

000000000e0918dc <neoverse_n2_cpu_reg_dump>:
 e0918dc:	10061f26 	adr	x6, e09dcc0 <neoverse_n2_regs>
 e0918e0:	d538f2e8 	mrs	x8, s3_0_c15_c2_7
 e0918e4:	d65f03c0 	ret

000000000e0918e8 <neoverse_n2_reset_func>:
 e0918e8:	aa1e03ef 	mov	x15, x30
 e0918ec:	d5380000 	mrs	x0, midr_el1
 e0918f0:	d3505c0e 	ubfx	x14, x0, #16, #8
 e0918f4:	b3400c0e 	bfxil	x14, x0, #0, #4
 e0918f8:	aa0e03e0 	mov	x0, x14
 e0918fc:	97fffd0c 	bl	e090d2c <check_erratum_neoverse_n2_23960>
 e091900:	aa0e03e7 	mov	x7, x14
 e091904:	b4000060 	cbz	x0, e091910 <erratum_neoverse_n2_23960_skip_reset>
 e091908:	100477c1 	adr	x1, e09a800 <bhb_sync_exception_sp_el0_neoverse_n2>
 e09190c:	d51ec001 	msr	vbar_el3, x1

000000000e091910 <erratum_neoverse_n2_23960_skip_reset>:
 e091910:	aa0e03e0 	mov	x0, x14
 e091914:	97fffd1d 	bl	e090d88 <check_erratum_neoverse_n2_5660>
 e091918:	aa0e03e7 	mov	x7, x14
 e09191c:	b4000080 	cbz	x0, e09192c <erratum_neoverse_n2_5660_skip_reset>
 e091920:	d538f181 	mrs	x1, s3_0_c15_c1_4
 e091924:	b2520021 	orr	x1, x1, #0x400000000000
 e091928:	d518f181 	msr	s3_0_c15_c1_4, x1

000000000e09192c <erratum_neoverse_n2_5660_skip_reset>:
 e09192c:	d5380420 	mrs	x0, id_aa64pfr1_el1
 e091930:	f27c0c1f 	tst	x0, #0xf0
 e091934:	54000040 	b.eq	e09193c <erratum_neoverse_n2_5660_skip_reset+0x10>  // b.none
 e091938:	d51b42df 	msr	ssbs, xzr
 e09193c:	d538f121 	mrs	x1, s3_0_c15_c1_1
 e091940:	b27e0021 	orr	x1, x1, #0x4
 e091944:	d518f121 	msr	s3_0_c15_c1_1, x1
 e091948:	d5033fdf 	isb
 e09194c:	d65f01e0 	ret	x15

000000000e091950 <neoverse_v1_core_pwr_dwn>:
 e091950:	d538f2e1 	mrs	x1, s3_0_c15_c2_7
 e091954:	b2400021 	orr	x1, x1, #0x1
 e091958:	d518f2e1 	msr	s3_0_c15_c2_7, x1
 e09195c:	d5033fdf 	isb
 e091960:	d65f03c0 	ret

000000000e091964 <neoverse_v1_cpu_reg_dump>:
 e091964:	10061bc6 	adr	x6, e09dcdc <neoverse_v1_regs>
 e091968:	d538f188 	mrs	x8, s3_0_c15_c1_4
 e09196c:	d65f03c0 	ret

000000000e091970 <neoverse_v1_reset_func>:
 e091970:	aa1e03ef 	mov	x15, x30
 e091974:	d5380000 	mrs	x0, midr_el1
 e091978:	d3505c0e 	ubfx	x14, x0, #16, #8
 e09197c:	b3400c0e 	bfxil	x14, x0, #0, #4
 e091980:	aa0e03e0 	mov	x0, x14
 e091984:	97fffd30 	bl	e090e44 <check_erratum_neoverse_v1_23960>
 e091988:	aa0e03e7 	mov	x7, x14
 e09198c:	b4000060 	cbz	x0, e091998 <erratum_neoverse_v1_23960_skip_reset>
 e091990:	1004b381 	adr	x1, e09b000 <bhb_sync_exception_sp_el0_neoverse_v1>
 e091994:	d51ec001 	msr	vbar_el3, x1

000000000e091998 <erratum_neoverse_v1_23960_skip_reset>:
 e091998:	aa0e03e0 	mov	x0, x14
 e09199c:	97fffd35 	bl	e090e70 <check_erratum_neoverse_v1_5660>
 e0919a0:	aa0e03e7 	mov	x7, x14
 e0919a4:	b4000080 	cbz	x0, e0919b4 <erratum_neoverse_v1_5660_skip_reset>
 e0919a8:	d538f181 	mrs	x1, s3_0_c15_c1_4
 e0919ac:	b2520021 	orr	x1, x1, #0x400000000000
 e0919b0:	d518f181 	msr	s3_0_c15_c1_4, x1

000000000e0919b4 <erratum_neoverse_v1_5660_skip_reset>:
 e0919b4:	d51b42df 	msr	ssbs, xzr
 e0919b8:	d5033fdf 	isb
 e0919bc:	d65f01e0 	ret	x15

000000000e0919c0 <per_cpu_base>:
 e0919c0:	f0000161 	adrp	x1, e0c0000 <warmboot_ep_info+0x650>
 e0919c4:	91240021 	add	x1, x1, #0x900
 e0919c8:	f0000162 	adrp	x2, e0c0000 <warmboot_ep_info+0x650>
 e0919cc:	91310042 	add	x2, x2, #0xc40
 e0919d0:	cb010042 	sub	x2, x2, x1
 e0919d4:	9b000440 	madd	x0, x2, x0, x1
 e0919d8:	d65f03c0 	ret

000000000e0919dc <plat_crash_console_flush>:
 e0919dc:	d2a12080 	mov	x0, #0x9040000             	// #151257088
 e0919e0:	17fffd35 	b	e090eb4 <console_pl011_core_flush>

000000000e0919e4 <plat_crash_console_init>:
 e0919e4:	d2a12080 	mov	x0, #0x9040000             	// #151257088
 e0919e8:	d2800021 	mov	x1, #0x1                   	// #1
 e0919ec:	d2984002 	mov	x2, #0xc200                	// #49664
 e0919f0:	f2a00022 	movk	x2, #0x1, lsl #16
 e0919f4:	17fffd38 	b	e090ed4 <console_pl011_core_init>

000000000e0919f8 <plat_crash_console_putc>:
 e0919f8:	d2a12081 	mov	x1, #0x9040000             	// #151257088
 e0919fc:	17fffd4c 	b	e090f2c <console_pl011_core_putc>

000000000e091a00 <plat_disable_acp>:
 e091a00:	d65f03c0 	ret

000000000e091a04 <plat_get_my_stack>:
 e091a04:	aa1e03ea 	mov	x10, x30
 e091a08:	94000007 	bl	e091a24 <plat_my_core_pos>
 e091a0c:	f0000062 	adrp	x2, e0a0000 <__STACKS_START__+0x740>
 e091a10:	91230042 	add	x2, x2, #0x8c0
 e091a14:	d2820001 	mov	x1, #0x1000                	// #4096
 e091a18:	9b010800 	madd	x0, x0, x1, x2
 e091a1c:	d65f0140 	ret	x10

000000000e091a20 <plat_handle_el3_ea>:
 e091a20:	140000ff 	b	e091e1c <report_unhandled_exception>

000000000e091a24 <plat_my_core_pos>:
 e091a24:	d53800a0 	mrs	x0, mpidr_el1
 e091a28:	14000003 	b	e091a34 <plat_qemu_calc_core_pos>

000000000e091a2c <plat_panic_handler>:
 e091a2c:	d503207f 	wfi
 e091a30:	17ffffff 	b	e091a2c <plat_panic_handler>

000000000e091a34 <plat_qemu_calc_core_pos>:
 e091a34:	92401c01 	and	x1, x0, #0xff
 e091a38:	92781c00 	and	x0, x0, #0xff00
 e091a3c:	8b401020 	add	x0, x1, x0, lsr #4
 e091a40:	d65f03c0 	ret

000000000e091a44 <plat_reset_handler>:
 e091a44:	d65f03c0 	ret

000000000e091a48 <plat_secondary_cold_boot_setup>:
 e091a48:	97fffff7 	bl	e091a24 <plat_my_core_pos>
 e091a4c:	d37df000 	lsl	x0, x0, #3
 e091a50:	d2800102 	mov	x2, #0x8                   	// #8
 e091a54:	f2a1c002 	movk	x2, #0xe00, lsl #16

000000000e091a58 <poll_mailbox>:
 e091a58:	f8606841 	ldr	x1, [x2, x0]
 e091a5c:	b40000c1 	cbz	x1, e091a74 <poll_mailbox+0x1c>
 e091a60:	d2800001 	mov	x1, #0x0                   	// #0
 e091a64:	f8206841 	str	x1, [x2, x0]
 e091a68:	d2a1c000 	mov	x0, #0xe000000             	// #234881024
 e091a6c:	f9400001 	ldr	x1, [x0]
 e091a70:	d61f0020 	br	x1
 e091a74:	d503205f 	wfe
 e091a78:	17fffff8 	b	e091a58 <poll_mailbox>

000000000e091a7c <plat_set_my_stack>:
 e091a7c:	aa1e03e9 	mov	x9, x30
 e091a80:	97ffffe1 	bl	e091a04 <plat_get_my_stack>
 e091a84:	9100001f 	mov	sp, x0
 e091a88:	d65f0120 	ret	x9

000000000e091a8c <prepare_el3_entry>:
 e091a8c:	d503223f 	psb	csync
 e091a90:	d5033fdf 	isb
 e091a94:	a90007e0 	stp	x0, x1, [sp]
 e091a98:	a9010fe2 	stp	x2, x3, [sp, #16]
 e091a9c:	a90217e4 	stp	x4, x5, [sp, #32]
 e091aa0:	a9031fe6 	stp	x6, x7, [sp, #48]
 e091aa4:	a90427e8 	stp	x8, x9, [sp, #64]
 e091aa8:	a9052fea 	stp	x10, x11, [sp, #80]
 e091aac:	a90637ec 	stp	x12, x13, [sp, #96]
 e091ab0:	a9073fee 	stp	x14, x15, [sp, #112]
 e091ab4:	a90847f0 	stp	x16, x17, [sp, #128]
 e091ab8:	a9094ff2 	stp	x18, x19, [sp, #144]
 e091abc:	a90a57f4 	stp	x20, x21, [sp, #160]
 e091ac0:	a90b5ff6 	stp	x22, x23, [sp, #176]
 e091ac4:	a90c67f8 	stp	x24, x25, [sp, #192]
 e091ac8:	a90d6ffa 	stp	x26, x27, [sp, #208]
 e091acc:	a90e77fc 	stp	x28, x29, [sp, #224]
 e091ad0:	d5384112 	mrs	x18, sp_el0
 e091ad4:	f9007ff2 	str	x18, [sp, #248]
 e091ad8:	d53b9c09 	mrs	x9, pmcr_el0
 e091adc:	f90093e9 	str	x9, [sp, #288]
 e091ae0:	d50344ff 	msr	daifclr, #0x4
 e091ae4:	d53e132f 	mrs	x15, mdcr_el3
 e091ae8:	b27001ef 	orr	x15, x15, #0x10000
 e091aec:	d51e132f 	msr	mdcr_el3, x15
 e091af0:	d53e110f 	mrs	x15, scr_el3
 e091af4:	b27d01ef 	orr	x15, x15, #0x8
 e091af8:	b27701ef 	orr	x15, x15, #0x200
 e091afc:	9257f9ef 	and	x15, x15, #0xfffffeffffffffff
 e091b00:	d51e110f 	msr	scr_el3, x15
 e091b04:	d53b9c0f 	mrs	x15, pmcr_el0
 e091b08:	b27b01ef 	orr	x15, x15, #0x20
 e091b0c:	d51b9c0f 	msr	pmcr_el0, x15
 e091b10:	d53e114f 	mrs	x15, cptr_el3
 e091b14:	b27801ef 	orr	x15, x15, #0x100
 e091b18:	b27601ef 	orr	x15, x15, #0x400
 e091b1c:	b27401ef 	orr	x15, x15, #0x1000
 e091b20:	d51e114f 	msr	cptr_el3, x15
 e091b24:	d538040f 	mrs	x15, id_aa64pfr0_el1
 e091b28:	d370cdef 	ubfx	x15, x15, #48, #4
 e091b2c:	b400006f 	cbz	x15, e091b38 <prepare_el3_entry+0xac>
 e091b30:	d2a0200f 	mov	x15, #0x1000000             	// #16777216
 e091b34:	d51b42af 	msr	dit, x15
 e091b38:	d5033fdf 	isb
 e091b3c:	910003e0 	mov	x0, sp
 e091b40:	d53e401c 	mrs	x28, spsr_el3
 e091b44:	d53e403d 	mrs	x29, elr_el3
 e091b48:	a911741c 	stp	x28, x29, [x0, #272]
 e091b4c:	f940841b 	ldr	x27, [x0, #264]
 e091b50:	d50040bf 	msr	spsel, #0x0
 e091b54:	9100037f 	mov	sp, x27
 e091b58:	d65f03c0 	ret

000000000e091b5c <print_alignment>:
 e091b5c:	7005f104 	adr	x4, e09d97f <prefix>
 e091b60:	8b000084 	add	x4, x4, x0
 e091b64:	17fffa9a 	b	e0905cc <asm_print_str>

000000000e091b68 <qemu_max_cluster_pwr_dwn>:
 e091b68:	d2800020 	mov	x0, #0x1                   	// #1
 e091b6c:	17fffe2e 	b	e091424 <dcsw_op_all>

000000000e091b70 <qemu_max_core_pwr_dwn>:
 e091b70:	aa1e03f2 	mov	x18, x30
 e091b74:	d2800020 	mov	x0, #0x1                   	// #1
 e091b78:	97fffe30 	bl	e091438 <dcsw_op_level1>
 e091b7c:	aa1203fe 	mov	x30, x18
 e091b80:	d65f03c0 	ret

000000000e091b84 <qemu_max_cpu_reg_dump>:
 e091b84:	50060b86 	adr	x6, e09dcf6 <qemu_max_regs>
 e091b88:	d65f03c0 	ret

000000000e091b8c <qemu_max_reset_func>:
 e091b8c:	aa1e03ef 	mov	x15, x30
 e091b90:	d5380000 	mrs	x0, midr_el1
 e091b94:	d3505c0e 	ubfx	x14, x0, #16, #8
 e091b98:	b3400c0e 	bfxil	x14, x0, #0, #4
 e091b9c:	d5033fdf 	isb
 e091ba0:	d65f01e0 	ret	x15

000000000e091ba4 <reflect_pending_async_ea_to_lower_el>:
 e091ba4:	a90e77fc 	stp	x28, x29, [sp, #224]
 e091ba8:	f9409ffd 	ldr	x29, [sp, #312]
 e091bac:	d53e403c 	mrs	x28, elr_el3
 e091bb0:	eb1c03bf 	cmp	x29, x28
 e091bb4:	54000080 	b.eq	e091bc4 <check_loop_ctr>  // b.none
 e091bb8:	f9009ffc 	str	x28, [sp, #312]
 e091bbc:	f900a3ff 	str	xzr, [sp, #320]
 e091bc0:	14000006 	b	e091bd8 <skip_loop_ctr>

000000000e091bc4 <check_loop_ctr>:
 e091bc4:	f940a3fd 	ldr	x29, [sp, #320]
 e091bc8:	910007bd 	add	x29, x29, #0x1
 e091bcc:	f900a3fd 	str	x29, [sp, #320]
 e091bd0:	f10193bf 	cmp	x29, #0x64
 e091bd4:	54ffd40a 	b.ge	e091654 <el3_panic>  // b.tcont

000000000e091bd8 <skip_loop_ctr>:
 e091bd8:	d53ec01d 	mrs	x29, vbar_el3
 e091bdc:	cb1d03de 	sub	x30, x30, x29
 e091be0:	924023de 	and	x30, x30, #0x1ff
 e091be4:	f10203df 	cmp	x30, #0x80
 e091be8:	5400012a 	b.ge	e091c0c <skip_smc_check>  // b.tcont
 e091bec:	d53e521e 	mrs	x30, esr_el3
 e091bf0:	d35a7fde 	ubfx	x30, x30, #26, #6
 e091bf4:	f1004fdf 	cmp	x30, #0x13
 e091bf8:	54000080 	b.eq	e091c08 <subtract_elr_el3>  // b.none
 e091bfc:	f1005fdf 	cmp	x30, #0x17
 e091c00:	54000040 	b.eq	e091c08 <subtract_elr_el3>  // b.none
 e091c04:	14000002 	b	e091c0c <skip_smc_check>

000000000e091c08 <subtract_elr_el3>:
 e091c08:	d100139c 	sub	x28, x28, #0x4

000000000e091c0c <skip_smc_check>:
 e091c0c:	d51e403c 	msr	elr_el3, x28
 e091c10:	a94e77fc 	ldp	x28, x29, [sp, #224]
 e091c14:	f9407bfe 	ldr	x30, [sp, #240]
 e091c18:	d69f03e0 	eret
 e091c1c:	d5033f9f 	dsb	sy
 e091c20:	d5033fdf 	isb

000000000e091c24 <report_el3_panic>:
 e091c24:	d50041bf 	msr	spsel, #0x1
 e091c28:	d51ed040 	msr	tpidr_el3, x0
 e091c2c:	d53b9c00 	mrs	x0, pmcr_el0
 e091c30:	927ff800 	and	x0, x0, #0xfffffffffffffffe
 e091c34:	d51b9c00 	msr	pmcr_el0, x0
 e091c38:	d5186001 	msr	far_el1, x1
 e091c3c:	d5184022 	msr	elr_el1, x2
 e091c40:	d518d083 	msr	tpidr_el1, x3
 e091c44:	d518a204 	msr	mair_el1, x4
 e091c48:	d51c4105 	msr	sp_el1, x5
 e091c4c:	d518c006 	msr	vbar_el1, x6
 e091c50:	d51bd047 	msr	tpidr_el0, x7
 e091c54:	d51bd068 	msr	tpidrro_el0, x8
 e091c58:	d51b9d1e 	msr	pmccntr_el0, x30
 e091c5c:	97ffff72 	bl	e091a24 <plat_my_core_pos>
 e091c60:	d2800801 	mov	x1, #0x40                  	// #64
 e091c64:	9b017c00 	mul	x0, x0, x1
 e091c68:	d0000061 	adrp	x1, e09f000 <tf_xlat_ctx>
 e091c6c:	91018021 	add	x1, x1, #0x60
 e091c70:	8b010000 	add	x0, x0, x1
 e091c74:	d53ed041 	mrs	x1, tpidr_el3
 e091c78:	f9000001 	str	x1, [x0]
 e091c7c:	d51ed040 	msr	tpidr_el3, x0
 e091c80:	d5386001 	mrs	x1, far_el1
 e091c84:	d5384022 	mrs	x2, elr_el1
 e091c88:	d538d083 	mrs	x3, tpidr_el1
 e091c8c:	d538a204 	mrs	x4, mair_el1
 e091c90:	d53c4105 	mrs	x5, sp_el1
 e091c94:	d538c006 	mrs	x6, vbar_el1
 e091c98:	d53b9d1e 	mrs	x30, pmccntr_el0
 e091c9c:	f9000401 	str	x1, [x0, #8]
 e091ca0:	a9010c02 	stp	x2, x3, [x0, #16]
 e091ca4:	a9021404 	stp	x4, x5, [x0, #32]
 e091ca8:	a9037806 	stp	x6, x30, [x0, #48]
 e091cac:	d53bd047 	mrs	x7, tpidr_el0
 e091cb0:	d53bd068 	mrs	x8, tpidrro_el0
 e091cb4:	5005ee20 	adr	x0, e09da7a <panic_msg>
 e091cb8:	9100001f 	mov	sp, x0

000000000e091cbc <do_crash_reporting>:
 e091cbc:	97ffff4a 	bl	e0919e4 <plat_crash_console_init>
 e091cc0:	b4ffbae0 	cbz	x0, e09141c <crash_panic>
 e091cc4:	910003e4 	mov	x4, sp
 e091cc8:	97fffa41 	bl	e0905cc <asm_print_str>
 e091ccc:	d2800080 	mov	x0, #0x4                   	// #4
 e091cd0:	97ffffa3 	bl	e091b5c <print_alignment>
 e091cd4:	d53ed040 	mrs	x0, tpidr_el3
 e091cd8:	f9401c04 	ldr	x4, [x0, #56]
 e091cdc:	97fffa2e 	bl	e090594 <asm_print_hex>
 e091ce0:	97fffa39 	bl	e0905c4 <asm_print_newline>
 e091ce4:	d53ed040 	mrs	x0, tpidr_el3
 e091ce8:	f9001c07 	str	x7, [x0, #56]
 e091cec:	1005e546 	adr	x6, e09d994 <gp_regs>
 e091cf0:	940000ac 	bl	e091fa0 <size_controlled_print_helper>
 e091cf4:	940000be 	bl	e091fec <str_in_crash_buf_print>
 e091cf8:	d53ed040 	mrs	x0, tpidr_el3
 e091cfc:	a9004410 	stp	x16, x17, [x0]
 e091d00:	a9014c12 	stp	x18, x19, [x0, #16]
 e091d04:	a9025414 	stp	x20, x21, [x0, #32]
 e091d08:	a9035c16 	stp	x22, x23, [x0, #48]
 e091d0c:	940000a5 	bl	e091fa0 <size_controlled_print_helper>
 e091d10:	d53ed040 	mrs	x0, tpidr_el3
 e091d14:	a9006418 	stp	x24, x25, [x0]
 e091d18:	a9016c1a 	stp	x26, x27, [x0, #16]
 e091d1c:	a902741c 	stp	x28, x29, [x0, #32]
 e091d20:	940000a0 	bl	e091fa0 <size_controlled_print_helper>

000000000e091d24 <print_el3_sys_regs>:
 e091d24:	7005e6e6 	adr	x6, e09da03 <el3_sys_regs>
 e091d28:	d53e1108 	mrs	x8, scr_el3
 e091d2c:	d53e1009 	mrs	x9, sctlr_el3
 e091d30:	d53e114a 	mrs	x10, cptr_el3
 e091d34:	d53e204b 	mrs	x11, tcr_el3
 e091d38:	d53b422c 	mrs	x12, daif
 e091d3c:	d53ea20d 	mrs	x13, mair_el3
 e091d40:	d53e400e 	mrs	x14, spsr_el3
 e091d44:	d53e402f 	mrs	x15, elr_el3
 e091d48:	940000a9 	bl	e091fec <str_in_crash_buf_print>
 e091d4c:	d53e2008 	mrs	x8, ttbr0_el3
 e091d50:	d53e5209 	mrs	x9, esr_el3
 e091d54:	d53e600a 	mrs	x10, far_el3
 e091d58:	940000a5 	bl	e091fec <str_in_crash_buf_print>
 e091d5c:	1005e826 	adr	x6, e09da60 <non_el3_sys_regs>
 e091d60:	d53800a8 	mrs	x8, mpidr_el1
 e091d64:	d5384109 	mrs	x9, sp_el0
 e091d68:	d538c10a 	mrs	x10, isr_el1
 e091d6c:	940000a0 	bl	e091fec <str_in_crash_buf_print>
 e091d70:	97fffdc1 	bl	e091474 <do_cpu_reg_dump>
 e091d74:	9400009e 	bl	e091fec <str_in_crash_buf_print>
 e091d78:	d2a10031 	mov	x17, #0x8010000             	// #134283264
 e091d7c:	d2a10010 	mov	x16, #0x8000000             	// #134217728
 e091d80:	d5380407 	mrs	x7, id_aa64pfr0_el1
 e091d84:	d3586ce7 	ubfx	x7, x7, #24, #4
 e091d88:	f10000ff 	cmp	x7, #0x0
 e091d8c:	54000140 	b.eq	e091db4 <print_gicv2>  // b.none
 e091d90:	d53ecca8 	mrs	x8, icc_sre_el3
 e091d94:	f240011f 	tst	x8, #0x1
 e091d98:	540000e0 	b.eq	e091db4 <print_gicv2>  // b.none
 e091d9c:	5005dba6 	adr	x6, e09d912 <icc_regs>
 e091da0:	d538c848 	mrs	x8, icc_hppir0_el1
 e091da4:	d538cc49 	mrs	x9, icc_hppir1_el1
 e091da8:	d53ecc8a 	mrs	x10, icc_ctlr_el3
 e091dac:	94000090 	bl	e091fec <str_in_crash_buf_print>
 e091db0:	14000006 	b	e091dc8 <print_gic_common>

000000000e091db4 <print_gicv2>:
 e091db4:	1005d9e6 	adr	x6, e09d8f0 <gicc_regs>
 e091db8:	b9401a28 	ldr	w8, [x17, #24]
 e091dbc:	b9402a29 	ldr	w9, [x17, #40]
 e091dc0:	b940022a 	ldr	w10, [x17]
 e091dc4:	9400008a 	bl	e091fec <str_in_crash_buf_print>

000000000e091dc8 <print_gic_common>:
 e091dc8:	91080207 	add	x7, x16, #0x200
 e091dcc:	5005db84 	adr	x4, e09d93e <gicd_pend_reg>
 e091dd0:	97fff9ff 	bl	e0905cc <asm_print_str>

000000000e091dd4 <gicd_ispendr_loop>:
 e091dd4:	cb1000e4 	sub	x4, x7, x16
 e091dd8:	f10a009f 	cmp	x4, #0x280
 e091ddc:	540001a0 	b.eq	e091e10 <exit_print_gic_regs>  // b.none
 e091de0:	7005dce4 	adr	x4, e09d97f <prefix>
 e091de4:	97fff9fa 	bl	e0905cc <asm_print_str>
 e091de8:	cb1000e4 	sub	x4, x7, x16
 e091dec:	d2800185 	mov	x5, #0xc                   	// #12
 e091df0:	97fff9ea 	bl	e090598 <asm_print_hex_bits>
 e091df4:	1005dc24 	adr	x4, e09d978 <spacer>
 e091df8:	97fff9f5 	bl	e0905cc <asm_print_str>
 e091dfc:	f84084e4 	ldr	x4, [x7], #8
 e091e00:	97fff9e5 	bl	e090594 <asm_print_hex>
 e091e04:	5005db84 	adr	x4, e09d976 <newline>
 e091e08:	97fff9f1 	bl	e0905cc <asm_print_str>
 e091e0c:	17fffff2 	b	e091dd4 <gicd_ispendr_loop>

000000000e091e10 <exit_print_gic_regs>:
 e091e10:	97fffef3 	bl	e0919dc <plat_crash_console_flush>
 e091e14:	97ffff06 	bl	e091a2c <plat_panic_handler>
 e091e18:	d503201f 	nop

000000000e091e1c <report_unhandled_exception>:
 e091e1c:	d50041bf 	msr	spsel, #0x1
 e091e20:	d51ed040 	msr	tpidr_el3, x0
 e091e24:	d53b9c00 	mrs	x0, pmcr_el0
 e091e28:	927ff800 	and	x0, x0, #0xfffffffffffffffe
 e091e2c:	d51b9c00 	msr	pmcr_el0, x0
 e091e30:	d5186001 	msr	far_el1, x1
 e091e34:	d5184022 	msr	elr_el1, x2
 e091e38:	d518d083 	msr	tpidr_el1, x3
 e091e3c:	d518a204 	msr	mair_el1, x4
 e091e40:	d51c4105 	msr	sp_el1, x5
 e091e44:	d518c006 	msr	vbar_el1, x6
 e091e48:	d51bd047 	msr	tpidr_el0, x7
 e091e4c:	d51bd068 	msr	tpidrro_el0, x8
 e091e50:	d51b9d1e 	msr	pmccntr_el0, x30
 e091e54:	97fffef4 	bl	e091a24 <plat_my_core_pos>
 e091e58:	d2800801 	mov	x1, #0x40                  	// #64
 e091e5c:	9b017c00 	mul	x0, x0, x1
 e091e60:	d0000061 	adrp	x1, e09f000 <tf_xlat_ctx>
 e091e64:	91018021 	add	x1, x1, #0x60
 e091e68:	8b010000 	add	x0, x0, x1
 e091e6c:	d53ed041 	mrs	x1, tpidr_el3
 e091e70:	f9000001 	str	x1, [x0]
 e091e74:	d51ed040 	msr	tpidr_el3, x0
 e091e78:	d5386001 	mrs	x1, far_el1
 e091e7c:	d5384022 	mrs	x2, elr_el1
 e091e80:	d538d083 	mrs	x3, tpidr_el1
 e091e84:	d538a204 	mrs	x4, mair_el1
 e091e88:	d53c4105 	mrs	x5, sp_el1
 e091e8c:	d538c006 	mrs	x6, vbar_el1
 e091e90:	d53b9d1e 	mrs	x30, pmccntr_el0
 e091e94:	f9000401 	str	x1, [x0, #8]
 e091e98:	a9010c02 	stp	x2, x3, [x0, #16]
 e091e9c:	a9021404 	stp	x4, x5, [x0, #32]
 e091ea0:	a9037806 	stp	x6, x30, [x0, #48]
 e091ea4:	d53bd047 	mrs	x7, tpidr_el0
 e091ea8:	d53bd068 	mrs	x8, tpidrro_el0
 e091eac:	1005df00 	adr	x0, e09da8c <excpt_msg>
 e091eb0:	9100001f 	mov	sp, x0
 e091eb4:	17ffff82 	b	e091cbc <do_crash_reporting>

000000000e091eb8 <report_unhandled_interrupt>:
 e091eb8:	d51ed040 	msr	tpidr_el3, x0
 e091ebc:	d53b9c00 	mrs	x0, pmcr_el0
 e091ec0:	927ff800 	and	x0, x0, #0xfffffffffffffffe
 e091ec4:	d51b9c00 	msr	pmcr_el0, x0
 e091ec8:	d5186001 	msr	far_el1, x1
 e091ecc:	d5184022 	msr	elr_el1, x2
 e091ed0:	d518d083 	msr	tpidr_el1, x3
 e091ed4:	d518a204 	msr	mair_el1, x4
 e091ed8:	d51c4105 	msr	sp_el1, x5
 e091edc:	d518c006 	msr	vbar_el1, x6
 e091ee0:	d51bd047 	msr	tpidr_el0, x7
 e091ee4:	d51bd068 	msr	tpidrro_el0, x8
 e091ee8:	d51b9d1e 	msr	pmccntr_el0, x30
 e091eec:	97fffece 	bl	e091a24 <plat_my_core_pos>
 e091ef0:	d2800801 	mov	x1, #0x40                  	// #64
 e091ef4:	9b017c00 	mul	x0, x0, x1
 e091ef8:	d0000061 	adrp	x1, e09f000 <tf_xlat_ctx>
 e091efc:	91018021 	add	x1, x1, #0x60
 e091f00:	8b010000 	add	x0, x0, x1
 e091f04:	d53ed041 	mrs	x1, tpidr_el3
 e091f08:	f9000001 	str	x1, [x0]
 e091f0c:	d51ed040 	msr	tpidr_el3, x0
 e091f10:	d5386001 	mrs	x1, far_el1
 e091f14:	d5384022 	mrs	x2, elr_el1
 e091f18:	d538d083 	mrs	x3, tpidr_el1
 e091f1c:	d538a204 	mrs	x4, mair_el1
 e091f20:	d53c4105 	mrs	x5, sp_el1
 e091f24:	d538c006 	mrs	x6, vbar_el1
 e091f28:	d53b9d1e 	mrs	x30, pmccntr_el0
 e091f2c:	f9000401 	str	x1, [x0, #8]
 e091f30:	a9010c02 	stp	x2, x3, [x0, #16]
 e091f34:	a9021404 	stp	x4, x5, [x0, #32]
 e091f38:	a9037806 	stp	x6, x30, [x0, #48]
 e091f3c:	d53bd047 	mrs	x7, tpidr_el0
 e091f40:	d53bd068 	mrs	x8, tpidrro_el0
 e091f44:	1005db40 	adr	x0, e09daac <intr_excpt_msg>
 e091f48:	9100001f 	mov	sp, x0
 e091f4c:	17ffff5c 	b	e091cbc <do_crash_reporting>

000000000e091f50 <restore_el3_runtime_regs>:
 e091f50:	f94093e0 	ldr	x0, [sp, #288]
 e091f54:	d51b9c00 	msr	pmcr_el0, x0
 e091f58:	a94007e0 	ldp	x0, x1, [sp]
 e091f5c:	a9410fe2 	ldp	x2, x3, [sp, #16]
 e091f60:	a94217e4 	ldp	x4, x5, [sp, #32]
 e091f64:	a9431fe6 	ldp	x6, x7, [sp, #48]
 e091f68:	a94427e8 	ldp	x8, x9, [sp, #64]
 e091f6c:	a9452fea 	ldp	x10, x11, [sp, #80]
 e091f70:	a94637ec 	ldp	x12, x13, [sp, #96]
 e091f74:	a9473fee 	ldp	x14, x15, [sp, #112]
 e091f78:	a94847f0 	ldp	x16, x17, [sp, #128]
 e091f7c:	a9494ff2 	ldp	x18, x19, [sp, #144]
 e091f80:	a94a57f4 	ldp	x20, x21, [sp, #160]
 e091f84:	a94b5ff6 	ldp	x22, x23, [sp, #176]
 e091f88:	a94c67f8 	ldp	x24, x25, [sp, #192]
 e091f8c:	a94d6ffa 	ldp	x26, x27, [sp, #208]
 e091f90:	f9407ffc 	ldr	x28, [sp, #248]
 e091f94:	d518411c 	msr	sp_el0, x28
 e091f98:	a94e77fc 	ldp	x28, x29, [sp, #224]
 e091f9c:	d65f03c0 	ret

000000000e091fa0 <size_controlled_print_helper>:
 e091fa0:	910003df 	mov	sp, x30
 e091fa4:	d53ed047 	mrs	x7, tpidr_el3

000000000e091fa8 <test_size_list>:
 e091fa8:	d53ed045 	mrs	x5, tpidr_el3
 e091fac:	910100a5 	add	x5, x5, #0x40
 e091fb0:	eb0500ff 	cmp	x7, x5
 e091fb4:	54000180 	b.eq	e091fe4 <exit_size_print>  // b.none
 e091fb8:	394000c4 	ldrb	w4, [x6]
 e091fbc:	34000144 	cbz	w4, e091fe4 <exit_size_print>
 e091fc0:	aa0603e4 	mov	x4, x6
 e091fc4:	97fff982 	bl	e0905cc <asm_print_str>
 e091fc8:	cb060080 	sub	x0, x4, x6
 e091fcc:	aa0403e6 	mov	x6, x4
 e091fd0:	97fffee3 	bl	e091b5c <print_alignment>
 e091fd4:	f84084e4 	ldr	x4, [x7], #8
 e091fd8:	97fff96f 	bl	e090594 <asm_print_hex>
 e091fdc:	97fff97a 	bl	e0905c4 <asm_print_newline>
 e091fe0:	17fffff2 	b	e091fa8 <test_size_list>

000000000e091fe4 <exit_size_print>:
 e091fe4:	910003fe 	mov	x30, sp
 e091fe8:	d65f03c0 	ret

000000000e091fec <str_in_crash_buf_print>:
 e091fec:	d53ed040 	mrs	x0, tpidr_el3
 e091ff0:	a9002408 	stp	x8, x9, [x0]
 e091ff4:	a9012c0a 	stp	x10, x11, [x0, #16]
 e091ff8:	a902340c 	stp	x12, x13, [x0, #32]
 e091ffc:	a9033c0e 	stp	x14, x15, [x0, #48]
 e092000:	17ffffe8 	b	e091fa0 <size_controlled_print_helper>

000000000e092004 <zeromem>:
 e092004:	8b010002 	add	x2, x0, x1
 e092008:	1400003b 	b	e0920f4 <zero_normalmem+0xe8>

000000000e09200c <zero_normalmem>:
 e09200c:	d53e1004 	mrs	x4, sctlr_el3
 e092010:	f240009f 	tst	x4, #0x1
 e092014:	54000081 	b.ne	e092024 <zero_normalmem+0x18>  // b.any
 e092018:	5005d860 	adr	x0, e09db26 <panic_msg+0x3b>
 e09201c:	d2801501 	mov	x1, #0xa8                  	// #168
 e092020:	17fff945 	b	e090534 <asm_assert>
 e092024:	8b010002 	add	x2, x0, x1
 e092028:	d53b00e3 	mrs	x3, dczid_el0
 e09202c:	d3400c63 	ubfx	x3, x3, #0, #4
 e092030:	d2800085 	mov	x5, #0x4                   	// #4
 e092034:	9ac320a3 	lsl	x3, x5, x3
 e092038:	f100407f 	cmp	x3, #0x10
 e09203c:	54000082 	b.cs	e09204c <zero_normalmem+0x40>  // b.hs, b.nlast
 e092040:	5005d720 	adr	x0, e09db26 <panic_msg+0x3b>
 e092044:	d2801841 	mov	x1, #0xc2                  	// #194
 e092048:	17fff93b 	b	e090534 <asm_assert>
 e09204c:	eb03003f 	cmp	x1, x3
 e092050:	54000523 	b.cc	e0920f4 <zero_normalmem+0xe8>  // b.lo, b.ul, b.last
 e092054:	d1000461 	sub	x1, x3, #0x1
 e092058:	ea01001f 	tst	x0, x1
 e09205c:	54000260 	b.eq	e0920a8 <zero_normalmem+0x9c>  // b.none
 e092060:	aa010004 	orr	x4, x0, x1
 e092064:	91000484 	add	x4, x4, #0x1
 e092068:	b4000464 	cbz	x4, e0920f4 <zero_normalmem+0xe8>
 e09206c:	eb02009f 	cmp	x4, x2
 e092070:	54000428 	b.hi	e0920f4 <zero_normalmem+0xe8>  // b.pmore
 e092074:	f2400c1f 	tst	x0, #0xf
 e092078:	540000e0 	b.eq	e092094 <zero_normalmem+0x88>  // b.none
 e09207c:	b2400c05 	orr	x5, x0, #0xf
 e092080:	910004a5 	add	x5, x5, #0x1
 e092084:	b4000385 	cbz	x5, e0920f4 <zero_normalmem+0xe8>
 e092088:	3800141f 	strb	wzr, [x0], #1
 e09208c:	eb05001f 	cmp	x0, x5
 e092090:	54ffffc1 	b.ne	e092088 <zero_normalmem+0x7c>  // b.any
 e092094:	eb04001f 	cmp	x0, x4
 e092098:	54000082 	b.cs	e0920a8 <zero_normalmem+0x9c>  // b.hs, b.nlast
 e09209c:	a8817c1f 	stp	xzr, xzr, [x0], #16
 e0920a0:	eb04001f 	cmp	x0, x4
 e0920a4:	54ffffc3 	b.cc	e09209c <zero_normalmem+0x90>  // b.lo, b.ul, b.last
 e0920a8:	8a210044 	bic	x4, x2, x1
 e0920ac:	eb04001f 	cmp	x0, x4
 e0920b0:	540000a2 	b.cs	e0920c4 <zero_normalmem+0xb8>  // b.hs, b.nlast
 e0920b4:	d50b7420 	dc	zva, x0
 e0920b8:	8b030000 	add	x0, x0, x3
 e0920bc:	eb04001f 	cmp	x0, x4
 e0920c0:	54ffffa3 	b.cc	e0920b4 <zero_normalmem+0xa8>  // b.lo, b.ul, b.last
 e0920c4:	927cec44 	and	x4, x2, #0xfffffffffffffff0
 e0920c8:	eb04001f 	cmp	x0, x4
 e0920cc:	54000082 	b.cs	e0920dc <zero_normalmem+0xd0>  // b.hs, b.nlast
 e0920d0:	a8817c1f 	stp	xzr, xzr, [x0], #16
 e0920d4:	eb04001f 	cmp	x0, x4
 e0920d8:	54ffffc3 	b.cc	e0920d0 <zero_normalmem+0xc4>  // b.lo, b.ul, b.last
 e0920dc:	eb02001f 	cmp	x0, x2
 e0920e0:	54000080 	b.eq	e0920f0 <zero_normalmem+0xe4>  // b.none
 e0920e4:	3800141f 	strb	wzr, [x0], #1
 e0920e8:	eb02001f 	cmp	x0, x2
 e0920ec:	54ffffc1 	b.ne	e0920e4 <zero_normalmem+0xd8>  // b.any
 e0920f0:	d65f03c0 	ret
 e0920f4:	f2400c1f 	tst	x0, #0xf
 e0920f8:	54fffe60 	b.eq	e0920c4 <zero_normalmem+0xb8>  // b.none
 e0920fc:	b2400c04 	orr	x4, x0, #0xf
 e092100:	91000484 	add	x4, x4, #0x1
 e092104:	b4fffec4 	cbz	x4, e0920dc <zero_normalmem+0xd0>
 e092108:	eb02009f 	cmp	x4, x2
 e09210c:	54fffe82 	b.cs	e0920dc <zero_normalmem+0xd0>  // b.hs, b.nlast
 e092110:	3800141f 	strb	wzr, [x0], #1
 e092114:	eb04001f 	cmp	x0, x4
 e092118:	54ffffc1 	b.ne	e092110 <zero_normalmem+0x104>  // b.any
 e09211c:	17ffffea 	b	e0920c4 <zero_normalmem+0xb8>

000000000e092120 <backtrace>:
 e092120:	a9bc7bfd 	stp	x29, x30, [sp, #-64]!
 e092124:	d50320ff 	xpaclri
 e092128:	910003fd 	mov	x29, sp
 e09212c:	a90153f3 	stp	x19, x20, [sp, #16]
 e092130:	aa0003f3 	mov	x19, x0
 e092134:	aa1e03f4 	mov	x20, x30
 e092138:	a9025bf5 	stp	x21, x22, [sp, #32]
 e09213c:	f9001bf7 	str	x23, [sp, #48]
 e092140:	9400035f 	bl	e092ebc <console_flush>
 e092144:	aa1303e1 	mov	x1, x19
 e092148:	d0000040 	adrp	x0, e09c000 <__TEXT_END_UNALIGNED__>
 e09214c:	91355400 	add	x0, x0, #0xd55
 e092150:	94000afa 	bl	e094d38 <printf>
 e092154:	d5384240 	mrs	x0, currentel
 e092158:	53020c00 	ubfx	w0, w0, #2, #2
 e09215c:	940004ef 	bl	e093518 <get_el_str>
 e092160:	aa0003f7 	mov	x23, x0
 e092164:	aa1d03e0 	mov	x0, x29
 e092168:	94000873 	bl	e094334 <is_valid_object.constprop.0>
 e09216c:	370001a0 	tbnz	w0, #0, e0921a0 <backtrace+0x80>
 e092170:	d0000040 	adrp	x0, e09c000 <__TEXT_END_UNALIGNED__>
 e092174:	aa1d03e1 	mov	x1, x29
 e092178:	9135ac00 	add	x0, x0, #0xd6b
 e09217c:	94000aef 	bl	e094d38 <printf>
 e092180:	a9425bf5 	ldp	x21, x22, [sp, #32]
 e092184:	aa1303e1 	mov	x1, x19
 e092188:	a94153f3 	ldp	x19, x20, [sp, #16]
 e09218c:	d0000040 	adrp	x0, e09c000 <__TEXT_END_UNALIGNED__>
 e092190:	f9401bf7 	ldr	x23, [sp, #48]
 e092194:	91383800 	add	x0, x0, #0xe0e
 e092198:	a8c47bfd 	ldp	x29, x30, [sp], #64
 e09219c:	14000ae7 	b	e094d38 <printf>
 e0921a0:	f94007a0 	ldr	x0, [x29, #8]
 e0921a4:	eb00029f 	cmp	x20, x0
 e0921a8:	540000a0 	b.eq	e0921bc <backtrace+0x9c>  // b.none
 e0921ac:	d0000040 	adrp	x0, e09c000 <__TEXT_END_UNALIGNED__>
 e0921b0:	aa1d03e1 	mov	x1, x29
 e0921b4:	91369c00 	add	x0, x0, #0xda7
 e0921b8:	17fffff1 	b	e09217c <backtrace+0x5c>
 e0921bc:	aa1d03f5 	mov	x21, x29
 e0921c0:	52800034 	mov	w20, #0x1                   	// #1
 e0921c4:	d0000056 	adrp	x22, e09c000 <__TEXT_END_UNALIGNED__>
 e0921c8:	91376ed6 	add	x22, x22, #0xddb
 e0921cc:	aa1703e2 	mov	x2, x23
 e0921d0:	aa1603e0 	mov	x0, x22
 e0921d4:	90000003 	adrp	x3, e092000 <str_in_crash_buf_print+0x14>
 e0921d8:	52800001 	mov	w1, #0x0                   	// #0
 e0921dc:	91048063 	add	x3, x3, #0x120
 e0921e0:	94000ad6 	bl	e094d38 <printf>
 e0921e4:	aa1503e0 	mov	x0, x21
 e0921e8:	94000853 	bl	e094334 <is_valid_object.constprop.0>
 e0921ec:	3607fca0 	tbz	w0, #0, e092180 <backtrace+0x60>
 e0921f0:	f94006a3 	ldr	x3, [x21, #8]
 e0921f4:	f1001063 	subs	x3, x3, #0x4
 e0921f8:	54fffc40 	b.eq	e092180 <backtrace+0x60>  // b.none
 e0921fc:	f240047f 	tst	x3, #0x3
 e092200:	54fffc01 	b.ne	e092180 <backtrace+0x60>  // b.any
 e092204:	aa0303e0 	mov	x0, x3
 e092208:	9400080b 	bl	e094234 <is_address_readable>
 e09220c:	3607fba0 	tbz	w0, #0, e092180 <backtrace+0x60>
 e092210:	2a1403e1 	mov	w1, w20
 e092214:	aa1703e2 	mov	x2, x23
 e092218:	aa1603e0 	mov	x0, x22
 e09221c:	11000694 	add	w20, w20, #0x1
 e092220:	94000ac6 	bl	e094d38 <printf>
 e092224:	f94002b5 	ldr	x21, [x21]
 e092228:	7100529f 	cmp	w20, #0x14
 e09222c:	54fffdc1 	b.ne	e0921e4 <backtrace+0xc4>  // b.any
 e092230:	d0000040 	adrp	x0, e09c000 <__TEXT_END_UNALIGNED__>
 e092234:	9137a800 	add	x0, x0, #0xdea
 e092238:	94000ac0 	bl	e094d38 <printf>
 e09223c:	17ffffd1 	b	e092180 <backtrace+0x60>

000000000e092240 <bl31_early_platform_setup2>:
 e092240:	a9bd7bfd 	stp	x29, x30, [sp, #-48]!
 e092244:	910003fd 	mov	x29, sp
 e092248:	a90153f3 	stp	x19, x20, [sp, #16]
 e09224c:	aa0003f3 	mov	x19, x0
 e092250:	f90013f5 	str	x21, [sp, #32]
 e092254:	d53e1140 	mrs	x0, cptr_el3
 e092258:	12808001 	mov	w1, #0xfffffbff            	// #-1025
 e09225c:	8a010000 	and	x0, x0, x1
 e092260:	d51e1140 	msr	cptr_el3, x0
 e092264:	d5033fdf 	isb
 e092268:	9400124a 	bl	e096b90 <qemu_console_init>
 e09226c:	b50000b3 	cbnz	x19, e092280 <bl31_early_platform_setup2+0x40>
 e092270:	52800f41 	mov	w1, #0x7a                  	// #122
 e092274:	f0000040 	adrp	x0, e09d000 <qemu_pm_idle_states+0x3fc>
 e092278:	9119d400 	add	x0, x0, #0x675
 e09227c:	97fff7f7 	bl	e090258 <__assert>
 e092280:	39400260 	ldrb	w0, [x19]
 e092284:	7100141f 	cmp	w0, #0x5
 e092288:	54000060 	b.eq	e092294 <bl31_early_platform_setup2+0x54>  // b.none
 e09228c:	52800f61 	mov	w1, #0x7b                  	// #123
 e092290:	17fffff9 	b	e092274 <bl31_early_platform_setup2+0x34>
 e092294:	39400660 	ldrb	w0, [x19, #1]
 e092298:	7100041f 	cmp	w0, #0x1
 e09229c:	54000068 	b.hi	e0922a8 <bl31_early_platform_setup2+0x68>  // b.pmore
 e0922a0:	52800f81 	mov	w1, #0x7c                  	// #124
 e0922a4:	17fffff4 	b	e092274 <bl31_early_platform_setup2+0x34>
 e0922a8:	f9400673 	ldr	x19, [x19, #8]
 e0922ac:	d0000174 	adrp	x20, e0c0000 <warmboot_ep_info+0x650>
 e0922b0:	d0000175 	adrp	x21, e0c0000 <warmboot_ep_info+0x650>
 e0922b4:	911be294 	add	x20, x20, #0x6f8
 e0922b8:	911d42b5 	add	x21, x21, #0x750
 e0922bc:	b5000133 	cbnz	x19, e0922e0 <bl31_early_platform_setup2+0xa0>
 e0922c0:	d0000160 	adrp	x0, e0c0000 <warmboot_ep_info+0x650>
 e0922c4:	f9438000 	ldr	x0, [x0, #1792]
 e0922c8:	b50002a0 	cbnz	x0, e09231c <bl31_early_platform_setup2+0xdc>
 e0922cc:	f0000040 	adrp	x0, e09d000 <qemu_pm_idle_states+0x3fc>
 e0922d0:	9122cc00 	add	x0, x0, #0x8b3
 e0922d4:	97ffff93 	bl	e092120 <backtrace>
 e0922d8:	940002f9 	bl	e092ebc <console_flush>
 e0922dc:	97fffcde 	bl	e091654 <el3_panic>
 e0922e0:	b9400260 	ldr	w0, [x19]
 e0922e4:	7100101f 	cmp	w0, #0x4
 e0922e8:	540000e1 	b.ne	e092304 <bl31_early_platform_setup2+0xc4>  // b.any
 e0922ec:	f9400a61 	ldr	x1, [x19, #16]
 e0922f0:	aa1503e0 	mov	x0, x21
 e0922f4:	d2800b02 	mov	x2, #0x58                  	// #88
 e0922f8:	94000826 	bl	e094390 <memcpy>
 e0922fc:	f9400e73 	ldr	x19, [x19, #24]
 e092300:	17ffffef 	b	e0922bc <bl31_early_platform_setup2+0x7c>
 e092304:	7100141f 	cmp	w0, #0x5
 e092308:	54ffffa1 	b.ne	e0922fc <bl31_early_platform_setup2+0xbc>  // b.any
 e09230c:	f9400a61 	ldr	x1, [x19, #16]
 e092310:	aa1403e0 	mov	x0, x20
 e092314:	d2800b02 	mov	x2, #0x58                  	// #88
 e092318:	17fffff8 	b	e0922f8 <bl31_early_platform_setup2+0xb8>
 e09231c:	a94153f3 	ldp	x19, x20, [sp, #16]
 e092320:	f94013f5 	ldr	x21, [sp, #32]
 e092324:	a8c37bfd 	ldp	x29, x30, [sp], #48
 e092328:	d65f03c0 	ret

000000000e09232c <bl31_main>:
 e09232c:	a9bc7bfd 	stp	x29, x30, [sp, #-64]!
 e092330:	910003fd 	mov	x29, sp
 e092334:	a90153f3 	stp	x19, x20, [sp, #16]
 e092338:	aa0003f4 	mov	x20, x0
 e09233c:	a9025bf5 	stp	x21, x22, [sp, #32]
 e092340:	aa0103f5 	mov	x21, x1
 e092344:	aa0203f6 	mov	x22, x2
 e092348:	f9001bf7 	str	x23, [sp, #48]
 e09234c:	aa0303f7 	mov	x23, x3
 e092350:	97fffdb5 	bl	e091a24 <plat_my_core_pos>
 e092354:	2a0003f3 	mov	w19, w0
 e092358:	aa1703e3 	mov	x3, x23
 e09235c:	aa1603e2 	mov	x2, x22
 e092360:	aa1503e1 	mov	x1, x21
 e092364:	aa1403e0 	mov	x0, x20
 e092368:	97ffffb6 	bl	e092240 <bl31_early_platform_setup2>
 e09236c:	9400002a 	bl	e092414 <bl31_plat_arch_setup>
 e092370:	2a1303e0 	mov	w0, w19
 e092374:	d0000053 	adrp	x19, e09c000 <__TEXT_END_UNALIGNED__>
 e092378:	94000186 	bl	e092990 <cm_manage_extensions_el3>
 e09237c:	91334673 	add	x19, x19, #0xcd1
 e092380:	94000198 	bl	e0929e0 <cm_manage_extensions_per_world>
 e092384:	aa1303e0 	mov	x0, x19
 e092388:	f0000041 	adrp	x1, e09d000 <qemu_pm_idle_states+0x3fc>
 e09238c:	911ee821 	add	x1, x1, #0x7ba
 e092390:	940013ed 	bl	e097344 <tf_log>
 e092394:	aa1303e0 	mov	x0, x19
 e092398:	f0000041 	adrp	x1, e09d000 <qemu_pm_idle_states+0x3fc>
 e09239c:	911fb021 	add	x1, x1, #0x7ec
 e0923a0:	940013e9 	bl	e097344 <tf_log>
 e0923a4:	b0000173 	adrp	x19, e0bf000 <__STACKS_START__+0x1f740>
 e0923a8:	9400005e 	bl	e092520 <bl31_platform_setup>
 e0923ac:	9400016b 	bl	e092958 <cm_init>
 e0923b0:	d0000040 	adrp	x0, e09c000 <__TEXT_END_UNALIGNED__>
 e0923b4:	91337000 	add	x0, x0, #0xcdc
 e0923b8:	940013e3 	bl	e097344 <tf_log>
 e0923bc:	9400127a 	bl	e096da4 <runtime_svc_init>
 e0923c0:	f9446260 	ldr	x0, [x19, #2240]
 e0923c4:	b4000160 	cbz	x0, e0923f0 <bl31_main+0xc4>
 e0923c8:	d0000040 	adrp	x0, e09c000 <__TEXT_END_UNALIGNED__>
 e0923cc:	91340800 	add	x0, x0, #0xd02
 e0923d0:	940013dd 	bl	e097344 <tf_log>
 e0923d4:	940002ba 	bl	e092ebc <console_flush>
 e0923d8:	f9446260 	ldr	x0, [x19, #2240]
 e0923dc:	d63f0000 	blr	x0
 e0923e0:	35000080 	cbnz	w0, e0923f0 <bl31_main+0xc4>
 e0923e4:	d0000040 	adrp	x0, e09c000 <__TEXT_END_UNALIGNED__>
 e0923e8:	91347000 	add	x0, x0, #0xd1c
 e0923ec:	940013d6 	bl	e097344 <tf_log>
 e0923f0:	94000054 	bl	e092540 <bl31_prepare_next_image_entry>
 e0923f4:	94000045 	bl	e092508 <bl31_plat_runtime_setup>
 e0923f8:	940002b1 	bl	e092ebc <console_flush>
 e0923fc:	a94153f3 	ldp	x19, x20, [sp, #16]
 e092400:	52800040 	mov	w0, #0x2                   	// #2
 e092404:	a9425bf5 	ldp	x21, x22, [sp, #32]
 e092408:	f9401bf7 	ldr	x23, [sp, #48]
 e09240c:	a8c47bfd 	ldp	x29, x30, [sp], #64
 e092410:	14000325 	b	e0930a4 <console_switch_state>

000000000e092414 <bl31_plat_arch_setup>:
 e092414:	a9b57bfd 	stp	x29, x30, [sp, #-176]!
 e092418:	d2801082 	mov	x2, #0x84                  	// #132
 e09241c:	52800001 	mov	w1, #0x0                   	// #0
 e092420:	910003fd 	mov	x29, sp
 e092424:	9100b3e0 	add	x0, sp, #0x2c
 e092428:	940007ef 	bl	e0943e4 <memset>
 e09242c:	900001e0 	adrp	x0, e0ce000 <RAM_REGION_END>
 e092430:	91000000 	add	x0, x0, #0x0
 e092434:	d2a1c121 	mov	x1, #0xe090000             	// #235470848
 e092438:	cb010000 	sub	x0, x0, x1
 e09243c:	f90013e0 	str	x0, [sp, #32]
 e092440:	52800140 	mov	w0, #0xa                   	// #10
 e092444:	a90107e1 	stp	x1, x1, [sp, #16]
 e092448:	d0ffffe1 	adrp	x1, e090000 <bl31_entrypoint>
 e09244c:	91000021 	add	x1, x1, #0x0
 e092450:	b9002be0 	str	w0, [sp, #40]
 e092454:	d0000040 	adrp	x0, e09c000 <__TEXT_END_UNALIGNED__>
 e092458:	91000000 	add	x0, x0, #0x0
 e09245c:	a90387e1 	stp	x1, x1, [sp, #56]
 e092460:	cb010000 	sub	x0, x0, x1
 e092464:	f90027e0 	str	x0, [sp, #72]
 e092468:	52800040 	mov	w0, #0x2                   	// #2
 e09246c:	d0000041 	adrp	x1, e09c000 <__TEXT_END_UNALIGNED__>
 e092470:	91000021 	add	x1, x1, #0x0
 e092474:	b90053e0 	str	w0, [sp, #80]
 e092478:	b0000060 	adrp	x0, e09f000 <tf_xlat_ctx>
 e09247c:	91000000 	add	x0, x0, #0x0
 e092480:	d2a80002 	mov	x2, #0x40000000            	// #1073741824
 e092484:	cb010000 	sub	x0, x0, x1
 e092488:	f9003be0 	str	x0, [sp, #112]
 e09248c:	52800840 	mov	w0, #0x42                  	// #66
 e092490:	f9001be2 	str	x2, [sp, #48]
 e092494:	f9002fe2 	str	x2, [sp, #88]
 e092498:	a90607e1 	stp	x1, x1, [sp, #96]
 e09249c:	b9007be0 	str	w0, [sp, #120]
 e0924a0:	f90043e2 	str	x2, [sp, #128]
 e0924a4:	9400095d 	bl	e094a18 <plat_qemu_get_mmap>
 e0924a8:	aa0003e1 	mov	x1, x0
 e0924ac:	910043e0 	add	x0, sp, #0x10
 e0924b0:	940012db 	bl	e09701c <setup_page_tables>
 e0924b4:	52800000 	mov	w0, #0x0                   	// #0
 e0924b8:	940003b2 	bl	e093380 <enable_mmu_el3>
 e0924bc:	a8cb7bfd 	ldp	x29, x30, [sp], #176
 e0924c0:	d65f03c0 	ret

000000000e0924c4 <bl31_plat_get_next_image_ep_info>:
 e0924c4:	7100041f 	cmp	w0, #0x1
 e0924c8:	540000e9 	b.ls	e0924e4 <bl31_plat_get_next_image_ep_info+0x20>  // b.plast
 e0924cc:	a9bf7bfd 	stp	x29, x30, [sp, #-16]!
 e0924d0:	f0000040 	adrp	x0, e09d000 <qemu_pm_idle_states+0x3fc>
 e0924d4:	528029e1 	mov	w1, #0x14f                 	// #335
 e0924d8:	910003fd 	mov	x29, sp
 e0924dc:	9119d400 	add	x0, x0, #0x675
 e0924e0:	97fff75e 	bl	e090258 <__assert>
 e0924e4:	d0000161 	adrp	x1, e0c0000 <warmboot_ep_info+0x650>
 e0924e8:	d0000160 	adrp	x0, e0c0000 <warmboot_ep_info+0x650>
 e0924ec:	911be021 	add	x1, x1, #0x6f8
 e0924f0:	911d4000 	add	x0, x0, #0x750
 e0924f4:	9a811000 	csel	x0, x0, x1, ne	// ne = any
 e0924f8:	f9400401 	ldr	x1, [x0, #8]
 e0924fc:	f100003f 	cmp	x1, #0x0
 e092500:	9a9f1000 	csel	x0, x0, xzr, ne	// ne = any
 e092504:	d65f03c0 	ret

000000000e092508 <bl31_plat_runtime_setup>:
 e092508:	a9bf7bfd 	stp	x29, x30, [sp, #-16]!
 e09250c:	910003fd 	mov	x29, sp
 e092510:	9400026b 	bl	e092ebc <console_flush>
 e092514:	a8c17bfd 	ldp	x29, x30, [sp], #16
 e092518:	52800040 	mov	w0, #0x2                   	// #2
 e09251c:	140002e2 	b	e0930a4 <console_switch_state>

000000000e092520 <bl31_platform_setup>:
 e092520:	a9bf7bfd 	stp	x29, x30, [sp, #-16]!
 e092524:	910003fd 	mov	x29, sp
 e092528:	9400093f 	bl	e094a24 <plat_qemu_gic_init>
 e09252c:	940008b4 	bl	e0947fc <pl061_gpio_init>
 e092530:	a8c17bfd 	ldp	x29, x30, [sp], #16
 e092534:	52800001 	mov	w1, #0x0                   	// #0
 e092538:	d2a12160 	mov	x0, #0x90b0000             	// #151715840
 e09253c:	140008b3 	b	e094808 <pl061_gpio_register>

000000000e092540 <bl31_prepare_next_image_entry>:
 e092540:	a9be7bfd 	stp	x29, x30, [sp, #-32]!
 e092544:	b0000060 	adrp	x0, e09f000 <tf_xlat_ctx>
 e092548:	910003fd 	mov	x29, sp
 e09254c:	a90153f3 	stp	x19, x20, [sp, #16]
 e092550:	b9486014 	ldr	w20, [x0, #2144]
 e092554:	2a1403e0 	mov	w0, w20
 e092558:	97ffffdb 	bl	e0924c4 <bl31_plat_get_next_image_ep_info>
 e09255c:	b50000a0 	cbnz	x0, e092570 <bl31_prepare_next_image_entry+0x30>
 e092560:	52802a61 	mov	w1, #0x153                 	// #339
 e092564:	d0000040 	adrp	x0, e09c000 <__TEXT_END_UNALIGNED__>
 e092568:	91321c00 	add	x0, x0, #0xc87
 e09256c:	97fff73b 	bl	e090258 <__assert>
 e092570:	aa0003f3 	mov	x19, x0
 e092574:	b9400400 	ldr	w0, [x0, #4]
 e092578:	52800421 	mov	w1, #0x21                  	// #33
 e09257c:	0a010000 	and	w0, w0, w1
 e092580:	6b00029f 	cmp	w20, w0
 e092584:	54000060 	b.eq	e092590 <bl31_prepare_next_image_entry+0x50>  // b.none
 e092588:	52802a81 	mov	w1, #0x154                 	// #340
 e09258c:	17fffff6 	b	e092564 <bl31_prepare_next_image_entry+0x24>
 e092590:	7100029f 	cmp	w20, #0x0
 e092594:	d0000040 	adrp	x0, e09c000 <__TEXT_END_UNALIGNED__>
 e092598:	d0000041 	adrp	x1, e09c000 <__TEXT_END_UNALIGNED__>
 e09259c:	91326000 	add	x0, x0, #0xc98
 e0925a0:	91327c21 	add	x1, x1, #0xc9f
 e0925a4:	9a801021 	csel	x1, x1, x0, ne	// ne = any
 e0925a8:	d0000040 	adrp	x0, e09c000 <__TEXT_END_UNALIGNED__>
 e0925ac:	91329800 	add	x0, x0, #0xca6
 e0925b0:	94001365 	bl	e097344 <tf_log>
 e0925b4:	aa1303e0 	mov	x0, x19
 e0925b8:	9400093c 	bl	e094aa8 <print_entry_point_info>
 e0925bc:	aa1303e0 	mov	x0, x19
 e0925c0:	940000e7 	bl	e09295c <cm_init_my_context>
 e0925c4:	7100069f 	cmp	w20, #0x1
 e0925c8:	54000081 	b.ne	e0925d8 <bl31_prepare_next_image_entry+0x98>  // b.any
 e0925cc:	a94153f3 	ldp	x19, x20, [sp, #16]
 e0925d0:	a8c27bfd 	ldp	x29, x30, [sp], #32
 e0925d4:	1400015c 	b	e092b44 <cm_prepare_el3_exit_ns>
 e0925d8:	2a1403e0 	mov	w0, w20
 e0925dc:	a94153f3 	ldp	x19, x20, [sp, #16]
 e0925e0:	a8c27bfd 	ldp	x29, x30, [sp], #32
 e0925e4:	14000131 	b	e092aa8 <cm_prepare_el3_exit>

000000000e0925e8 <bl31_warmboot>:
 e0925e8:	a9be7bfd 	stp	x29, x30, [sp, #-32]!
 e0925ec:	910003fd 	mov	x29, sp
 e0925f0:	f9000bf3 	str	x19, [sp, #16]
 e0925f4:	97fffd0c 	bl	e091a24 <plat_my_core_pos>
 e0925f8:	2a0003f3 	mov	w19, w0
 e0925fc:	52800000 	mov	w0, #0x0                   	// #0
 e092600:	97fff7f9 	bl	e0905e4 <bl31_plat_enable_mmu>
 e092604:	2a1303e0 	mov	w0, w19
 e092608:	940000e2 	bl	e092990 <cm_manage_extensions_el3>
 e09260c:	2a1303e0 	mov	w0, w19
 e092610:	f9400bf3 	ldr	x19, [sp, #16]
 e092614:	a8c27bfd 	ldp	x29, x30, [sp], #32
 e092618:	14001109 	b	e096a3c <psci_warmboot_entrypoint>

000000000e09261c <check_erratum_applies>:
 e09261c:	a9bd7bfd 	stp	x29, x30, [sp, #-48]!
 e092620:	910003fd 	mov	x29, sp
 e092624:	a90153f3 	stp	x19, x20, [sp, #16]
 e092628:	2a0003f4 	mov	w20, w0
 e09262c:	f90013f5 	str	x21, [sp, #32]
 e092630:	2a0103f5 	mov	w21, w1
 e092634:	97fffb76 	bl	e09140c <cpu_get_rev_var>
 e092638:	aa0003f3 	mov	x19, x0
 e09263c:	2a1503e0 	mov	w0, w21
 e092640:	94000362 	bl	e0933c8 <find_erratum_entry>
 e092644:	b4000400 	cbz	x0, e0926c4 <check_erratum_applies+0xa8>
 e092648:	39403002 	ldrb	w2, [x0, #12]
 e09264c:	aa0003e1 	mov	x1, x0
 e092650:	39403400 	ldrb	w0, [x0, #13]
 e092654:	2a002040 	orr	w0, w2, w0, lsl #8
 e092658:	6b14001f 	cmp	w0, w20
 e09265c:	540000a0 	b.eq	e092670 <check_erratum_applies+0x54>  // b.none
 e092660:	f0000040 	adrp	x0, e09d000 <qemu_pm_idle_states+0x3fc>
 e092664:	52801b61 	mov	w1, #0xdb                  	// #219
 e092668:	9101fc00 	add	x0, x0, #0x7f
 e09266c:	97fff6fb 	bl	e090258 <__assert>
 e092670:	39400020 	ldrb	w0, [x1]
 e092674:	39400422 	ldrb	w2, [x1, #1]
 e092678:	aa022002 	orr	x2, x0, x2, lsl #8
 e09267c:	39400820 	ldrb	w0, [x1, #2]
 e092680:	aa004040 	orr	x0, x2, x0, lsl #16
 e092684:	39400c22 	ldrb	w2, [x1, #3]
 e092688:	aa026002 	orr	x2, x0, x2, lsl #24
 e09268c:	39401020 	ldrb	w0, [x1, #4]
 e092690:	aa008040 	orr	x0, x2, x0, lsl #32
 e092694:	39401422 	ldrb	w2, [x1, #5]
 e092698:	aa02a002 	orr	x2, x0, x2, lsl #40
 e09269c:	39401820 	ldrb	w0, [x1, #6]
 e0926a0:	39401c21 	ldrb	w1, [x1, #7]
 e0926a4:	aa00c040 	orr	x0, x2, x0, lsl #48
 e0926a8:	aa01e001 	orr	x1, x0, x1, lsl #56
 e0926ac:	aa1303e0 	mov	x0, x19
 e0926b0:	d63f0020 	blr	x1
 e0926b4:	a94153f3 	ldp	x19, x20, [sp, #16]
 e0926b8:	f94013f5 	ldr	x21, [sp, #32]
 e0926bc:	a8c37bfd 	ldp	x29, x30, [sp], #48
 e0926c0:	d65f03c0 	ret
 e0926c4:	52800000 	mov	w0, #0x0                   	// #0
 e0926c8:	17fffffb 	b	e0926b4 <check_erratum_applies+0x98>

000000000e0926cc <cm_el1_sysregs_context_restore>:
 e0926cc:	a9be7bfd 	stp	x29, x30, [sp, #-32]!
 e0926d0:	2a0003e0 	mov	w0, w0
 e0926d4:	910003fd 	mov	x29, sp
 e0926d8:	a90153f3 	stp	x19, x20, [sp, #16]
 e0926dc:	aa0003f3 	mov	x19, x0
 e0926e0:	94000089 	bl	e092904 <cm_get_context>
 e0926e4:	b50000a0 	cbnz	x0, e0926f8 <cm_el1_sysregs_context_restore+0x2c>
 e0926e8:	f0000040 	adrp	x0, e09d000 <qemu_pm_idle_states+0x3fc>
 e0926ec:	528101e1 	mov	w1, #0x80f                 	// #2063
 e0926f0:	9107cc00 	add	x0, x0, #0x1f3
 e0926f4:	97fff6d9 	bl	e090258 <__assert>
 e0926f8:	9105a001 	add	x1, x0, #0x168
 e0926fc:	f940b400 	ldr	x0, [x0, #360]
 e092700:	d5184000 	msr	spsr_el1, x0
 e092704:	f9400420 	ldr	x0, [x1, #8]
 e092708:	d5184020 	msr	elr_el1, x0
 e09270c:	f9400820 	ldr	x0, [x1, #16]
 e092710:	d5181000 	msr	sctlr_el1, x0
 e092714:	f9400c20 	ldr	x0, [x1, #24]
 e092718:	d5182040 	msr	tcr_el1, x0
 e09271c:	f9401020 	ldr	x0, [x1, #32]
 e092720:	d5181040 	msr	cpacr_el1, x0
 e092724:	f9401420 	ldr	x0, [x1, #40]
 e092728:	d51a0000 	msr	csselr_el1, x0
 e09272c:	f9401820 	ldr	x0, [x1, #48]
 e092730:	d51c4100 	msr	sp_el1, x0
 e092734:	f9401c20 	ldr	x0, [x1, #56]
 e092738:	d5185200 	msr	esr_el1, x0
 e09273c:	f9405820 	ldr	x0, [x1, #176]
 e092740:	d5182000 	msr	ttbr0_el1, x0
 e092744:	f9405c20 	ldr	x0, [x1, #184]
 e092748:	d5182020 	msr	ttbr1_el1, x0
 e09274c:	f9402020 	ldr	x0, [x1, #64]
 e092750:	d518a200 	msr	mair_el1, x0
 e092754:	f9402420 	ldr	x0, [x1, #72]
 e092758:	d518a300 	msr	amair_el1, x0
 e09275c:	f9402820 	ldr	x0, [x1, #80]
 e092760:	d5181020 	msr	actlr_el1, x0
 e092764:	f9402c20 	ldr	x0, [x1, #88]
 e092768:	d518d080 	msr	tpidr_el1, x0
 e09276c:	f9403020 	ldr	x0, [x1, #96]
 e092770:	d51bd040 	msr	tpidr_el0, x0
 e092774:	f9403420 	ldr	x0, [x1, #104]
 e092778:	d51bd060 	msr	tpidrro_el0, x0
 e09277c:	f9405420 	ldr	x0, [x1, #168]
 e092780:	d5187400 	msr	par_el1, x0
 e092784:	f9403820 	ldr	x0, [x1, #112]
 e092788:	d5186000 	msr	far_el1, x0
 e09278c:	f9403c20 	ldr	x0, [x1, #120]
 e092790:	d5185100 	msr	afsr0_el1, x0
 e092794:	f9404020 	ldr	x0, [x1, #128]
 e092798:	d5185120 	msr	afsr1_el1, x0
 e09279c:	f9404420 	ldr	x0, [x1, #136]
 e0927a0:	d518d020 	msr	contextidr_el1, x0
 e0927a4:	f9404820 	ldr	x0, [x1, #144]
 e0927a8:	d518c000 	msr	vbar_el1, x0
 e0927ac:	f9404c20 	ldr	x0, [x1, #152]
 e0927b0:	d5100200 	msr	mdccint_el1, x0
 e0927b4:	f9405020 	ldr	x0, [x1, #160]
 e0927b8:	d5100240 	msr	mdscr_el1, x0
 e0927bc:	f9406020 	ldr	x0, [x1, #192]
 e0927c0:	d518e100 	msr	cntkctl_el1, x0
 e0927c4:	d5380400 	mrs	x0, id_aa64pfr0_el1
 e0927c8:	6b4073ff 	cmp	wzr, w0, lsr #28
 e0927cc:	54000060 	b.eq	e0927d8 <cm_el1_sysregs_context_restore+0x10c>  // b.none
 e0927d0:	f9406420 	ldr	x0, [x1, #200]
 e0927d4:	d518c120 	msr	disr_el1, x0
 e0927d8:	d5380760 	mrs	x0, id_aa64mmfr3_el1
 e0927dc:	72180c1f 	tst	w0, #0xf00
 e0927e0:	540000a0 	b.eq	e0927f4 <cm_el1_sysregs_context_restore+0x128>  // b.none
 e0927e4:	f9406820 	ldr	x0, [x1, #208]
 e0927e8:	d518a240 	msr	pire0_el1, x0
 e0927ec:	f9406c20 	ldr	x0, [x1, #216]
 e0927f0:	d518a260 	msr	pir_el1, x0
 e0927f4:	d5380760 	mrs	x0, id_aa64mmfr3_el1
 e0927f8:	72100c1f 	tst	w0, #0xf0000
 e0927fc:	54000060 	b.eq	e092808 <cm_el1_sysregs_context_restore+0x13c>  // b.none
 e092800:	f9407020 	ldr	x0, [x1, #224]
 e092804:	d518a280 	msr	por_el1, x0
 e092808:	d5380760 	mrs	x0, id_aa64mmfr3_el1
 e09280c:	720c0c1f 	tst	w0, #0xf00000
 e092810:	54000060 	b.eq	e09281c <cm_el1_sysregs_context_restore+0x150>  // b.none
 e092814:	f9407420 	ldr	x0, [x1, #232]
 e092818:	d518a2a0 	msr	s2por_el1, x0
 e09281c:	d5380760 	mrs	x0, id_aa64mmfr3_el1
 e092820:	f2400c1f 	tst	x0, #0xf
 e092824:	54000060 	b.eq	e092830 <cm_el1_sysregs_context_restore+0x164>  // b.none
 e092828:	f9407820 	ldr	x0, [x1, #240]
 e09282c:	d5182060 	msr	tcr2_el1, x0
 e092830:	d5380500 	mrs	x0, id_aa64dfr0_el1
 e092834:	f2580c1f 	tst	x0, #0xf0000000000
 e092838:	54000060 	b.eq	e092844 <cm_el1_sysregs_context_restore+0x178>  // b.none
 e09283c:	f9407c20 	ldr	x0, [x1, #248]
 e092840:	d5181220 	msr	trfcr_el1, x0
 e092844:	d5380400 	mrs	x0, id_aa64pfr0_el1
 e092848:	d378fc00 	lsr	x0, x0, #56
 e09284c:	f27f081f 	tst	x0, #0xe
 e092850:	540000a0 	b.eq	e092864 <cm_el1_sysregs_context_restore+0x198>  // b.none
 e092854:	f9408020 	ldr	x0, [x1, #256]
 e092858:	d51bd0e0 	msr	scxtnum_el0, x0
 e09285c:	f9408420 	ldr	x0, [x1, #264]
 e092860:	d518d0e0 	msr	scxtnum_el1, x0
 e092864:	d5380420 	mrs	x0, id_aa64pfr1_el1
 e092868:	f2540c1f 	tst	x0, #0xf00000000000
 e09286c:	54000120 	b.eq	e092890 <cm_el1_sysregs_context_restore+0x1c4>  // b.none
 e092870:	f9408820 	ldr	x0, [x1, #272]
 e092874:	d5182500 	msr	gcscr_el1, x0
 e092878:	f9408c20 	ldr	x0, [x1, #280]
 e09287c:	d5182540 	msr	gcscre0_el1, x0
 e092880:	f9409020 	ldr	x0, [x1, #288]
 e092884:	d5182520 	msr	gcspr_el1, x0
 e092888:	f9409420 	ldr	x0, [x1, #296]
 e09288c:	d51b2520 	msr	gcspr_el0, x0
 e092890:	d5380760 	mrs	x0, id_aa64mmfr3_el1
 e092894:	721c0c1f 	tst	w0, #0xf0
 e092898:	54000060 	b.eq	e0928a4 <cm_el1_sysregs_context_restore+0x1d8>  // b.none
 e09289c:	f9409820 	ldr	x0, [x1, #304]
 e0928a0:	d5181060 	msr	sctlr2_el1, x0
 e0928a4:	34000273 	cbz	w19, e0928f0 <cm_el1_sysregs_context_restore+0x224>
 e0928a8:	90000073 	adrp	x19, e09e000 <__CPU_OPS_START__+0x270>
 e0928ac:	90000074 	adrp	x20, e09e000 <__CPU_OPS_START__+0x270>
 e0928b0:	91054273 	add	x19, x19, #0x150
 e0928b4:	91054294 	add	x20, x20, #0x150
 e0928b8:	eb14027f 	cmp	x19, x20
 e0928bc:	54000142 	b.cs	e0928e4 <cm_el1_sysregs_context_restore+0x218>  // b.hs, b.nlast
 e0928c0:	f8408661 	ldr	x1, [x19], #8
 e0928c4:	d2800000 	mov	x0, #0x0                   	// #0
 e0928c8:	d63f0020 	blr	x1
 e0928cc:	17fffffb 	b	e0928b8 <cm_el1_sysregs_context_restore+0x1ec>
 e0928d0:	f8408661 	ldr	x1, [x19], #8
 e0928d4:	d2800000 	mov	x0, #0x0                   	// #0
 e0928d8:	d63f0020 	blr	x1
 e0928dc:	eb14027f 	cmp	x19, x20
 e0928e0:	54ffff83 	b.cc	e0928d0 <cm_el1_sysregs_context_restore+0x204>  // b.lo, b.ul, b.last
 e0928e4:	a94153f3 	ldp	x19, x20, [sp, #16]
 e0928e8:	a8c27bfd 	ldp	x29, x30, [sp], #32
 e0928ec:	d65f03c0 	ret
 e0928f0:	90000073 	adrp	x19, e09e000 <__CPU_OPS_START__+0x270>
 e0928f4:	90000074 	adrp	x20, e09e000 <__CPU_OPS_START__+0x270>
 e0928f8:	91054273 	add	x19, x19, #0x150
 e0928fc:	91054294 	add	x20, x20, #0x150
 e092900:	17fffff7 	b	e0928dc <cm_el1_sysregs_context_restore+0x210>

000000000e092904 <cm_get_context>:
 e092904:	a9be7bfd 	stp	x29, x30, [sp, #-32]!
 e092908:	910003fd 	mov	x29, sp
 e09290c:	a90153f3 	stp	x19, x20, [sp, #16]
 e092910:	f100041f 	cmp	x0, #0x1
 e092914:	540000a9 	b.ls	e092928 <cm_get_context+0x24>  // b.plast
 e092918:	d0000040 	adrp	x0, e09c000 <__TEXT_END_UNALIGNED__>
 e09291c:	528002c1 	mov	w1, #0x16                  	// #22
 e092920:	9131b800 	add	x0, x0, #0xc6e
 e092924:	97fff64d 	bl	e090258 <__assert>
 e092928:	aa0003f3 	mov	x19, x0
 e09292c:	d0000160 	adrp	x0, e0c0000 <warmboot_ep_info+0x650>
 e092930:	91240000 	add	x0, x0, #0x900
 e092934:	94000785 	bl	e094748 <per_cpu_cur_compute>
 e092938:	aa0003f4 	mov	x20, x0
 e09293c:	aa1303e0 	mov	x0, x19
 e092940:	940002d2 	bl	e093488 <get_cpu_context_index>
 e092944:	92401c00 	and	x0, x0, #0xff
 e092948:	f8607a80 	ldr	x0, [x20, x0, lsl #3]
 e09294c:	a94153f3 	ldp	x19, x20, [sp, #16]
 e092950:	a8c27bfd 	ldp	x29, x30, [sp], #32
 e092954:	d65f03c0 	ret

000000000e092958 <cm_init>:
 e092958:	d65f03c0 	ret

000000000e09295c <cm_init_my_context>:
 e09295c:	a9be7bfd 	stp	x29, x30, [sp, #-32]!
 e092960:	52800421 	mov	w1, #0x21                  	// #33
 e092964:	910003fd 	mov	x29, sp
 e092968:	f9000bf3 	str	x19, [sp, #16]
 e09296c:	aa0003f3 	mov	x19, x0
 e092970:	b9400400 	ldr	w0, [x0, #4]
 e092974:	0a010000 	and	w0, w0, w1
 e092978:	97ffffe3 	bl	e092904 <cm_get_context>
 e09297c:	aa1303e1 	mov	x1, x19
 e092980:	f9400bf3 	ldr	x19, [sp, #16]
 e092984:	a8c27bfd 	ldp	x29, x30, [sp], #32
 e092988:	1400009d 	b	e092bfc <cm_setup_context>

000000000e09298c <cm_init_percpu_once_regs>:
 e09298c:	d65f03c0 	ret

000000000e092990 <cm_manage_extensions_el3>:
 e092990:	a9bf7bfd 	stp	x29, x30, [sp, #-16]!
 e092994:	d5380400 	mrs	x0, id_aa64pfr0_el1
 e092998:	910003fd 	mov	x29, sp
 e09299c:	f2600c1f 	tst	x0, #0xf00000000
 e0929a0:	54000040 	b.eq	e0929a8 <cm_manage_extensions_el3+0x18>  // b.none
 e0929a4:	94001245 	bl	e0972b8 <sve_init_el3>
 e0929a8:	d5380420 	mrs	x0, id_aa64pfr1_el1
 e0929ac:	72080c1f 	tst	w0, #0xf000000
 e0929b0:	54000040 	b.eq	e0929b8 <cm_manage_extensions_el3+0x28>  // b.none
 e0929b4:	940011c5 	bl	e0970c8 <sme_init_el3>
 e0929b8:	d5380400 	mrs	x0, id_aa64pfr0_el1
 e0929bc:	d368fc00 	lsr	x0, x0, #40
 e0929c0:	d5380421 	mrs	x1, id_aa64pfr1_el1
 e0929c4:	531c0c00 	ubfiz	w0, w0, #4, #4
 e0929c8:	53104c21 	ubfx	w1, w1, #16, #4
 e0929cc:	2a010000 	orr	w0, w0, w1
 e0929d0:	34000040 	cbz	w0, e0929d8 <cm_manage_extensions_el3+0x48>
 e0929d4:	94000750 	bl	e094714 <mpam_init_el3>
 e0929d8:	a8c17bfd 	ldp	x29, x30, [sp], #16
 e0929dc:	1400082c 	b	e094a8c <pmuv3_init_el3>

000000000e0929e0 <cm_manage_extensions_per_world>:
 e0929e0:	a9be7bfd 	stp	x29, x30, [sp, #-32]!
 e0929e4:	d2a80200 	mov	x0, #0x40100000            	// #1074790400
 e0929e8:	910003fd 	mov	x29, sp
 e0929ec:	a90153f3 	stp	x19, x20, [sp, #16]
 e0929f0:	b0000174 	adrp	x20, e0bf000 <__STACKS_START__+0x1f740>
 e0929f4:	91260293 	add	x19, x20, #0x980
 e0929f8:	f9000a60 	str	x0, [x19, #16]
 e0929fc:	d2e80000 	mov	x0, #0x4000000000000000    	// #4611686018427387904
 e092a00:	f9000e60 	str	x0, [x19, #24]
 e092a04:	d5380420 	mrs	x0, id_aa64pfr1_el1
 e092a08:	72080c1f 	tst	w0, #0xf000000
 e092a0c:	54000080 	b.eq	e092a1c <cm_manage_extensions_per_world+0x3c>  // b.none
 e092a10:	b0000160 	adrp	x0, e0bf000 <__STACKS_START__+0x1f740>
 e092a14:	91264000 	add	x0, x0, #0x990
 e092a18:	940011a8 	bl	e0970b8 <sme_enable_per_world>
 e092a1c:	d5380400 	mrs	x0, id_aa64pfr0_el1
 e092a20:	f2600c1f 	tst	x0, #0xf00000000
 e092a24:	54000080 	b.eq	e092a34 <cm_manage_extensions_per_world+0x54>  // b.none
 e092a28:	b0000160 	adrp	x0, e0bf000 <__STACKS_START__+0x1f740>
 e092a2c:	91264000 	add	x0, x0, #0x990
 e092a30:	9400121e 	bl	e0972a8 <sve_enable_per_world>
 e092a34:	d5380400 	mrs	x0, id_aa64pfr0_el1
 e092a38:	d368fc00 	lsr	x0, x0, #40
 e092a3c:	d5380421 	mrs	x1, id_aa64pfr1_el1
 e092a40:	531c0c00 	ubfiz	w0, w0, #4, #4
 e092a44:	53104c21 	ubfx	w1, w1, #16, #4
 e092a48:	2a010000 	orr	w0, w0, w1
 e092a4c:	34000080 	cbz	w0, e092a5c <cm_manage_extensions_per_world+0x7c>
 e092a50:	b0000160 	adrp	x0, e0bf000 <__STACKS_START__+0x1f740>
 e092a54:	91264000 	add	x0, x0, #0x990
 e092a58:	9400072a 	bl	e094700 <mpam_enable_per_world>
 e092a5c:	d2a80200 	mov	x0, #0x40100000            	// #1074790400
 e092a60:	f904c280 	str	x0, [x20, #2432]
 e092a64:	d2e80000 	mov	x0, #0x4000000000000000    	// #4611686018427387904
 e092a68:	f9000660 	str	x0, [x19, #8]
 e092a6c:	d5380420 	mrs	x0, id_aa64pfr1_el1
 e092a70:	72080c1f 	tst	w0, #0xf000000
 e092a74:	54000060 	b.eq	e092a80 <cm_manage_extensions_per_world+0xa0>  // b.none
 e092a78:	aa1303e0 	mov	x0, x19
 e092a7c:	94001186 	bl	e097094 <sme_disable_per_world>
 e092a80:	d5380400 	mrs	x0, id_aa64pfr0_el1
 e092a84:	f2600c1f 	tst	x0, #0xf00000000
 e092a88:	540000a0 	b.eq	e092a9c <cm_manage_extensions_per_world+0xbc>  // b.none
 e092a8c:	aa1303e0 	mov	x0, x19
 e092a90:	a94153f3 	ldp	x19, x20, [sp, #16]
 e092a94:	a8c27bfd 	ldp	x29, x30, [sp], #32
 e092a98:	140011ff 	b	e097294 <sve_disable_per_world>
 e092a9c:	a94153f3 	ldp	x19, x20, [sp, #16]
 e092aa0:	a8c27bfd 	ldp	x29, x30, [sp], #32
 e092aa4:	d65f03c0 	ret

000000000e092aa8 <cm_prepare_el3_exit>:
 e092aa8:	a9be7bfd 	stp	x29, x30, [sp, #-32]!
 e092aac:	910003fd 	mov	x29, sp
 e092ab0:	f9000bf3 	str	x19, [sp, #16]
 e092ab4:	aa0003f3 	mov	x19, x0
 e092ab8:	97ffff93 	bl	e092904 <cm_get_context>
 e092abc:	b50000a0 	cbnz	x0, e092ad0 <cm_prepare_el3_exit+0x28>
 e092ac0:	f0000040 	adrp	x0, e09d000 <qemu_pm_idle_states+0x3fc>
 e092ac4:	528094c1 	mov	w1, #0x4a6                 	// #1190
 e092ac8:	9107cc00 	add	x0, x0, #0x1f3
 e092acc:	97fff5e3 	bl	e090258 <__assert>
 e092ad0:	f100067f 	cmp	x19, #0x1
 e092ad4:	540002c1 	b.ne	e092b2c <cm_prepare_el3_exit+0x84>  // b.any
 e092ad8:	d5380401 	mrs	x1, id_aa64pfr0_el1
 e092adc:	f2780c3f 	tst	x1, #0xf00
 e092ae0:	54000260 	b.eq	e092b2c <cm_prepare_el3_exit+0x84>  // b.none
 e092ae4:	d5380721 	mrs	x1, id_aa64mmfr1_el1
 e092ae8:	f2580c3f 	tst	x1, #0xf0000000000
 e092aec:	54000060 	b.eq	e092af8 <cm_prepare_el3_exit+0x50>  // b.none
 e092af0:	d2800001 	mov	x1, #0x0                   	// #0
 e092af4:	d51c1241 	msr	hcrx_el2, x1
 e092af8:	d5380701 	mrs	x1, id_aa64mmfr0_el1
 e092afc:	f2480c3f 	tst	x1, #0xf00000000000000
 e092b00:	540000c0 	b.eq	e092b18 <cm_prepare_el3_exit+0x70>  // b.none
 e092b04:	d2e03001 	mov	x1, #0x180000000000000     	// #108086391056891904
 e092b08:	d51c11c1 	msr	hfgitr_el2, x1
 e092b0c:	d2e01881 	mov	x1, #0xc4000000000000      	// #55169095435288576
 e092b10:	d51c1181 	msr	hfgrtr_el2, x1
 e092b14:	d51c11a1 	msr	hfgwtr_el2, x1
 e092b18:	f9408000 	ldr	x0, [x0, #256]
 e092b1c:	36400080 	tbz	w0, #8, e092b2c <cm_prepare_el3_exit+0x84>
 e092b20:	d2810600 	mov	x0, #0x830                 	// #2096
 e092b24:	f2a618a0 	movk	x0, #0x30c5, lsl #16
 e092b28:	d51c1000 	msr	sctlr_el2, x0
 e092b2c:	2a1303e0 	mov	w0, w19
 e092b30:	97fffee7 	bl	e0926cc <cm_el1_sysregs_context_restore>
 e092b34:	2a1303e0 	mov	w0, w19
 e092b38:	f9400bf3 	ldr	x19, [sp, #16]
 e092b3c:	a8c27bfd 	ldp	x29, x30, [sp], #32
 e092b40:	1400001b 	b	e092bac <cm_set_next_eret_context>

000000000e092b44 <cm_prepare_el3_exit_ns>:
 e092b44:	d2800020 	mov	x0, #0x1                   	// #1
 e092b48:	17ffffd8 	b	e092aa8 <cm_prepare_el3_exit>

000000000e092b4c <cm_set_context_by_index>:
 e092b4c:	a9bd7bfd 	stp	x29, x30, [sp, #-48]!
 e092b50:	910003fd 	mov	x29, sp
 e092b54:	a90153f3 	stp	x19, x20, [sp, #16]
 e092b58:	f90013f5 	str	x21, [sp, #32]
 e092b5c:	7100045f 	cmp	w2, #0x1
 e092b60:	540000a9 	b.ls	e092b74 <cm_set_context_by_index+0x28>  // b.plast
 e092b64:	d0000040 	adrp	x0, e09c000 <__TEXT_END_UNALIGNED__>
 e092b68:	528007a1 	mov	w1, #0x3d                  	// #61
 e092b6c:	9131b800 	add	x0, x0, #0xc6e
 e092b70:	97fff5ba 	bl	e090258 <__assert>
 e092b74:	aa0103f5 	mov	x21, x1
 e092b78:	d0000161 	adrp	x1, e0c0000 <warmboot_ep_info+0x650>
 e092b7c:	91240021 	add	x1, x1, #0x900
 e092b80:	2a0203f3 	mov	w19, w2
 e092b84:	940006e5 	bl	e094718 <per_cpu_by_index_compute>
 e092b88:	aa0003f4 	mov	x20, x0
 e092b8c:	2a1303e0 	mov	w0, w19
 e092b90:	9400023e 	bl	e093488 <get_cpu_context_index>
 e092b94:	92401c00 	and	x0, x0, #0xff
 e092b98:	f8207a95 	str	x21, [x20, x0, lsl #3]
 e092b9c:	a94153f3 	ldp	x19, x20, [sp, #16]
 e092ba0:	f94013f5 	ldr	x21, [sp, #32]
 e092ba4:	a8c37bfd 	ldp	x29, x30, [sp], #48
 e092ba8:	d65f03c0 	ret

000000000e092bac <cm_set_next_eret_context>:
 e092bac:	a9bf7bfd 	stp	x29, x30, [sp, #-16]!
 e092bb0:	2a0003e0 	mov	w0, w0
 e092bb4:	910003fd 	mov	x29, sp
 e092bb8:	97ffff53 	bl	e092904 <cm_get_context>
 e092bbc:	b50000a0 	cbnz	x0, e092bd0 <cm_set_next_eret_context+0x24>
 e092bc0:	f0000040 	adrp	x0, e09d000 <qemu_pm_idle_states+0x3fc>
 e092bc4:	9107cc00 	add	x0, x0, #0x1f3
 e092bc8:	52811041 	mov	w1, #0x882                 	// #2178
 e092bcc:	97fff5a3 	bl	e090258 <__assert>
 e092bd0:	d5384201 	mrs	x1, spsel
 e092bd4:	b40000a1 	cbz	x1, e092be8 <cm_set_next_eret_context+0x3c>
 e092bd8:	f0000040 	adrp	x0, e09d000 <qemu_pm_idle_states+0x3fc>
 e092bdc:	52800a01 	mov	w1, #0x50                  	// #80
 e092be0:	9108cc00 	add	x0, x0, #0x233
 e092be4:	17fffffa 	b	e092bcc <cm_set_next_eret_context+0x20>
 e092be8:	d50041bf 	msr	spsel, #0x1
 e092bec:	9100001f 	mov	sp, x0
 e092bf0:	d50040bf 	msr	spsel, #0x0
 e092bf4:	a8c17bfd 	ldp	x29, x30, [sp], #16
 e092bf8:	d65f03c0 	ret

000000000e092bfc <cm_setup_context>:
 e092bfc:	a9bd7bfd 	stp	x29, x30, [sp, #-48]!
 e092c00:	910003fd 	mov	x29, sp
 e092c04:	a90153f3 	stp	x19, x20, [sp, #16]
 e092c08:	f90013f5 	str	x21, [sp, #32]
 e092c0c:	b50000a0 	cbnz	x0, e092c20 <cm_setup_context+0x24>
 e092c10:	f0000040 	adrp	x0, e09d000 <qemu_pm_idle_states+0x3fc>
 e092c14:	52805741 	mov	w1, #0x2ba                 	// #698
 e092c18:	9107cc00 	add	x0, x0, #0x1f3
 e092c1c:	97fff58f 	bl	e090258 <__assert>
 e092c20:	aa0103f4 	mov	x20, x1
 e092c24:	aa0003f3 	mov	x19, x0
 e092c28:	d2805801 	mov	x1, #0x2c0                 	// #704
 e092c2c:	97fffcf6 	bl	e092004 <zeromem>
 e092c30:	d2804601 	mov	x1, #0x230                 	// #560
 e092c34:	d280c600 	mov	x0, #0x630                 	// #1584
 e092c38:	b9401282 	ldr	w2, [x20, #16]
 e092c3c:	f27c005f 	tst	x2, #0x10
 e092c40:	9a810000 	csel	x0, x0, x1, eq	// eq = none
 e092c44:	f9400a81 	ldr	x1, [x20, #16]
 e092c48:	927e0823 	and	x3, x1, #0x1c
 e092c4c:	f100207f 	cmp	x3, #0x8
 e092c50:	54000080 	b.eq	e092c60 <cm_setup_context+0x64>  // b.none
 e092c54:	92401021 	and	x1, x1, #0x1f
 e092c58:	f100683f 	cmp	x1, #0x1a
 e092c5c:	54000041 	b.ne	e092c64 <cm_setup_context+0x68>  // b.any
 e092c60:	b2780000 	orr	x0, x0, #0x100
 e092c64:	b9400681 	ldr	w1, [x20, #4]
 e092c68:	36100041 	tbz	w1, #2, e092c70 <cm_setup_context+0x74>
 e092c6c:	b2750000 	orr	x0, x0, #0x800
 e092c70:	d5380721 	mrs	x1, id_aa64mmfr1_el1
 e092c74:	f2580c3f 	tst	x1, #0xf0000000000
 e092c78:	54000040 	b.eq	e092c80 <cm_setup_context+0x84>  // b.none
 e092c7c:	b25a0000 	orr	x0, x0, #0x4000000000
 e092c80:	d5380761 	mrs	x1, id_aa64mmfr3_el1
 e092c84:	d34cfc23 	lsr	x3, x1, #12
 e092c88:	aa412063 	orr	x3, x3, x1, lsr #8
 e092c8c:	f2400c7f 	tst	x3, #0xf
 e092c90:	540000a1 	b.ne	e092ca4 <cm_setup_context+0xa8>  // b.any
 e092c94:	d354fc23 	lsr	x3, x1, #20
 e092c98:	aa414061 	orr	x1, x3, x1, lsr #16
 e092c9c:	f2400c3f 	tst	x1, #0xf
 e092ca0:	54000040 	b.eq	e092ca8 <cm_setup_context+0xac>  // b.none
 e092ca4:	b2530000 	orr	x0, x0, #0x200000000000
 e092ca8:	d5380421 	mrs	x1, id_aa64pfr1_el1
 e092cac:	f2540c3f 	tst	x1, #0xf00000000000
 e092cb0:	54000040 	b.eq	e092cb8 <cm_setup_context+0xbc>  // b.none
 e092cb4:	b2590000 	orr	x0, x0, #0x8000000000
 e092cb8:	d5380701 	mrs	x1, id_aa64mmfr0_el1
 e092cbc:	f2480c3f 	tst	x1, #0xf00000000000000
 e092cc0:	54000040 	b.eq	e092cc8 <cm_setup_context+0xcc>  // b.none
 e092cc4:	b2650000 	orr	x0, x0, #0x8000000
 e092cc8:	d5380701 	mrs	x1, id_aa64mmfr0_el1
 e092ccc:	eb41f3ff 	cmp	xzr, x1, lsr #60
 e092cd0:	54000040 	b.eq	e092cd8 <cm_setup_context+0xdc>  // b.none
 e092cd4:	b2640000 	orr	x0, x0, #0x10000000
 e092cd8:	f9008260 	str	x0, [x19, #256]
 e092cdc:	2a0203e2 	mov	w2, w2
 e092ce0:	f9400680 	ldr	x0, [x20, #8]
 e092ce4:	a9110262 	stp	x2, x0, [x19, #272]
 e092ce8:	d2900000 	mov	x0, #0x8000                	// #32768
 e092cec:	f2a20020 	movk	x0, #0x1001, lsl #16
 e092cf0:	f9009a60 	str	x0, [x19, #304]
 e092cf4:	d5380500 	mrs	x0, id_aa64dfr0_el1
 e092cf8:	f2580c1f 	tst	x0, #0xf0000000000
 e092cfc:	54000060 	b.eq	e092d08 <cm_setup_context+0x10c>  // b.none
 e092d00:	aa1303e0 	mov	x0, x19
 e092d04:	940011c2 	bl	e09740c <trf_enable>
 e092d08:	d5380760 	mrs	x0, id_aa64mmfr3_el1
 e092d0c:	f2400c1f 	tst	x0, #0xf
 e092d10:	54000060 	b.eq	e092d1c <cm_setup_context+0x120>  // b.none
 e092d14:	aa1303e0 	mov	x0, x19
 e092d18:	9400116b 	bl	e0972c4 <tcr2_enable>
 e092d1c:	aa1303e0 	mov	x0, x19
 e092d20:	94000751 	bl	e094a64 <pmuv3_enable>
 e092d24:	91006281 	add	x1, x20, #0x18
 e092d28:	aa1303e0 	mov	x0, x19
 e092d2c:	d2800802 	mov	x2, #0x40                  	// #64
 e092d30:	94000598 	bl	e094390 <memcpy>
 e092d34:	b9400680 	ldr	w0, [x20, #4]
 e092d38:	52800421 	mov	w1, #0x21                  	// #33
 e092d3c:	6a010000 	ands	w0, w0, w1
 e092d40:	54000160 	b.eq	e092d6c <cm_setup_context+0x170>  // b.none
 e092d44:	7100041f 	cmp	w0, #0x1
 e092d48:	54000540 	b.eq	e092df0 <cm_setup_context+0x1f4>  // b.none
 e092d4c:	f0000040 	adrp	x0, e09d000 <qemu_pm_idle_states+0x3fc>
 e092d50:	91086800 	add	x0, x0, #0x21a
 e092d54:	9400117c 	bl	e097344 <tf_log>
 e092d58:	f0000040 	adrp	x0, e09d000 <qemu_pm_idle_states+0x3fc>
 e092d5c:	9120c800 	add	x0, x0, #0x832
 e092d60:	97fffcf0 	bl	e092120 <backtrace>
 e092d64:	94000056 	bl	e092ebc <console_flush>
 e092d68:	97fffa3b 	bl	e091654 <el3_panic>
 e092d6c:	f9408275 	ldr	x21, [x19, #256]
 e092d70:	d2800000 	mov	x0, #0x0                   	// #0
 e092d74:	94000247 	bl	e093690 <get_scr_el3_from_routing_model>
 e092d78:	aa0002b5 	orr	x21, x21, x0
 e092d7c:	b9400680 	ldr	w0, [x20, #4]
 e092d80:	b9401282 	ldr	w2, [x20, #16]
 e092d84:	d2810001 	mov	x1, #0x800                 	// #2048
 e092d88:	d2810703 	mov	x3, #0x838                 	// #2104
 e092d8c:	f2a61a01 	movk	x1, #0x30d0, lsl #16
 e092d90:	d3689c00 	lsl	x0, x0, #24
 e092d94:	f2a018a3 	movk	x3, #0xc5, lsl #16
 e092d98:	92670000 	and	x0, x0, #0x2000000
 e092d9c:	f27c005f 	tst	x2, #0x10
 e092da0:	aa010001 	orr	x1, x0, x1
 e092da4:	aa030000 	orr	x0, x0, x3
 e092da8:	9a811000 	csel	x0, x0, x1, ne	// ne = any
 e092dac:	f9008275 	str	x21, [x19, #256]
 e092db0:	f900be60 	str	x0, [x19, #376]
 e092db4:	d5381020 	mrs	x0, actlr_el1
 e092db8:	f900de60 	str	x0, [x19, #440]
 e092dbc:	d5380420 	mrs	x0, id_aa64pfr1_el1
 e092dc0:	72080c1f 	tst	w0, #0xf000000
 e092dc4:	54000060 	b.eq	e092dd0 <cm_setup_context+0x1d4>  // b.none
 e092dc8:	aa1303e0 	mov	x0, x19
 e092dcc:	940010ae 	bl	e097084 <sme_disable>
 e092dd0:	d5380500 	mrs	x0, id_aa64dfr0_el1
 e092dd4:	f2600c1f 	tst	x0, #0xf00000000
 e092dd8:	540006a0 	b.eq	e092eac <cm_setup_context+0x2b0>  // b.none
 e092ddc:	f94013f5 	ldr	x21, [sp, #32]
 e092de0:	aa1303e0 	mov	x0, x19
 e092de4:	a94153f3 	ldp	x19, x20, [sp, #16]
 e092de8:	a8c37bfd 	ldp	x29, x30, [sp], #48
 e092dec:	140010c5 	b	e097100 <spe_disable_secure>
 e092df0:	f9408260 	ldr	x0, [x19, #256]
 e092df4:	d2800021 	mov	x1, #0x1                   	// #1
 e092df8:	d5380402 	mrs	x2, id_aa64pfr0_el1
 e092dfc:	d378fc42 	lsr	x2, x2, #56
 e092e00:	f2a00061 	movk	x1, #0x3, lsl #16
 e092e04:	f27f085f 	tst	x2, #0xe
 e092e08:	aa010001 	orr	x1, x0, x1
 e092e0c:	d2800023 	mov	x3, #0x1                   	// #1
 e092e10:	f2a04063 	movk	x3, #0x203, lsl #16
 e092e14:	aa030000 	orr	x0, x0, x3
 e092e18:	9a811015 	csel	x21, x0, x1, ne	// ne = any
 e092e1c:	d2800020 	mov	x0, #0x1                   	// #1
 e092e20:	9400021c 	bl	e093690 <get_scr_el3_from_routing_model>
 e092e24:	aa150000 	orr	x0, x0, x21
 e092e28:	d5380761 	mrs	x1, id_aa64mmfr3_el1
 e092e2c:	721c0c3f 	tst	w1, #0xf0
 e092e30:	54000040 	b.eq	e092e38 <cm_setup_context+0x23c>  // b.none
 e092e34:	b2540000 	orr	x0, x0, #0x100000000000
 e092e38:	b9401282 	ldr	w2, [x20, #16]
 e092e3c:	d2810001 	mov	x1, #0x800                 	// #2048
 e092e40:	f9008260 	str	x0, [x19, #256]
 e092e44:	d2810703 	mov	x3, #0x838                 	// #2104
 e092e48:	b9400680 	ldr	w0, [x20, #4]
 e092e4c:	f2a018a3 	movk	x3, #0xc5, lsl #16
 e092e50:	f27c005f 	tst	x2, #0x10
 e092e54:	f2a61a01 	movk	x1, #0x30d0, lsl #16
 e092e58:	d3689c00 	lsl	x0, x0, #24
 e092e5c:	92670000 	and	x0, x0, #0x2000000
 e092e60:	aa010001 	orr	x1, x0, x1
 e092e64:	aa030000 	orr	x0, x0, x3
 e092e68:	9a811000 	csel	x0, x0, x1, ne	// ne = any
 e092e6c:	f900be60 	str	x0, [x19, #376]
 e092e70:	d5381020 	mrs	x0, actlr_el1
 e092e74:	f900de60 	str	x0, [x19, #440]
 e092e78:	d5380420 	mrs	x0, id_aa64pfr1_el1
 e092e7c:	72080c1f 	tst	w0, #0xf000000
 e092e80:	54000060 	b.eq	e092e8c <cm_setup_context+0x290>  // b.none
 e092e84:	aa1303e0 	mov	x0, x19
 e092e88:	94001088 	bl	e0970a8 <sme_enable>
 e092e8c:	d5380500 	mrs	x0, id_aa64dfr0_el1
 e092e90:	f2600c1f 	tst	x0, #0xf00000000
 e092e94:	540000c0 	b.eq	e092eac <cm_setup_context+0x2b0>  // b.none
 e092e98:	f94013f5 	ldr	x21, [sp, #32]
 e092e9c:	aa1303e0 	mov	x0, x19
 e092ea0:	a94153f3 	ldp	x19, x20, [sp, #16]
 e092ea4:	a8c37bfd 	ldp	x29, x30, [sp], #48
 e092ea8:	1400109d 	b	e09711c <spe_enable_ns>
 e092eac:	a94153f3 	ldp	x19, x20, [sp, #16]
 e092eb0:	f94013f5 	ldr	x21, [sp, #32]
 e092eb4:	a8c37bfd 	ldp	x29, x30, [sp], #48
 e092eb8:	d65f03c0 	ret

000000000e092ebc <console_flush>:
 e092ebc:	a9be7bfd 	stp	x29, x30, [sp, #-32]!
 e092ec0:	b0000160 	adrp	x0, e0bf000 <__STACKS_START__+0x1f740>
 e092ec4:	910003fd 	mov	x29, sp
 e092ec8:	a90153f3 	stp	x19, x20, [sp, #16]
 e092ecc:	b0000074 	adrp	x20, e09f000 <tf_xlat_ctx>
 e092ed0:	9121a294 	add	x20, x20, #0x868
 e092ed4:	f944b813 	ldr	x19, [x0, #2416]
 e092ed8:	b5000093 	cbnz	x19, e092ee8 <console_flush+0x2c>
 e092edc:	a94153f3 	ldp	x19, x20, [sp, #16]
 e092ee0:	a8c27bfd 	ldp	x29, x30, [sp], #32
 e092ee4:	d65f03c0 	ret
 e092ee8:	f9400660 	ldr	x0, [x19, #8]
 e092eec:	b9400281 	ldr	w1, [x20]
 e092ef0:	ea00003f 	tst	x1, x0
 e092ef4:	540000a0 	b.eq	e092f08 <console_flush+0x4c>  // b.none
 e092ef8:	f9400e61 	ldr	x1, [x19, #24]
 e092efc:	b4000061 	cbz	x1, e092f08 <console_flush+0x4c>
 e092f00:	aa1303e0 	mov	x0, x19
 e092f04:	d63f0020 	blr	x1
 e092f08:	f9400273 	ldr	x19, [x19]
 e092f0c:	17fffff3 	b	e092ed8 <console_flush+0x1c>

000000000e092f10 <console_is_registered>:
 e092f10:	b50000e0 	cbnz	x0, e092f2c <console_is_registered+0x1c>
 e092f14:	a9bf7bfd 	stp	x29, x30, [sp, #-16]!
 e092f18:	f0000040 	adrp	x0, e09d000 <qemu_pm_idle_states+0x3fc>
 e092f1c:	52800701 	mov	w1, #0x38                  	// #56
 e092f20:	910003fd 	mov	x29, sp
 e092f24:	91012c00 	add	x0, x0, #0x4b
 e092f28:	97fff4cc 	bl	e090258 <__assert>
 e092f2c:	b0000161 	adrp	x1, e0bf000 <__STACKS_START__+0x1f740>
 e092f30:	f944b821 	ldr	x1, [x1, #2416]
 e092f34:	b5000061 	cbnz	x1, e092f40 <console_is_registered+0x30>
 e092f38:	52800000 	mov	w0, #0x0                   	// #0
 e092f3c:	d65f03c0 	ret
 e092f40:	eb00003f 	cmp	x1, x0
 e092f44:	54000060 	b.eq	e092f50 <console_is_registered+0x40>  // b.none
 e092f48:	f9400021 	ldr	x1, [x1]
 e092f4c:	17fffffa 	b	e092f34 <console_is_registered+0x24>
 e092f50:	52800020 	mov	w0, #0x1                   	// #1
 e092f54:	d65f03c0 	ret

000000000e092f58 <console_putc>:
 e092f58:	a9bd7bfd 	stp	x29, x30, [sp, #-48]!
 e092f5c:	910003fd 	mov	x29, sp
 e092f60:	a9025bf5 	stp	x21, x22, [sp, #32]
 e092f64:	2a0003f5 	mov	w21, w0
 e092f68:	b0000160 	adrp	x0, e0bf000 <__STACKS_START__+0x1f740>
 e092f6c:	a90153f3 	stp	x19, x20, [sp, #16]
 e092f70:	b0000076 	adrp	x22, e09f000 <tf_xlat_ctx>
 e092f74:	9121a2d6 	add	x22, x22, #0x868
 e092f78:	f944b813 	ldr	x19, [x0, #2416]
 e092f7c:	12800ff4 	mov	w20, #0xffffff80            	// #-128
 e092f80:	b50000d3 	cbnz	x19, e092f98 <console_putc+0x40>
 e092f84:	a9425bf5 	ldp	x21, x22, [sp, #32]
 e092f88:	2a1403e0 	mov	w0, w20
 e092f8c:	a94153f3 	ldp	x19, x20, [sp, #16]
 e092f90:	a8c37bfd 	ldp	x29, x30, [sp], #48
 e092f94:	d65f03c0 	ret
 e092f98:	f9400660 	ldr	x0, [x19, #8]
 e092f9c:	b94002c1 	ldr	w1, [x22]
 e092fa0:	ea00003f 	tst	x1, x0
 e092fa4:	54000060 	b.eq	e092fb0 <console_putc+0x58>  // b.none
 e092fa8:	f9400a62 	ldr	x2, [x19, #16]
 e092fac:	b50000a2 	cbnz	x2, e092fc0 <console_putc+0x68>
 e092fb0:	2a1403e0 	mov	w0, w20
 e092fb4:	f9400273 	ldr	x19, [x19]
 e092fb8:	2a0003f4 	mov	w20, w0
 e092fbc:	17fffff1 	b	e092f80 <console_putc+0x28>
 e092fc0:	71002abf 	cmp	w21, #0xa
 e092fc4:	54000120 	b.eq	e092fe8 <console_putc+0x90>  // b.none
 e092fc8:	f9400a62 	ldr	x2, [x19, #16]
 e092fcc:	aa1303e1 	mov	x1, x19
 e092fd0:	2a1503e0 	mov	w0, w21
 e092fd4:	d63f0040 	blr	x2
 e092fd8:	3102029f 	cmn	w20, #0x80
 e092fdc:	7a401280 	ccmp	w20, w0, #0x0, ne	// ne = any
 e092fe0:	54fffe8d 	b.le	e092fb0 <console_putc+0x58>
 e092fe4:	17fffff4 	b	e092fb4 <console_putc+0x5c>
 e092fe8:	3647ff00 	tbz	w0, #8, e092fc8 <console_putc+0x70>
 e092fec:	aa1303e1 	mov	x1, x19
 e092ff0:	528001a0 	mov	w0, #0xd                   	// #13
 e092ff4:	d63f0040 	blr	x2
 e092ff8:	36fffe80 	tbz	w0, #31, e092fc8 <console_putc+0x70>
 e092ffc:	17fffff7 	b	e092fd8 <console_putc+0x80>

000000000e093000 <console_register>:
 e093000:	a9be7bfd 	stp	x29, x30, [sp, #-32]!
 e093004:	910003fd 	mov	x29, sp
 e093008:	f9000bf3 	str	x19, [sp, #16]
 e09300c:	aa0003f3 	mov	x19, x0
 e093010:	90000060 	adrp	x0, e09f000 <tf_xlat_ctx>
 e093014:	91230000 	add	x0, x0, #0x8c0
 e093018:	eb00027f 	cmp	x19, x0
 e09301c:	54000123 	b.cc	e093040 <console_register+0x40>  // b.lo, b.ul, b.last
 e093020:	90000160 	adrp	x0, e0bf000 <__STACKS_START__+0x1f740>
 e093024:	91230000 	add	x0, x0, #0x8c0
 e093028:	eb00027f 	cmp	x19, x0
 e09302c:	540000a2 	b.cs	e093040 <console_register+0x40>  // b.hs, b.nlast
 e093030:	d0000040 	adrp	x0, e09d000 <qemu_pm_idle_states+0x3fc>
 e093034:	528002c1 	mov	w1, #0x16                  	// #22
 e093038:	91012c00 	add	x0, x0, #0x4b
 e09303c:	97fff487 	bl	e090258 <__assert>
 e093040:	aa1303e0 	mov	x0, x19
 e093044:	97ffffb3 	bl	e092f10 <console_is_registered>
 e093048:	7100041f 	cmp	w0, #0x1
 e09304c:	540000a0 	b.eq	e093060 <console_register+0x60>  // b.none
 e093050:	90000160 	adrp	x0, e0bf000 <__STACKS_START__+0x1f740>
 e093054:	f944b801 	ldr	x1, [x0, #2416]
 e093058:	f9000261 	str	x1, [x19]
 e09305c:	f904b813 	str	x19, [x0, #2416]
 e093060:	f9400bf3 	ldr	x19, [sp, #16]
 e093064:	52800020 	mov	w0, #0x1                   	// #1
 e093068:	a8c27bfd 	ldp	x29, x30, [sp], #32
 e09306c:	d65f03c0 	ret

000000000e093070 <console_set_scope>:
 e093070:	b50000e0 	cbnz	x0, e09308c <console_set_scope+0x1c>
 e093074:	a9bf7bfd 	stp	x29, x30, [sp, #-16]!
 e093078:	d0000040 	adrp	x0, e09d000 <qemu_pm_idle_states+0x3fc>
 e09307c:	52800941 	mov	w1, #0x4a                  	// #74
 e093080:	910003fd 	mov	x29, sp
 e093084:	91012c00 	add	x0, x0, #0x4b
 e093088:	97fff474 	bl	e090258 <__assert>
 e09308c:	f9400402 	ldr	x2, [x0, #8]
 e093090:	2a0103e1 	mov	w1, w1
 e093094:	9278dc42 	and	x2, x2, #0xffffffffffffff00
 e093098:	aa010041 	orr	x1, x2, x1
 e09309c:	f9000401 	str	x1, [x0, #8]
 e0930a0:	d65f03c0 	ret

000000000e0930a4 <console_switch_state>:
 e0930a4:	90000061 	adrp	x1, e09f000 <tf_xlat_ctx>
 e0930a8:	b9086820 	str	w0, [x1, #2152]
 e0930ac:	d65f03c0 	ret

000000000e0930b0 <cpu_data_init_cpu_ops>:
 e0930b0:	a9be7bfd 	stp	x29, x30, [sp, #-32]!
 e0930b4:	910003fd 	mov	x29, sp
 e0930b8:	a90153f3 	stp	x19, x20, [sp, #16]
 e0930bc:	b0000173 	adrp	x19, e0c0000 <warmboot_ep_info+0x650>
 e0930c0:	91240273 	add	x19, x19, #0x900
 e0930c4:	aa1303e0 	mov	x0, x19
 e0930c8:	940005a0 	bl	e094748 <per_cpu_cur_compute>
 e0930cc:	f9400c00 	ldr	x0, [x0, #24]
 e0930d0:	b50000c0 	cbnz	x0, e0930e8 <cpu_data_init_cpu_ops+0x38>
 e0930d4:	97fff997 	bl	e091730 <get_cpu_ops_ptr>
 e0930d8:	aa0003f4 	mov	x20, x0
 e0930dc:	aa1303e0 	mov	x0, x19
 e0930e0:	9400059a 	bl	e094748 <per_cpu_cur_compute>
 e0930e4:	f9000c14 	str	x20, [x0, #24]
 e0930e8:	a94153f3 	ldp	x19, x20, [sp, #16]
 e0930ec:	a8c27bfd 	ldp	x29, x30, [sp], #32
 e0930f0:	d65f03c0 	ret

000000000e0930f4 <create_spsr>:
 e0930f4:	aa0003e2 	mov	x2, x0
 e0930f8:	2a0103e4 	mov	w4, w1
 e0930fc:	7100083f 	cmp	w1, #0x2
 e093100:	54000b41 	b.ne	e093268 <create_spsr+0x174>  // b.any
 e093104:	d53c1005 	mrs	x5, sctlr_el2
 e093108:	d2800121 	mov	x1, #0x9                   	// #9
 e09310c:	92760440 	and	x0, x2, #0xc00
 e093110:	12818006 	mov	w6, #0xfffff3ff            	// #-3073
 e093114:	aa010000 	orr	x0, x0, x1
 e093118:	b27a0c03 	orr	x3, x0, #0x3c0
 e09311c:	8a060000 	and	x0, x0, x6
 e093120:	b27a0c00 	orr	x0, x0, #0x3c0
 e093124:	d5380421 	mrs	x1, id_aa64pfr1_el1
 e093128:	f2400c3f 	tst	x1, #0xf
 e09312c:	9a831000 	csel	x0, x0, x3, ne	// ne = any
 e093130:	92740043 	and	x3, x2, #0x1000
 e093134:	aa000063 	orr	x3, x3, x0
 e093138:	721c0c3f 	tst	w1, #0xf0
 e09313c:	540000a0 	b.eq	e093150 <create_spsr+0x5c>  // b.none
 e093140:	b2740060 	orr	x0, x3, #0x1000
 e093144:	f25400bf 	tst	x5, #0x100000000000
 e093148:	9273f863 	and	x3, x3, #0xffffffffffffefff
 e09314c:	9a800063 	csel	x3, x3, x0, eq	// eq = none
 e093150:	92730040 	and	x0, x2, #0x2000
 e093154:	aa030000 	orr	x0, x0, x3
 e093158:	d5380421 	mrs	x1, id_aa64pfr1_el1
 e09315c:	f25c0c3f 	tst	x1, #0xf000000000
 e093160:	540000a0 	b.eq	e093174 <create_spsr+0x80>  // b.none
 e093164:	9272f801 	and	x1, x0, #0xffffffffffffdfff
 e093168:	f24200bf 	tst	x5, #0x4000000000000000
 e09316c:	b2730000 	orr	x0, x0, #0x2000
 e093170:	9a810000 	csel	x0, x0, x1, eq	// eq = none
 e093174:	926a0043 	and	x3, x2, #0x400000
 e093178:	aa000063 	orr	x3, x3, x0
 e09317c:	d5380720 	mrs	x0, id_aa64mmfr1_el1
 e093180:	720c0c1f 	tst	w0, #0xf00000
 e093184:	540000a0 	b.eq	e093198 <create_spsr+0xa4>  // b.none
 e093188:	7100049f 	cmp	w4, #0x1
 e09318c:	54000741 	b.ne	e093274 <create_spsr+0x180>  // b.any
 e093190:	37b80045 	tbnz	w5, #23, e093198 <create_spsr+0xa4>
 e093194:	b26a0063 	orr	x3, x3, #0x400000
 e093198:	92690040 	and	x0, x2, #0x800000
 e09319c:	aa030000 	orr	x0, x0, x3
 e0931a0:	d5380741 	mrs	x1, id_aa64mmfr2_el1
 e0931a4:	721c0c3f 	tst	w1, #0xf0
 e0931a8:	54000040 	b.eq	e0931b0 <create_spsr+0xbc>  // b.none
 e0931ac:	9268f800 	and	x0, x0, #0xffffffffff7fffff
 e0931b0:	92680441 	and	x1, x2, #0x3000000
 e0931b4:	aa000021 	orr	x1, x1, x0
 e0931b8:	d5380420 	mrs	x0, id_aa64pfr1_el1
 e0931bc:	d348fc00 	lsr	x0, x0, #8
 e0931c0:	f27f081f 	tst	x0, #0xe
 e0931c4:	54000040 	b.eq	e0931cc <create_spsr+0xd8>  // b.none
 e0931c8:	b2670021 	orr	x1, x1, #0x2000000
 e0931cc:	92642040 	and	x0, x2, #0x1ff0000000
 e0931d0:	925cf000 	and	x0, x0, #0xfffffff1ffffffff
 e0931d4:	aa010000 	orr	x0, x0, x1
 e0931d8:	d5380521 	mrs	x1, id_aa64dfr1_el1
 e0931dc:	f2500c3f 	tst	x1, #0xf000000000000
 e0931e0:	54000040 	b.eq	e0931e8 <create_spsr+0xf4>  // b.none
 e0931e4:	b2600000 	orr	x0, x0, #0x100000000
 e0931e8:	925f0041 	and	x1, x2, #0x200000000
 e0931ec:	aa000020 	orr	x0, x1, x0
 e0931f0:	d5380501 	mrs	x1, id_aa64dfr0_el1
 e0931f4:	72080c3f 	tst	w1, #0xf000000
 e0931f8:	54000040 	b.eq	e093200 <create_spsr+0x10c>  // b.none
 e0931fc:	925ef800 	and	x0, x0, #0xfffffffdffffffff
 e093200:	925e0041 	and	x1, x2, #0x400000000
 e093204:	aa000021 	orr	x1, x1, x0
 e093208:	d5380420 	mrs	x0, id_aa64pfr1_el1
 e09320c:	f2540c1f 	tst	x0, #0xf00000000000
 e093210:	540000e0 	b.eq	e09322c <create_spsr+0x138>  // b.none
 e093214:	7100089f 	cmp	w4, #0x2
 e093218:	54000ae1 	b.ne	e093374 <create_spsr+0x280>  // b.any
 e09321c:	d53c2500 	mrs	x0, gcscr_el2
 e093220:	d3648c00 	lsl	x0, x0, #28
 e093224:	925e0000 	and	x0, x0, #0x400000000
 e093228:	aa000021 	orr	x1, x1, x0
 e09322c:	925d0040 	and	x0, x2, #0x800000000
 e093230:	aa010000 	orr	x0, x0, x1
 e093234:	d5380621 	mrs	x1, id_aa64isar1_el1
 e093238:	53082c22 	ubfx	w2, w1, #8, #4
 e09323c:	7100185f 	cmp	w2, #0x6
 e093240:	54000100 	b.eq	e093260 <create_spsr+0x16c>  // b.none
 e093244:	53041c21 	ubfx	w1, w1, #4, #4
 e093248:	7100183f 	cmp	w1, #0x6
 e09324c:	540000a0 	b.eq	e093260 <create_spsr+0x16c>  // b.none
 e093250:	d5380641 	mrs	x1, id_aa64isar2_el1
 e093254:	530c3c21 	ubfx	w1, w1, #12, #4
 e093258:	7100183f 	cmp	w1, #0x6
 e09325c:	54000901 	b.ne	e09337c <create_spsr+0x288>  // b.any
 e093260:	925cf800 	and	x0, x0, #0xfffffff7ffffffff
 e093264:	d65f03c0 	ret
 e093268:	d5381005 	mrs	x5, sctlr_el1
 e09326c:	d28000a1 	mov	x1, #0x5                   	// #5
 e093270:	17ffffa7 	b	e09310c <create_spsr+0x18>
 e093274:	7100089f 	cmp	w4, #0x2
 e093278:	54fff901 	b.ne	e093198 <create_spsr+0xa4>  // b.any
 e09327c:	a9bf7bfd 	stp	x29, x30, [sp, #-16]!
 e093280:	910003fd 	mov	x29, sp
 e093284:	9400041f 	bl	e094300 <is_tge_enabled>
 e093288:	36000040 	tbz	w0, #0, e093290 <create_spsr+0x19c>
 e09328c:	36b806c5 	tbz	w5, #23, e093364 <create_spsr+0x270>
 e093290:	92690040 	and	x0, x2, #0x800000
 e093294:	aa030000 	orr	x0, x0, x3
 e093298:	d5380741 	mrs	x1, id_aa64mmfr2_el1
 e09329c:	721c0c3f 	tst	w1, #0xf0
 e0932a0:	54000040 	b.eq	e0932a8 <create_spsr+0x1b4>  // b.none
 e0932a4:	9268f800 	and	x0, x0, #0xffffffffff7fffff
 e0932a8:	92680441 	and	x1, x2, #0x3000000
 e0932ac:	aa000021 	orr	x1, x1, x0
 e0932b0:	d5380420 	mrs	x0, id_aa64pfr1_el1
 e0932b4:	d348fc00 	lsr	x0, x0, #8
 e0932b8:	f27f081f 	tst	x0, #0xe
 e0932bc:	54000040 	b.eq	e0932c4 <create_spsr+0x1d0>  // b.none
 e0932c0:	b2670021 	orr	x1, x1, #0x2000000
 e0932c4:	92642040 	and	x0, x2, #0x1ff0000000
 e0932c8:	925cf000 	and	x0, x0, #0xfffffff1ffffffff
 e0932cc:	aa010000 	orr	x0, x0, x1
 e0932d0:	d5380521 	mrs	x1, id_aa64dfr1_el1
 e0932d4:	f2500c3f 	tst	x1, #0xf000000000000
 e0932d8:	54000040 	b.eq	e0932e0 <create_spsr+0x1ec>  // b.none
 e0932dc:	b2600000 	orr	x0, x0, #0x100000000
 e0932e0:	925f0041 	and	x1, x2, #0x200000000
 e0932e4:	aa000020 	orr	x0, x1, x0
 e0932e8:	d5380501 	mrs	x1, id_aa64dfr0_el1
 e0932ec:	72080c3f 	tst	w1, #0xf000000
 e0932f0:	54000040 	b.eq	e0932f8 <create_spsr+0x204>  // b.none
 e0932f4:	925ef800 	and	x0, x0, #0xfffffffdffffffff
 e0932f8:	925e0041 	and	x1, x2, #0x400000000
 e0932fc:	aa000021 	orr	x1, x1, x0
 e093300:	d5380420 	mrs	x0, id_aa64pfr1_el1
 e093304:	f2540c1f 	tst	x0, #0xf00000000000
 e093308:	540000e0 	b.eq	e093324 <create_spsr+0x230>  // b.none
 e09330c:	7100089f 	cmp	w4, #0x2
 e093310:	540002e1 	b.ne	e09336c <create_spsr+0x278>  // b.any
 e093314:	d53c2500 	mrs	x0, gcscr_el2
 e093318:	d3648c00 	lsl	x0, x0, #28
 e09331c:	925e0000 	and	x0, x0, #0x400000000
 e093320:	aa000021 	orr	x1, x1, x0
 e093324:	925d0040 	and	x0, x2, #0x800000000
 e093328:	aa010000 	orr	x0, x0, x1
 e09332c:	d5380621 	mrs	x1, id_aa64isar1_el1
 e093330:	53082c22 	ubfx	w2, w1, #8, #4
 e093334:	7100185f 	cmp	w2, #0x6
 e093338:	54000100 	b.eq	e093358 <create_spsr+0x264>  // b.none
 e09333c:	53041c21 	ubfx	w1, w1, #4, #4
 e093340:	7100183f 	cmp	w1, #0x6
 e093344:	540000a0 	b.eq	e093358 <create_spsr+0x264>  // b.none
 e093348:	d5380641 	mrs	x1, id_aa64isar2_el1
 e09334c:	530c3c21 	ubfx	w1, w1, #12, #4
 e093350:	7100183f 	cmp	w1, #0x6
 e093354:	54000041 	b.ne	e09335c <create_spsr+0x268>  // b.any
 e093358:	925cf800 	and	x0, x0, #0xfffffff7ffffffff
 e09335c:	a8c17bfd 	ldp	x29, x30, [sp], #16
 e093360:	d65f03c0 	ret
 e093364:	b26a0063 	orr	x3, x3, #0x400000
 e093368:	17ffffca 	b	e093290 <create_spsr+0x19c>
 e09336c:	d5382500 	mrs	x0, gcscr_el1
 e093370:	17ffffea 	b	e093318 <create_spsr+0x224>
 e093374:	d5382500 	mrs	x0, gcscr_el1
 e093378:	17ffffaa 	b	e093220 <create_spsr+0x12c>
 e09337c:	d65f03c0 	ret

000000000e093380 <enable_mmu_el3>:
 e093380:	90000062 	adrp	x2, e09f000 <tf_xlat_ctx>
 e093384:	91000042 	add	x2, x2, #0x0
 e093388:	a9be7bfd 	stp	x29, x30, [sp, #-32]!
 e09338c:	2a0003e1 	mov	w1, w0
 e093390:	52800065 	mov	w5, #0x3                   	// #3
 e093394:	910003fd 	mov	x29, sp
 e093398:	f9400444 	ldr	x4, [x2, #8]
 e09339c:	f9402043 	ldr	x3, [x2, #64]
 e0933a0:	f9401842 	ldr	x2, [x2, #48]
 e0933a4:	f9000bf3 	str	x19, [sp, #16]
 e0933a8:	2a0003f3 	mov	w19, w0
 e0933ac:	b0000160 	adrp	x0, e0c0000 <warmboot_ep_info+0x650>
 e0933b0:	911b8000 	add	x0, x0, #0x6e0
 e0933b4:	94000ed8 	bl	e096f14 <setup_mmu_cfg>
 e0933b8:	2a1303e0 	mov	w0, w19
 e0933bc:	f9400bf3 	ldr	x19, [sp, #16]
 e0933c0:	a8c27bfd 	ldp	x29, x30, [sp], #32
 e0933c4:	17fff8b1 	b	e091688 <enable_mmu_direct_el3>

000000000e0933c8 <find_erratum_entry>:
 e0933c8:	a9be7bfd 	stp	x29, x30, [sp, #-32]!
 e0933cc:	910003fd 	mov	x29, sp
 e0933d0:	f9000bf3 	str	x19, [sp, #16]
 e0933d4:	2a0003f3 	mov	w19, w0
 e0933d8:	97fff8d6 	bl	e091730 <get_cpu_ops_ptr>
 e0933dc:	b50000a0 	cbnz	x0, e0933f0 <find_erratum_entry+0x28>
 e0933e0:	52800501 	mov	w1, #0x28                  	// #40
 e0933e4:	d0000040 	adrp	x0, e09d000 <qemu_pm_idle_states+0x3fc>
 e0933e8:	9101fc00 	add	x0, x0, #0x7f
 e0933ec:	97fff39b 	bl	e090258 <__assert>
 e0933f0:	aa0003e1 	mov	x1, x0
 e0933f4:	f9401400 	ldr	x0, [x0, #40]
 e0933f8:	b5000060 	cbnz	x0, e093404 <find_erratum_entry+0x3c>
 e0933fc:	52800561 	mov	w1, #0x2b                  	// #43
 e093400:	17fffff9 	b	e0933e4 <find_erratum_entry+0x1c>
 e093404:	f9401821 	ldr	x1, [x1, #48]
 e093408:	d1004023 	sub	x3, x1, #0x10
 e09340c:	b50001a1 	cbnz	x1, e093440 <find_erratum_entry+0x78>
 e093410:	528005c1 	mov	w1, #0x2e                  	// #46
 e093414:	17fffff4 	b	e0933e4 <find_erratum_entry+0x1c>
 e093418:	39402002 	ldrb	w2, [x0, #8]
 e09341c:	39402401 	ldrb	w1, [x0, #9]
 e093420:	aa012041 	orr	x1, x2, x1, lsl #8
 e093424:	39402802 	ldrb	w2, [x0, #10]
 e093428:	aa024022 	orr	x2, x1, x2, lsl #16
 e09342c:	39402c01 	ldrb	w1, [x0, #11]
 e093430:	aa016041 	orr	x1, x2, x1, lsl #24
 e093434:	6b01027f 	cmp	w19, w1
 e093438:	540000a0 	b.eq	e09344c <find_erratum_entry+0x84>  // b.none
 e09343c:	91004000 	add	x0, x0, #0x10
 e093440:	eb03001f 	cmp	x0, x3
 e093444:	54fffea9 	b.ls	e093418 <find_erratum_entry+0x50>  // b.plast
 e093448:	d2800000 	mov	x0, #0x0                   	// #0
 e09344c:	f9400bf3 	ldr	x19, [sp, #16]
 e093450:	a8c27bfd 	ldp	x29, x30, [sp], #32
 e093454:	d65f03c0 	ret

000000000e093458 <get_arm_std_svc_args>:
 e093458:	529ffc01 	mov	w1, #0xffe0                	// #65504
 e09345c:	6b01001f 	cmp	w0, w1
 e093460:	540000e0 	b.eq	e09347c <get_arm_std_svc_args+0x24>  // b.none
 e093464:	a9bf7bfd 	stp	x29, x30, [sp, #-16]!
 e093468:	b0000040 	adrp	x0, e09c000 <__TEXT_END_UNALIGNED__>
 e09346c:	52800a81 	mov	w1, #0x54                  	// #84
 e093470:	910003fd 	mov	x29, sp
 e093474:	91321c00 	add	x0, x0, #0xc87
 e093478:	97fff378 	bl	e090258 <__assert>
 e09347c:	b0000040 	adrp	x0, e09c000 <__TEXT_END_UNALIGNED__>
 e093480:	91000000 	add	x0, x0, #0x0
 e093484:	d65f03c0 	ret

000000000e093488 <get_cpu_context_index>:
 e093488:	b4000160 	cbz	x0, e0934b4 <get_cpu_context_index+0x2c>
 e09348c:	aa0003e1 	mov	x1, x0
 e093490:	52800020 	mov	w0, #0x1                   	// #1
 e093494:	f100043f 	cmp	x1, #0x1
 e093498:	54000100 	b.eq	e0934b8 <get_cpu_context_index+0x30>  // b.none
 e09349c:	a9bf7bfd 	stp	x29, x30, [sp, #-16]!
 e0934a0:	b0000040 	adrp	x0, e09c000 <__TEXT_END_UNALIGNED__>
 e0934a4:	52802c81 	mov	w1, #0x164                 	// #356
 e0934a8:	910003fd 	mov	x29, sp
 e0934ac:	91311000 	add	x0, x0, #0xc44
 e0934b0:	97fff36a 	bl	e090258 <__assert>
 e0934b4:	52800000 	mov	w0, #0x0                   	// #0
 e0934b8:	d65f03c0 	ret

000000000e0934bc <get_cpu_pwr_dwn>:
 e0934bc:	a9be7bfd 	stp	x29, x30, [sp, #-32]!
 e0934c0:	910003fd 	mov	x29, sp
 e0934c4:	f9000bf3 	str	x19, [sp, #16]
 e0934c8:	2a0003f3 	mov	w19, w0
 e0934cc:	b0000160 	adrp	x0, e0c0000 <warmboot_ep_info+0x650>
 e0934d0:	91240000 	add	x0, x0, #0x900
 e0934d4:	9400049d 	bl	e094748 <per_cpu_cur_compute>
 e0934d8:	f9400c00 	ldr	x0, [x0, #24]
 e0934dc:	7100027f 	cmp	w19, #0x0
 e0934e0:	1a9f0673 	csinc	w19, w19, wzr, eq	// eq = none
 e0934e4:	b50000a0 	cbnz	x0, e0934f8 <get_cpu_pwr_dwn+0x3c>
 e0934e8:	52809821 	mov	w1, #0x4c1                 	// #1217
 e0934ec:	d0000040 	adrp	x0, e09d000 <qemu_pm_idle_states+0x3fc>
 e0934f0:	9109bc00 	add	x0, x0, #0x26f
 e0934f4:	97fff359 	bl	e090258 <__assert>
 e0934f8:	8b334c13 	add	x19, x0, w19, uxtw #3
 e0934fc:	f9400e60 	ldr	x0, [x19, #24]
 e093500:	b5000060 	cbnz	x0, e09350c <get_cpu_pwr_dwn+0x50>
 e093504:	52809841 	mov	w1, #0x4c2                 	// #1218
 e093508:	17fffff9 	b	e0934ec <get_cpu_pwr_dwn+0x30>
 e09350c:	f9400bf3 	ldr	x19, [sp, #16]
 e093510:	a8c27bfd 	ldp	x29, x30, [sp], #32
 e093514:	d65f03c0 	ret

000000000e093518 <get_el_str>:
 e093518:	71000c1f 	cmp	w0, #0x3
 e09351c:	540000e9 	b.ls	e093538 <get_el_str+0x20>  // b.plast
 e093520:	a9bf7bfd 	stp	x29, x30, [sp, #-16]!
 e093524:	d0000040 	adrp	x0, e09d000 <qemu_pm_idle_states+0x3fc>
 e093528:	52800aa1 	mov	w1, #0x55                  	// #85
 e09352c:	910003fd 	mov	x29, sp
 e093530:	91162c00 	add	x0, x0, #0x58b
 e093534:	97fff349 	bl	e090258 <__assert>
 e093538:	b0000041 	adrp	x1, e09c000 <__TEXT_END_UNALIGNED__>
 e09353c:	91016021 	add	x1, x1, #0x58
 e093540:	f8605820 	ldr	x0, [x1, w0, uxtw #3]
 e093544:	d65f03c0 	ret

000000000e093548 <get_handler_for_smc_fid>:
 e093548:	d3587402 	ubfx	x2, x0, #24, #6
 e09354c:	531f7c00 	lsr	w0, w0, #31
 e093550:	d0000043 	adrp	x3, e09d000 <qemu_pm_idle_states+0x3fc>
 e093554:	91354063 	add	x3, x3, #0xd50
 e093558:	2a001840 	orr	w0, w2, w0, lsl #6
 e09355c:	b0000162 	adrp	x2, e0c0000 <warmboot_ep_info+0x650>
 e093560:	91200042 	add	x2, x2, #0x800
 e093564:	38606842 	ldrb	w2, [x2, x0]
 e093568:	d0000040 	adrp	x0, e09d000 <qemu_pm_idle_states+0x3fc>
 e09356c:	91364000 	add	x0, x0, #0xd90
 e093570:	cb030000 	sub	x0, x0, x3
 e093574:	eb40145f 	cmp	x2, x0, lsr #5
 e093578:	54000182 	b.cs	e0935a8 <get_handler_for_smc_fid+0x60>  // b.hs, b.nlast
 e09357c:	8b021462 	add	x2, x3, x2, lsl #5
 e093580:	52800020 	mov	w0, #0x1                   	// #1
 e093584:	f9400c42 	ldr	x2, [x2, #24]
 e093588:	f9000022 	str	x2, [x1]
 e09358c:	b5000102 	cbnz	x2, e0935ac <get_handler_for_smc_fid+0x64>
 e093590:	a9bf7bfd 	stp	x29, x30, [sp, #-16]!
 e093594:	b0000040 	adrp	x0, e09c000 <__TEXT_END_UNALIGNED__>
 e093598:	528006e1 	mov	w1, #0x37                  	// #55
 e09359c:	910003fd 	mov	x29, sp
 e0935a0:	913c1800 	add	x0, x0, #0xf06
 e0935a4:	97fff32d 	bl	e090258 <__assert>
 e0935a8:	52800000 	mov	w0, #0x0                   	// #0
 e0935ac:	d65f03c0 	ret

000000000e0935b0 <get_interrupt_type_handler>:
 e0935b0:	a9be7bfd 	stp	x29, x30, [sp, #-32]!
 e0935b4:	910003fd 	mov	x29, sp
 e0935b8:	f9000bf3 	str	x19, [sp, #16]
 e0935bc:	2a0003f3 	mov	w19, w0
 e0935c0:	94000505 	bl	e0949d4 <plat_ic_has_interrupt_type>
 e0935c4:	36000100 	tbz	w0, #0, e0935e4 <get_interrupt_type_handler+0x34>
 e0935c8:	d37b7e73 	ubfiz	x19, x19, #5, #32
 e0935cc:	90000160 	adrp	x0, e0bf000 <__STACKS_START__+0x1f740>
 e0935d0:	91232000 	add	x0, x0, #0x8c8
 e0935d4:	f8736800 	ldr	x0, [x0, x19]
 e0935d8:	f9400bf3 	ldr	x19, [sp, #16]
 e0935dc:	a8c27bfd 	ldp	x29, x30, [sp], #32
 e0935e0:	d65f03c0 	ret
 e0935e4:	d2800000 	mov	x0, #0x0                   	// #0
 e0935e8:	17fffffc 	b	e0935d8 <get_interrupt_type_handler+0x28>

000000000e0935ec <get_mode_str>:
 e0935ec:	71003c1f 	cmp	w0, #0xf
 e0935f0:	54000388 	b.hi	e093660 <get_mode_str+0x74>  // b.pmore
 e0935f4:	b0000041 	adrp	x1, e09c000 <__TEXT_END_UNALIGNED__>
 e0935f8:	912f5021 	add	x1, x1, #0xbd4
 e0935fc:	38604821 	ldrb	w1, [x1, w0, uxtw]
 e093600:	10000060 	adr	x0, e09360c <get_mode_str+0x20>
 e093604:	8b218801 	add	x1, x0, w1, sxtb #2
 e093608:	d61f0020 	br	x1
 e09360c:	d0000040 	adrp	x0, e09d000 <qemu_pm_idle_states+0x3fc>
 e093610:	9116d800 	add	x0, x0, #0x5b6
 e093614:	d65f03c0 	ret
 e093618:	d0000040 	adrp	x0, e09d000 <qemu_pm_idle_states+0x3fc>
 e09361c:	9116e800 	add	x0, x0, #0x5ba
 e093620:	d65f03c0 	ret
 e093624:	d0000040 	adrp	x0, e09d000 <qemu_pm_idle_states+0x3fc>
 e093628:	91171400 	add	x0, x0, #0x5c5
 e09362c:	d65f03c0 	ret
 e093630:	d0000040 	adrp	x0, e09d000 <qemu_pm_idle_states+0x3fc>
 e093634:	91173400 	add	x0, x0, #0x5cd
 e093638:	d65f03c0 	ret
 e09363c:	d0000040 	adrp	x0, e09d000 <qemu_pm_idle_states+0x3fc>
 e093640:	91174c00 	add	x0, x0, #0x5d3
 e093644:	d65f03c0 	ret
 e093648:	d0000040 	adrp	x0, e09d000 <qemu_pm_idle_states+0x3fc>
 e09364c:	91175c00 	add	x0, x0, #0x5d7
 e093650:	d65f03c0 	ret
 e093654:	d0000040 	adrp	x0, e09d000 <qemu_pm_idle_states+0x3fc>
 e093658:	91178400 	add	x0, x0, #0x5e1
 e09365c:	d65f03c0 	ret
 e093660:	a9bf7bfd 	stp	x29, x30, [sp, #-16]!
 e093664:	d0000040 	adrp	x0, e09d000 <qemu_pm_idle_states+0x3fc>
 e093668:	52800fc1 	mov	w1, #0x7e                  	// #126
 e09366c:	910003fd 	mov	x29, sp
 e093670:	91162c00 	add	x0, x0, #0x58b
 e093674:	97fff2f9 	bl	e090258 <__assert>
 e093678:	d0000040 	adrp	x0, e09d000 <qemu_pm_idle_states+0x3fc>
 e09367c:	9116b400 	add	x0, x0, #0x5ad
 e093680:	d65f03c0 	ret
 e093684:	d0000040 	adrp	x0, e09d000 <qemu_pm_idle_states+0x3fc>
 e093688:	9116c800 	add	x0, x0, #0x5b2
 e09368c:	d65f03c0 	ret

000000000e093690 <get_scr_el3_from_routing_model>:
 e093690:	f100041f 	cmp	x0, #0x1
 e093694:	540000e9 	b.ls	e0936b0 <get_scr_el3_from_routing_model+0x20>  // b.plast
 e093698:	a9bf7bfd 	stp	x29, x30, [sp, #-16]!
 e09369c:	b0000040 	adrp	x0, e09c000 <__TEXT_END_UNALIGNED__>
 e0936a0:	52800b01 	mov	w1, #0x58                  	// #88
 e0936a4:	910003fd 	mov	x29, sp
 e0936a8:	9134fc00 	add	x0, x0, #0xd3f
 e0936ac:	97fff2eb 	bl	e090258 <__assert>
 e0936b0:	90000161 	adrp	x1, e0bf000 <__STACKS_START__+0x1f740>
 e0936b4:	91232021 	add	x1, x1, #0x8c8
 e0936b8:	8b000c22 	add	x2, x1, x0, lsl #3
 e0936bc:	8b000c23 	add	x3, x1, x0, lsl #3
 e0936c0:	8b000c20 	add	x0, x1, x0, lsl #3
 e0936c4:	f9400463 	ldr	x3, [x3, #8]
 e0936c8:	f9402442 	ldr	x2, [x2, #72]
 e0936cc:	f9401400 	ldr	x0, [x0, #40]
 e0936d0:	aa030042 	orr	x2, x2, x3
 e0936d4:	aa000040 	orr	x0, x2, x0
 e0936d8:	d65f03c0 	ret

000000000e0936dc <gicd_clr_igroupr>:
 e0936dc:	a9bf7bfd 	stp	x29, x30, [sp, #-16]!
 e0936e0:	2a0103e3 	mov	w3, w1
 e0936e4:	aa0003e4 	mov	x4, x0
 e0936e8:	910003fd 	mov	x29, sp
 e0936ec:	9400000d 	bl	e093720 <gicd_read_igroupr>
 e0936f0:	a8c17bfd 	ldp	x29, x30, [sp], #16
 e0936f4:	52800021 	mov	w1, #0x1                   	// #1
 e0936f8:	1ac32021 	lsl	w1, w1, w3
 e0936fc:	0a210002 	bic	w2, w0, w1
 e093700:	2a0303e1 	mov	w1, w3
 e093704:	aa0403e0 	mov	x0, x4
 e093708:	1400002d 	b	e0937bc <gicd_write_igroupr>

000000000e09370c <gicd_read_icfgr>:
 e09370c:	53047c21 	lsr	w1, w1, #4
 e093710:	91300000 	add	x0, x0, #0xc00
 e093714:	d37e6c21 	ubfiz	x1, x1, #2, #28
 e093718:	b8606820 	ldr	w0, [x1, x0]
 e09371c:	d65f03c0 	ret

000000000e093720 <gicd_read_igroupr>:
 e093720:	53057c21 	lsr	w1, w1, #5
 e093724:	91020000 	add	x0, x0, #0x80
 e093728:	d37e6821 	ubfiz	x1, x1, #2, #27
 e09372c:	b8606820 	ldr	w0, [x1, x0]
 e093730:	d65f03c0 	ret

000000000e093734 <gicd_set_icfgr>:
 e093734:	a9bf7bfd 	stp	x29, x30, [sp, #-16]!
 e093738:	531f0c26 	ubfiz	w6, w1, #1, #4
 e09373c:	aa0003e5 	mov	x5, x0
 e093740:	910003fd 	mov	x29, sp
 e093744:	2a0103e4 	mov	w4, w1
 e093748:	97fffff1 	bl	e09370c <gicd_read_icfgr>
 e09374c:	a8c17bfd 	ldp	x29, x30, [sp], #16
 e093750:	12000442 	and	w2, w2, #0x3
 e093754:	52800063 	mov	w3, #0x3                   	// #3
 e093758:	2a0403e1 	mov	w1, w4
 e09375c:	1ac62063 	lsl	w3, w3, w6
 e093760:	0a230003 	bic	w3, w0, w3
 e093764:	1ac62042 	lsl	w2, w2, w6
 e093768:	aa0503e0 	mov	x0, x5
 e09376c:	2a030042 	orr	w2, w2, w3
 e093770:	1400000e 	b	e0937a8 <gicd_write_icfgr>

000000000e093774 <gicd_set_ipriorityr>:
 e093774:	91100000 	add	x0, x0, #0x400
 e093778:	2a0103e1 	mov	w1, w1
 e09377c:	12001c42 	and	w2, w2, #0xff
 e093780:	38216802 	strb	w2, [x0, x1]
 e093784:	d65f03c0 	ret

000000000e093788 <gicd_set_isenabler>:
 e093788:	52800022 	mov	w2, #0x1                   	// #1
 e09378c:	1ac12042 	lsl	w2, w2, w1
 e093790:	14000014 	b	e0937e0 <gicd_write_isenabler>

000000000e093794 <gicd_write_icenabler>:
 e093794:	53057c21 	lsr	w1, w1, #5
 e093798:	91060000 	add	x0, x0, #0x180
 e09379c:	d37e6821 	ubfiz	x1, x1, #2, #27
 e0937a0:	b8206822 	str	w2, [x1, x0]
 e0937a4:	d65f03c0 	ret

000000000e0937a8 <gicd_write_icfgr>:
 e0937a8:	53047c21 	lsr	w1, w1, #4
 e0937ac:	91300000 	add	x0, x0, #0xc00
 e0937b0:	d37e6c21 	ubfiz	x1, x1, #2, #28
 e0937b4:	b8206822 	str	w2, [x1, x0]
 e0937b8:	d65f03c0 	ret

000000000e0937bc <gicd_write_igroupr>:
 e0937bc:	53057c21 	lsr	w1, w1, #5
 e0937c0:	91020000 	add	x0, x0, #0x80
 e0937c4:	d37e6821 	ubfiz	x1, x1, #2, #27
 e0937c8:	b8206822 	str	w2, [x1, x0]
 e0937cc:	d65f03c0 	ret

000000000e0937d0 <gicd_write_ipriorityr>:
 e0937d0:	927e7421 	and	x1, x1, #0xfffffffc
 e0937d4:	91100000 	add	x0, x0, #0x400
 e0937d8:	b8206822 	str	w2, [x1, x0]
 e0937dc:	d65f03c0 	ret

000000000e0937e0 <gicd_write_isenabler>:
 e0937e0:	53057c21 	lsr	w1, w1, #5
 e0937e4:	91040000 	add	x0, x0, #0x100
 e0937e8:	d37e6821 	ubfiz	x1, x1, #2, #27
 e0937ec:	b8206822 	str	w2, [x1, x0]
 e0937f0:	d65f03c0 	ret

000000000e0937f4 <gicv2_cpuif_disable>:
 e0937f4:	a9bf7bfd 	stp	x29, x30, [sp, #-16]!
 e0937f8:	90000160 	adrp	x0, e0bf000 <__STACKS_START__+0x1f740>
 e0937fc:	910003fd 	mov	x29, sp
 e093800:	f944a400 	ldr	x0, [x0, #2376]
 e093804:	b50000a0 	cbnz	x0, e093818 <gicv2_cpuif_disable+0x24>
 e093808:	528007c1 	mov	w1, #0x3e                  	// #62
 e09380c:	b0000040 	adrp	x0, e09c000 <__TEXT_END_UNALIGNED__>
 e093810:	913fb400 	add	x0, x0, #0xfed
 e093814:	97fff291 	bl	e090258 <__assert>
 e093818:	f9400401 	ldr	x1, [x0, #8]
 e09381c:	b5000061 	cbnz	x1, e093828 <gicv2_cpuif_disable+0x34>
 e093820:	528007e1 	mov	w1, #0x3f                  	// #63
 e093824:	17fffffa 	b	e09380c <gicv2_cpuif_disable+0x18>
 e093828:	b9400020 	ldr	w0, [x1]
 e09382c:	121e7400 	and	w0, w0, #0xfffffffc
 e093830:	321b0c00 	orr	w0, w0, #0x1e0
 e093834:	b9000020 	str	w0, [x1]
 e093838:	a8c17bfd 	ldp	x29, x30, [sp], #16
 e09383c:	d65f03c0 	ret

000000000e093840 <gicv2_cpuif_enable>:
 e093840:	a9bf7bfd 	stp	x29, x30, [sp, #-16]!
 e093844:	90000160 	adrp	x0, e0bf000 <__STACKS_START__+0x1f740>
 e093848:	910003fd 	mov	x29, sp
 e09384c:	f944a400 	ldr	x0, [x0, #2376]
 e093850:	b50000a0 	cbnz	x0, e093864 <gicv2_cpuif_enable+0x24>
 e093854:	528004e1 	mov	w1, #0x27                  	// #39
 e093858:	b0000040 	adrp	x0, e09c000 <__TEXT_END_UNALIGNED__>
 e09385c:	913fb400 	add	x0, x0, #0xfed
 e093860:	97fff27e 	bl	e090258 <__assert>
 e093864:	f9400400 	ldr	x0, [x0, #8]
 e093868:	b5000060 	cbnz	x0, e093874 <gicv2_cpuif_enable+0x34>
 e09386c:	52800501 	mov	w1, #0x28                  	// #40
 e093870:	17fffffa 	b	e093858 <gicv2_cpuif_enable+0x18>
 e093874:	52801fe1 	mov	w1, #0xff                  	// #255
 e093878:	b9000401 	str	w1, [x0, #4]
 e09387c:	52803d21 	mov	w1, #0x1e9                 	// #489
 e093880:	b9000001 	str	w1, [x0]
 e093884:	a8c17bfd 	ldp	x29, x30, [sp], #16
 e093888:	d65f03c0 	ret

000000000e09388c <gicv2_distif_init>:
 e09388c:	a9be7bfd 	stp	x29, x30, [sp, #-32]!
 e093890:	910003fd 	mov	x29, sp
 e093894:	a90153f3 	stp	x19, x20, [sp, #16]
 e093898:	90000174 	adrp	x20, e0bf000 <__STACKS_START__+0x1f740>
 e09389c:	f944a680 	ldr	x0, [x20, #2376]
 e0938a0:	b50000a0 	cbnz	x0, e0938b4 <gicv2_distif_init+0x28>
 e0938a4:	52800d21 	mov	w1, #0x69                  	// #105
 e0938a8:	b0000040 	adrp	x0, e09c000 <__TEXT_END_UNALIGNED__>
 e0938ac:	913fb400 	add	x0, x0, #0xfed
 e0938b0:	97fff26a 	bl	e090258 <__assert>
 e0938b4:	f9400000 	ldr	x0, [x0]
 e0938b8:	b5000060 	cbnz	x0, e0938c4 <gicv2_distif_init+0x38>
 e0938bc:	52800d41 	mov	w1, #0x6a                  	// #106
 e0938c0:	17fffffa 	b	e0938a8 <gicv2_distif_init+0x1c>
 e0938c4:	b9400013 	ldr	w19, [x0]
 e0938c8:	121e7661 	and	w1, w19, #0xfffffffc
 e0938cc:	b9000001 	str	w1, [x0]
 e0938d0:	32000273 	orr	w19, w19, #0x1
 e0938d4:	940000d0 	bl	e093c14 <gicv2_spis_configure_defaults>
 e0938d8:	f944a680 	ldr	x0, [x20, #2376]
 e0938dc:	f9401001 	ldr	x1, [x0, #32]
 e0938e0:	b9402802 	ldr	w2, [x0, #40]
 e0938e4:	f9400000 	ldr	x0, [x0]
 e0938e8:	94000098 	bl	e093b48 <gicv2_secure_spis_configure_props>
 e0938ec:	f944a680 	ldr	x0, [x20, #2376]
 e0938f0:	f9400000 	ldr	x0, [x0]
 e0938f4:	b9000013 	str	w19, [x0]
 e0938f8:	a94153f3 	ldp	x19, x20, [sp, #16]
 e0938fc:	a8c27bfd 	ldp	x29, x30, [sp], #32
 e093900:	d65f03c0 	ret

000000000e093904 <gicv2_driver_init>:
 e093904:	a9bf7bfd 	stp	x29, x30, [sp, #-16]!
 e093908:	910003fd 	mov	x29, sp
 e09390c:	b50000a0 	cbnz	x0, e093920 <gicv2_driver_init+0x1c>
 e093910:	52801081 	mov	w1, #0x84                  	// #132
 e093914:	b0000040 	adrp	x0, e09c000 <__TEXT_END_UNALIGNED__>
 e093918:	913fb400 	add	x0, x0, #0xfed
 e09391c:	97fff24f 	bl	e090258 <__assert>
 e093920:	f9400001 	ldr	x1, [x0]
 e093924:	b5000061 	cbnz	x1, e093930 <gicv2_driver_init+0x2c>
 e093928:	528010a1 	mov	w1, #0x85                  	// #133
 e09392c:	17fffffa 	b	e093914 <gicv2_driver_init+0x10>
 e093930:	f9400402 	ldr	x2, [x0, #8]
 e093934:	b5000062 	cbnz	x2, e093940 <gicv2_driver_init+0x3c>
 e093938:	528010c1 	mov	w1, #0x86                  	// #134
 e09393c:	17fffff6 	b	e093914 <gicv2_driver_init+0x10>
 e093940:	b9402802 	ldr	w2, [x0, #40]
 e093944:	340000a2 	cbz	w2, e093958 <gicv2_driver_init+0x54>
 e093948:	f9401002 	ldr	x2, [x0, #32]
 e09394c:	b5000062 	cbnz	x2, e093958 <gicv2_driver_init+0x54>
 e093950:	52801101 	mov	w1, #0x88                  	// #136
 e093954:	17fffff0 	b	e093914 <gicv2_driver_init+0x10>
 e093958:	b94fe821 	ldr	w1, [x1, #4072]
 e09395c:	d3441c21 	ubfx	x1, x1, #4, #4
 e093960:	51000421 	sub	w1, w1, #0x1
 e093964:	7100043f 	cmp	w1, #0x1
 e093968:	54000069 	b.ls	e093974 <gicv2_driver_init+0x70>  // b.plast
 e09396c:	52801361 	mov	w1, #0x9b                  	// #155
 e093970:	17ffffe9 	b	e093914 <gicv2_driver_init+0x10>
 e093974:	a8c17bfd 	ldp	x29, x30, [sp], #16
 e093978:	90000161 	adrp	x1, e0bf000 <__STACKS_START__+0x1f740>
 e09397c:	f904a420 	str	x0, [x1, #2376]
 e093980:	d0000040 	adrp	x0, e09d000 <qemu_pm_idle_states+0x3fc>
 e093984:	91003400 	add	x0, x0, #0xd
 e093988:	14000e6f 	b	e097344 <tf_log>

000000000e09398c <gicv2_get_pending_interrupt_type>:
 e09398c:	a9bf7bfd 	stp	x29, x30, [sp, #-16]!
 e093990:	90000160 	adrp	x0, e0bf000 <__STACKS_START__+0x1f740>
 e093994:	910003fd 	mov	x29, sp
 e093998:	f944a400 	ldr	x0, [x0, #2376]
 e09399c:	b50000a0 	cbnz	x0, e0939b0 <gicv2_get_pending_interrupt_type+0x24>
 e0939a0:	528018e1 	mov	w1, #0xc7                  	// #199
 e0939a4:	b0000040 	adrp	x0, e09c000 <__TEXT_END_UNALIGNED__>
 e0939a8:	913fb400 	add	x0, x0, #0xfed
 e0939ac:	97fff22b 	bl	e090258 <__assert>
 e0939b0:	f9400400 	ldr	x0, [x0, #8]
 e0939b4:	b5000060 	cbnz	x0, e0939c0 <gicv2_get_pending_interrupt_type+0x34>
 e0939b8:	52801901 	mov	w1, #0xc8                  	// #200
 e0939bc:	17fffffa 	b	e0939a4 <gicv2_get_pending_interrupt_type+0x18>
 e0939c0:	b9401800 	ldr	w0, [x0, #24]
 e0939c4:	a8c17bfd 	ldp	x29, x30, [sp], #16
 e0939c8:	12002400 	and	w0, w0, #0x3ff
 e0939cc:	d65f03c0 	ret

000000000e0939d0 <gicv2_pcpu_distif_init>:
 e0939d0:	a9be7bfd 	stp	x29, x30, [sp, #-32]!
 e0939d4:	910003fd 	mov	x29, sp
 e0939d8:	f9000bf3 	str	x19, [sp, #16]
 e0939dc:	90000173 	adrp	x19, e0bf000 <__STACKS_START__+0x1f740>
 e0939e0:	f944a661 	ldr	x1, [x19, #2376]
 e0939e4:	b50000a1 	cbnz	x1, e0939f8 <gicv2_pcpu_distif_init+0x28>
 e0939e8:	52800a21 	mov	w1, #0x51                  	// #81
 e0939ec:	b0000040 	adrp	x0, e09c000 <__TEXT_END_UNALIGNED__>
 e0939f0:	913fb400 	add	x0, x0, #0xfed
 e0939f4:	97fff219 	bl	e090258 <__assert>
 e0939f8:	f9400020 	ldr	x0, [x1]
 e0939fc:	b5000060 	cbnz	x0, e093a08 <gicv2_pcpu_distif_init+0x38>
 e093a00:	52800a41 	mov	w1, #0x52                  	// #82
 e093a04:	17fffffa 	b	e0939ec <gicv2_pcpu_distif_init+0x1c>
 e093a08:	b9402822 	ldr	w2, [x1, #40]
 e093a0c:	f9401021 	ldr	x1, [x1, #32]
 e093a10:	9400000a 	bl	e093a38 <gicv2_secure_ppi_sgi_setup_props>
 e093a14:	f944a660 	ldr	x0, [x19, #2376]
 e093a18:	f9400001 	ldr	x1, [x0]
 e093a1c:	b9400020 	ldr	w0, [x1]
 e093a20:	37000060 	tbnz	w0, #0, e093a2c <gicv2_pcpu_distif_init+0x5c>
 e093a24:	32000000 	orr	w0, w0, #0x1
 e093a28:	b9000020 	str	w0, [x1]
 e093a2c:	f9400bf3 	ldr	x19, [sp, #16]
 e093a30:	a8c27bfd 	ldp	x29, x30, [sp], #32
 e093a34:	d65f03c0 	ret

000000000e093a38 <gicv2_secure_ppi_sgi_setup_props>:
 e093a38:	a9bc7bfd 	stp	x29, x30, [sp, #-64]!
 e093a3c:	910003fd 	mov	x29, sp
 e093a40:	a90153f3 	stp	x19, x20, [sp, #16]
 e093a44:	aa0003f4 	mov	x20, x0
 e093a48:	aa0103f3 	mov	x19, x1
 e093a4c:	a9025bf5 	stp	x21, x22, [sp, #32]
 e093a50:	2a0203f5 	mov	w21, w2
 e093a54:	a90363f7 	stp	x23, x24, [sp, #48]
 e093a58:	340000c2 	cbz	w2, e093a70 <gicv2_secure_ppi_sgi_setup_props+0x38>
 e093a5c:	b50000a1 	cbnz	x1, e093a70 <gicv2_secure_ppi_sgi_setup_props+0x38>
 e093a60:	528015c1 	mov	w1, #0xae                  	// #174
 e093a64:	b0000040 	adrp	x0, e09c000 <__TEXT_END_UNALIGNED__>
 e093a68:	913f2800 	add	x0, x0, #0xfca
 e093a6c:	97fff1fb 	bl	e090258 <__assert>
 e093a70:	52800016 	mov	w22, #0x0                   	// #0
 e093a74:	aa1403e0 	mov	x0, x20
 e093a78:	12800002 	mov	w2, #0xffffffff            	// #-1
 e093a7c:	52800001 	mov	w1, #0x0                   	// #0
 e093a80:	97ffff45 	bl	e093794 <gicd_write_icenabler>
 e093a84:	2a1603e1 	mov	w1, w22
 e093a88:	aa1403e0 	mov	x0, x20
 e093a8c:	3201c3e2 	mov	w2, #0x80808080            	// #-2139062144
 e093a90:	110012d6 	add	w22, w22, #0x4
 e093a94:	97ffff4f 	bl	e0937d0 <gicd_write_ipriorityr>
 e093a98:	710082df 	cmp	w22, #0x20
 e093a9c:	54ffff41 	b.ne	e093a84 <gicv2_secure_ppi_sgi_setup_props+0x4c>  // b.any
 e093aa0:	8b354a76 	add	x22, x19, w21, uxtw #2
 e093aa4:	5283fe17 	mov	w23, #0x1ff0                	// #8176
 e093aa8:	52800015 	mov	w21, #0x0                   	// #0
 e093aac:	52800038 	mov	w24, #0x1                   	// #1
 e093ab0:	eb16027f 	cmp	x19, x22
 e093ab4:	540001a1 	b.ne	e093ae8 <gicv2_secure_ppi_sgi_setup_props+0xb0>  // b.any
 e093ab8:	2a3503e2 	mvn	w2, w21
 e093abc:	aa1403e0 	mov	x0, x20
 e093ac0:	52800001 	mov	w1, #0x0                   	// #0
 e093ac4:	97ffff3e 	bl	e0937bc <gicd_write_igroupr>
 e093ac8:	a94363f7 	ldp	x23, x24, [sp, #48]
 e093acc:	2a1503e2 	mov	w2, w21
 e093ad0:	a9425bf5 	ldp	x21, x22, [sp, #32]
 e093ad4:	aa1403e0 	mov	x0, x20
 e093ad8:	a94153f3 	ldp	x19, x20, [sp, #16]
 e093adc:	52800001 	mov	w1, #0x0                   	// #0
 e093ae0:	a8c47bfd 	ldp	x29, x30, [sp], #64
 e093ae4:	17ffff3f 	b	e0937e0 <gicd_write_isenabler>
 e093ae8:	b9400262 	ldr	w2, [x19]
 e093aec:	12003041 	and	w1, w2, #0x1fff
 e093af0:	71007c3f 	cmp	w1, #0x1f
 e093af4:	54000268 	b.hi	e093b40 <gicv2_secure_ppi_sgi_setup_props+0x108>  // b.pmore
 e093af8:	720b045f 	tst	w2, #0x600000
 e093afc:	54000060 	b.eq	e093b08 <gicv2_secure_ppi_sgi_setup_props+0xd0>  // b.none
 e093b00:	52801841 	mov	w1, #0xc2                  	// #194
 e093b04:	17ffffd8 	b	e093a64 <gicv2_secure_ppi_sgi_setup_props+0x2c>
 e093b08:	0b170020 	add	w0, w1, w23
 e093b0c:	12003000 	and	w0, w0, #0x1fff
 e093b10:	71003c1f 	cmp	w0, #0xf
 e093b14:	54000088 	b.hi	e093b24 <gicv2_secure_ppi_sgi_setup_props+0xec>  // b.pmore
 e093b18:	d3576042 	ubfx	x2, x2, #23, #2
 e093b1c:	aa1403e0 	mov	x0, x20
 e093b20:	97ffff05 	bl	e093734 <gicd_set_icfgr>
 e093b24:	b9400261 	ldr	w1, [x19]
 e093b28:	1ac12300 	lsl	w0, w24, w1
 e093b2c:	d34d5022 	ubfx	x2, x1, #13, #8
 e093b30:	2a0002b5 	orr	w21, w21, w0
 e093b34:	12003021 	and	w1, w1, #0x1fff
 e093b38:	aa1403e0 	mov	x0, x20
 e093b3c:	97ffff0e 	bl	e093774 <gicd_set_ipriorityr>
 e093b40:	91001273 	add	x19, x19, #0x4
 e093b44:	17ffffdb 	b	e093ab0 <gicv2_secure_ppi_sgi_setup_props+0x78>

000000000e093b48 <gicv2_secure_spis_configure_props>:
 e093b48:	a9bd7bfd 	stp	x29, x30, [sp, #-48]!
 e093b4c:	910003fd 	mov	x29, sp
 e093b50:	a90153f3 	stp	x19, x20, [sp, #16]
 e093b54:	aa0003f4 	mov	x20, x0
 e093b58:	aa0103f3 	mov	x19, x1
 e093b5c:	a9025bf5 	stp	x21, x22, [sp, #32]
 e093b60:	34000042 	cbz	w2, e093b68 <gicv2_secure_spis_configure_props+0x20>
 e093b64:	b4000121 	cbz	x1, e093b88 <gicv2_secure_spis_configure_props+0x40>
 e093b68:	8b224a75 	add	x21, x19, w2, uxtw #2
 e093b6c:	91200296 	add	x22, x20, #0x800
 e093b70:	eb15027f 	cmp	x19, x21
 e093b74:	54000121 	b.ne	e093b98 <gicv2_secure_spis_configure_props+0x50>  // b.any
 e093b78:	a94153f3 	ldp	x19, x20, [sp, #16]
 e093b7c:	a9425bf5 	ldp	x21, x22, [sp, #32]
 e093b80:	a8c37bfd 	ldp	x29, x30, [sp], #48
 e093b84:	d65f03c0 	ret
 e093b88:	52801081 	mov	w1, #0x84                  	// #132
 e093b8c:	b0000040 	adrp	x0, e09c000 <__TEXT_END_UNALIGNED__>
 e093b90:	913f2800 	add	x0, x0, #0xfca
 e093b94:	97fff1b1 	bl	e090258 <__assert>
 e093b98:	b9400260 	ldr	w0, [x19]
 e093b9c:	12003001 	and	w1, w0, #0x1fff
 e093ba0:	71007c3f 	cmp	w1, #0x1f
 e093ba4:	54000349 	b.ls	e093c0c <gicv2_secure_spis_configure_props+0xc4>  // b.plast
 e093ba8:	720b041f 	tst	w0, #0x600000
 e093bac:	54000060 	b.eq	e093bb8 <gicv2_secure_spis_configure_props+0x70>  // b.none
 e093bb0:	528011a1 	mov	w1, #0x8d                  	// #141
 e093bb4:	17fffff6 	b	e093b8c <gicv2_secure_spis_configure_props+0x44>
 e093bb8:	aa1403e0 	mov	x0, x20
 e093bbc:	97fffec8 	bl	e0936dc <gicd_clr_igroupr>
 e093bc0:	b9400261 	ldr	w1, [x19]
 e093bc4:	aa1403e0 	mov	x0, x20
 e093bc8:	d34d5022 	ubfx	x2, x1, #13, #8
 e093bcc:	12003021 	and	w1, w1, #0x1fff
 e093bd0:	97fffee9 	bl	e093774 <gicd_set_ipriorityr>
 e093bd4:	b9400260 	ldr	w0, [x19]
 e093bd8:	b94002c1 	ldr	w1, [x22]
 e093bdc:	92403000 	and	x0, x0, #0x1fff
 e093be0:	12001c21 	and	w1, w1, #0xff
 e093be4:	38366801 	strb	w1, [x0, x22]
 e093be8:	aa1403e0 	mov	x0, x20
 e093bec:	b9400261 	ldr	w1, [x19]
 e093bf0:	d3576022 	ubfx	x2, x1, #23, #2
 e093bf4:	12003021 	and	w1, w1, #0x1fff
 e093bf8:	97fffecf 	bl	e093734 <gicd_set_icfgr>
 e093bfc:	b9400261 	ldr	w1, [x19]
 e093c00:	aa1403e0 	mov	x0, x20
 e093c04:	12003021 	and	w1, w1, #0x1fff
 e093c08:	97fffee0 	bl	e093788 <gicd_set_isenabler>
 e093c0c:	91001273 	add	x19, x19, #0x4
 e093c10:	17ffffd8 	b	e093b70 <gicv2_secure_spis_configure_props+0x28>

000000000e093c14 <gicv2_spis_configure_defaults>:
 e093c14:	a9bd7bfd 	stp	x29, x30, [sp, #-48]!
 e093c18:	910003fd 	mov	x29, sp
 e093c1c:	a90153f3 	stp	x19, x20, [sp, #16]
 e093c20:	aa0003f4 	mov	x20, x0
 e093c24:	b9400413 	ldr	w19, [x0, #4]
 e093c28:	f90013f5 	str	x21, [sp, #32]
 e093c2c:	52800415 	mov	w21, #0x20                  	// #32
 e093c30:	531b1273 	ubfiz	w19, w19, #5, #5
 e093c34:	11008273 	add	w19, w19, #0x20
 e093c38:	6b1302bf 	cmp	w21, w19
 e093c3c:	54000163 	b.cc	e093c68 <gicv2_spis_configure_defaults+0x54>  // b.lo, b.ul, b.last
 e093c40:	52800415 	mov	w21, #0x20                  	// #32
 e093c44:	6b1302bf 	cmp	w21, w19
 e093c48:	540001c3 	b.cc	e093c80 <gicv2_spis_configure_defaults+0x6c>  // b.lo, b.ul, b.last
 e093c4c:	52800415 	mov	w21, #0x20                  	// #32
 e093c50:	6b1302bf 	cmp	w21, w19
 e093c54:	54000223 	b.cc	e093c98 <gicv2_spis_configure_defaults+0x84>  // b.lo, b.ul, b.last
 e093c58:	a94153f3 	ldp	x19, x20, [sp, #16]
 e093c5c:	f94013f5 	ldr	x21, [sp, #32]
 e093c60:	a8c37bfd 	ldp	x29, x30, [sp], #48
 e093c64:	d65f03c0 	ret
 e093c68:	2a1503e1 	mov	w1, w21
 e093c6c:	aa1403e0 	mov	x0, x20
 e093c70:	12800002 	mov	w2, #0xffffffff            	// #-1
 e093c74:	110082b5 	add	w21, w21, #0x20
 e093c78:	97fffed1 	bl	e0937bc <gicd_write_igroupr>
 e093c7c:	17ffffef 	b	e093c38 <gicv2_spis_configure_defaults+0x24>
 e093c80:	2a1503e1 	mov	w1, w21
 e093c84:	aa1403e0 	mov	x0, x20
 e093c88:	3201c3e2 	mov	w2, #0x80808080            	// #-2139062144
 e093c8c:	110012b5 	add	w21, w21, #0x4
 e093c90:	97fffed0 	bl	e0937d0 <gicd_write_ipriorityr>
 e093c94:	17ffffec 	b	e093c44 <gicv2_spis_configure_defaults+0x30>
 e093c98:	2a1503e1 	mov	w1, w21
 e093c9c:	aa1403e0 	mov	x0, x20
 e093ca0:	52800002 	mov	w2, #0x0                   	// #0
 e093ca4:	110042b5 	add	w21, w21, #0x10
 e093ca8:	97fffec0 	bl	e0937a8 <gicd_write_icfgr>
 e093cac:	17ffffe9 	b	e093c50 <gicv2_spis_configure_defaults+0x3c>

000000000e093cb0 <gpio_init>:
 e093cb0:	b4000120 	cbz	x0, e093cd4 <gpio_init+0x24>
 e093cb4:	f9400001 	ldr	x1, [x0]
 e093cb8:	b40000e1 	cbz	x1, e093cd4 <gpio_init+0x24>
 e093cbc:	f9400401 	ldr	x1, [x0, #8]
 e093cc0:	b40000a1 	cbz	x1, e093cd4 <gpio_init+0x24>
 e093cc4:	f9400801 	ldr	x1, [x0, #16]
 e093cc8:	b4000061 	cbz	x1, e093cd4 <gpio_init+0x24>
 e093ccc:	f9400c01 	ldr	x1, [x0, #24]
 e093cd0:	b50000e1 	cbnz	x1, e093cec <gpio_init+0x3c>
 e093cd4:	a9bf7bfd 	stp	x29, x30, [sp, #-16]!
 e093cd8:	d0000040 	adrp	x0, e09d000 <qemu_pm_idle_states+0x3fc>
 e093cdc:	52800ac1 	mov	w1, #0x56                  	// #86
 e093ce0:	910003fd 	mov	x29, sp
 e093ce4:	9101ac00 	add	x0, x0, #0x6b
 e093ce8:	97fff15c 	bl	e090258 <__assert>
 e093cec:	90000161 	adrp	x1, e0bf000 <__STACKS_START__+0x1f740>
 e093cf0:	f904bc20 	str	x0, [x1, #2424]
 e093cf4:	d65f03c0 	ret

000000000e093cf8 <gpio_set_direction>:
 e093cf8:	a9bf7bfd 	stp	x29, x30, [sp, #-16]!
 e093cfc:	90000164 	adrp	x4, e0bf000 <__STACKS_START__+0x1f740>
 e093d00:	910003fd 	mov	x29, sp
 e093d04:	f944bc84 	ldr	x4, [x4, #2424]
 e093d08:	b50000a4 	cbnz	x4, e093d1c <gpio_set_direction+0x24>
 e093d0c:	52800421 	mov	w1, #0x21                  	// #33
 e093d10:	d0000040 	adrp	x0, e09d000 <qemu_pm_idle_states+0x3fc>
 e093d14:	9101ac00 	add	x0, x0, #0x6b
 e093d18:	97fff150 	bl	e090258 <__assert>
 e093d1c:	f9400484 	ldr	x4, [x4, #8]
 e093d20:	b5000064 	cbnz	x4, e093d2c <gpio_set_direction+0x34>
 e093d24:	52800441 	mov	w1, #0x22                  	// #34
 e093d28:	17fffffa 	b	e093d10 <gpio_set_direction+0x18>
 e093d2c:	7100043f 	cmp	w1, #0x1
 e093d30:	54000069 	b.ls	e093d3c <gpio_set_direction+0x44>  // b.plast
 e093d34:	52800461 	mov	w1, #0x23                  	// #35
 e093d38:	17fffff6 	b	e093d10 <gpio_set_direction+0x18>
 e093d3c:	36f80060 	tbz	w0, #31, e093d48 <gpio_set_direction+0x50>
 e093d40:	52800481 	mov	w1, #0x24                  	// #36
 e093d44:	17fffff3 	b	e093d10 <gpio_set_direction+0x18>
 e093d48:	a8c17bfd 	ldp	x29, x30, [sp], #16
 e093d4c:	aa0403f0 	mov	x16, x4
 e093d50:	d61f0200 	br	x16

000000000e093d54 <gpio_set_value>:
 e093d54:	a9bf7bfd 	stp	x29, x30, [sp, #-16]!
 e093d58:	90000164 	adrp	x4, e0bf000 <__STACKS_START__+0x1f740>
 e093d5c:	910003fd 	mov	x29, sp
 e093d60:	f944bc84 	ldr	x4, [x4, #2424]
 e093d64:	b50000a4 	cbnz	x4, e093d78 <gpio_set_value+0x24>
 e093d68:	52800681 	mov	w1, #0x34                  	// #52
 e093d6c:	d0000040 	adrp	x0, e09d000 <qemu_pm_idle_states+0x3fc>
 e093d70:	9101ac00 	add	x0, x0, #0x6b
 e093d74:	97fff139 	bl	e090258 <__assert>
 e093d78:	f9400c84 	ldr	x4, [x4, #24]
 e093d7c:	b5000064 	cbnz	x4, e093d88 <gpio_set_value+0x34>
 e093d80:	528006a1 	mov	w1, #0x35                  	// #53
 e093d84:	17fffffa 	b	e093d6c <gpio_set_value+0x18>
 e093d88:	7100043f 	cmp	w1, #0x1
 e093d8c:	54000069 	b.ls	e093d98 <gpio_set_value+0x44>  // b.plast
 e093d90:	528006c1 	mov	w1, #0x36                  	// #54
 e093d94:	17fffff6 	b	e093d6c <gpio_set_value+0x18>
 e093d98:	36f80060 	tbz	w0, #31, e093da4 <gpio_set_value+0x50>
 e093d9c:	528006e1 	mov	w1, #0x37                  	// #55
 e093da0:	17fffff3 	b	e093d6c <gpio_set_value+0x18>
 e093da4:	a8c17bfd 	ldp	x29, x30, [sp], #16
 e093da8:	aa0403f0 	mov	x16, x4
 e093dac:	d61f0200 	br	x16

000000000e093db0 <handle_sysreg_trap>:
 e093db0:	12800000 	mov	w0, #0xffffffff            	// #-1
 e093db4:	d65f03c0 	ret

000000000e093db8 <handler_interrupt_exception>:
 e093db8:	a9be7bfd 	stp	x29, x30, [sp, #-32]!
 e093dbc:	910003fd 	mov	x29, sp
 e093dc0:	f9000bf3 	str	x19, [sp, #16]
 e093dc4:	aa0003f3 	mov	x19, x0
 e093dc8:	940002f6 	bl	e0949a0 <plat_ic_get_pending_interrupt_type>
 e093dcc:	7100101f 	cmp	w0, #0x4
 e093dd0:	540001a0 	b.eq	e093e04 <handler_interrupt_exception+0x4c>  // b.none
 e093dd4:	97fffdf7 	bl	e0935b0 <get_interrupt_type_handler>
 e093dd8:	aa0003e4 	mov	x4, x0
 e093ddc:	b4000140 	cbz	x0, e093e04 <handler_interrupt_exception+0x4c>
 e093de0:	d53e1101 	mrs	x1, scr_el3
 e093de4:	aa1303e2 	mov	x2, x19
 e093de8:	12000021 	and	w1, w1, #0x1
 e093dec:	f9400bf3 	ldr	x19, [sp, #16]
 e093df0:	aa0403f0 	mov	x16, x4
 e093df4:	a8c27bfd 	ldp	x29, x30, [sp], #32
 e093df8:	d2800003 	mov	x3, #0x0                   	// #0
 e093dfc:	12800000 	mov	w0, #0xffffffff            	// #-1
 e093e00:	d61f0200 	br	x16
 e093e04:	f9400bf3 	ldr	x19, [sp, #16]
 e093e08:	a8c27bfd 	ldp	x29, x30, [sp], #32
 e093e0c:	d65f03c0 	ret

000000000e093e10 <handler_sync_exception>:
 e093e10:	a9bc7bfd 	stp	x29, x30, [sp, #-64]!
 e093e14:	910003fd 	mov	x29, sp
 e093e18:	f9400001 	ldr	x1, [x0]
 e093e1c:	a90153f3 	stp	x19, x20, [sp, #16]
 e093e20:	aa0003f3 	mov	x19, x0
 e093e24:	f90013f5 	str	x21, [sp, #32]
 e093e28:	d53e5200 	mrs	x0, esr_el3
 e093e2c:	d2800762 	mov	x2, #0x3b                  	// #59
 e093e30:	531a7c03 	lsr	w3, w0, #26
 e093e34:	8a406842 	and	x2, x2, x0, lsr #26
 e093e38:	f1004c5f 	cmp	x2, #0x13
 e093e3c:	540003c1 	b.ne	e093eb4 <handler_sync_exception+0xa4>  // b.any
 e093e40:	f1004c7f 	cmp	x3, #0x13
 e093e44:	54000101 	b.ne	e093e64 <handler_sync_exception+0x54>  // b.any
 e093e48:	36f000e1 	tbz	w1, #30, e093e64 <handler_sync_exception+0x54>
 e093e4c:	92800000 	mov	x0, #0xffffffffffffffff    	// #-1
 e093e50:	f9000260 	str	x0, [x19]
 e093e54:	a94153f3 	ldp	x19, x20, [sp, #16]
 e093e58:	f94013f5 	ldr	x21, [sp, #32]
 e093e5c:	a8c47bfd 	ldp	x29, x30, [sp], #64
 e093e60:	d65f03c0 	ret
 e093e64:	d53e1115 	mrs	x21, scr_el3
 e093e68:	36f80061 	tbz	w1, #31, e093e74 <handler_sync_exception+0x64>
 e093e6c:	f26f183f 	tst	x1, #0xfe0000
 e093e70:	54fffee1 	b.ne	e093e4c <handler_sync_exception+0x3c>  // b.any
 e093e74:	120f7834 	and	w20, w1, #0xfffeffff
 e093e78:	9100e3e1 	add	x1, sp, #0x38
 e093e7c:	2a1403e0 	mov	w0, w20
 e093e80:	97fffdb2 	bl	e093548 <get_handler_for_smc_fid>
 e093e84:	3607fe40 	tbz	w0, #0, e093e4c <handler_sync_exception+0x3c>
 e093e88:	aa1303e6 	mov	x6, x19
 e093e8c:	924002a7 	and	x7, x21, #0x1
 e093e90:	f94013f5 	ldr	x21, [sp, #32]
 e093e94:	2a1403e0 	mov	w0, w20
 e093e98:	a94088c1 	ldp	x1, x2, [x6, #8]
 e093e9c:	d2800005 	mov	x5, #0x0                   	// #0
 e093ea0:	a94153f3 	ldp	x19, x20, [sp, #16]
 e093ea4:	a94190c3 	ldp	x3, x4, [x6, #24]
 e093ea8:	f9401ff0 	ldr	x16, [sp, #56]
 e093eac:	a8c47bfd 	ldp	x29, x30, [sp], #64
 e093eb0:	d61f0200 	br	x16
 e093eb4:	f100607f 	cmp	x3, #0x18
 e093eb8:	540004e1 	b.ne	e093f54 <handler_sync_exception+0x144>  // b.any
 e093ebc:	d53e1102 	mrs	x2, scr_el3
 e093ec0:	92700021 	and	x1, x1, #0x10000
 e093ec4:	92400042 	and	x2, x2, #0x1
 e093ec8:	aa010042 	orr	x2, x2, x1
 e093ecc:	aa1303e1 	mov	x1, x19
 e093ed0:	97ffffb8 	bl	e093db0 <handle_sysreg_trap>
 e093ed4:	3100041f 	cmn	w0, #0x1
 e093ed8:	54000321 	b.ne	e093f3c <handler_sync_exception+0x12c>  // b.any
 e093edc:	d53e4000 	mrs	x0, spsr_el3
 e093ee0:	36200240 	tbz	w0, #4, e093f28 <handler_sync_exception+0x118>
 e093ee4:	d53e4000 	mrs	x0, spsr_el3
 e093ee8:	12000c00 	and	w0, w0, #0xf
 e093eec:	97fffdc0 	bl	e0935ec <get_mode_str>
 e093ef0:	aa0003e1 	mov	x1, x0
 e093ef4:	b0000040 	adrp	x0, e09c000 <__TEXT_END_UNALIGNED__>
 e093ef8:	913c6c00 	add	x0, x0, #0xf1b
 e093efc:	94000d12 	bl	e097344 <tf_log>
 e093f00:	d53e4021 	mrs	x1, elr_el3
 e093f04:	d53e5202 	mrs	x2, esr_el3
 e093f08:	b0000040 	adrp	x0, e09c000 <__TEXT_END_UNALIGNED__>
 e093f0c:	913d2400 	add	x0, x0, #0xf49
 e093f10:	94000d0d 	bl	e097344 <tf_log>
 e093f14:	d0000040 	adrp	x0, e09d000 <qemu_pm_idle_states+0x3fc>
 e093f18:	91206c00 	add	x0, x0, #0x81b
 e093f1c:	97fff881 	bl	e092120 <backtrace>
 e093f20:	97fffbe7 	bl	e092ebc <console_flush>
 e093f24:	97fff5cc 	bl	e091654 <el3_panic>
 e093f28:	f94013f5 	ldr	x21, [sp, #32]
 e093f2c:	aa1303e0 	mov	x0, x19
 e093f30:	a94153f3 	ldp	x19, x20, [sp, #16]
 e093f34:	a8c47bfd 	ldp	x29, x30, [sp], #64
 e093f38:	1400008e 	b	e094170 <inject_undef64>
 e093f3c:	7100041f 	cmp	w0, #0x1
 e093f40:	54fff8a1 	b.ne	e093e54 <handler_sync_exception+0x44>  // b.any
 e093f44:	f9408e60 	ldr	x0, [x19, #280]
 e093f48:	91001000 	add	x0, x0, #0x4
 e093f4c:	f9008e60 	str	x0, [x19, #280]
 e093f50:	17ffffc1 	b	e093e54 <handler_sync_exception+0x44>
 e093f54:	97fff7b2 	bl	e091e1c <report_unhandled_exception>

000000000e093f58 <init_xlat_tables>:
 e093f58:	a9be7bfd 	stp	x29, x30, [sp, #-32]!
 e093f5c:	910003fd 	mov	x29, sp
 e093f60:	f9000bf3 	str	x19, [sp, #16]
 e093f64:	90000073 	adrp	x19, e09f000 <tf_xlat_ctx>
 e093f68:	91000273 	add	x19, x19, #0x0
 e093f6c:	b9405a60 	ldr	w0, [x19, #88]
 e093f70:	3100041f 	cmn	w0, #0x1
 e093f74:	540000a0 	b.eq	e093f88 <init_xlat_tables+0x30>  // b.none
 e093f78:	52800c21 	mov	w1, #0x61                  	// #97
 e093f7c:	d0000040 	adrp	x0, e09d000 <qemu_pm_idle_states+0x3fc>
 e093f80:	91130800 	add	x0, x0, #0x4c2
 e093f84:	97fff0b5 	bl	e090258 <__assert>
 e093f88:	94000e90 	bl	e0979c8 <xlat_arch_current_el>
 e093f8c:	7100041f 	cmp	w0, #0x1
 e093f90:	540000e0 	b.eq	e093fac <init_xlat_tables+0x54>  // b.none
 e093f94:	7100081f 	cmp	w0, #0x2
 e093f98:	540000a0 	b.eq	e093fac <init_xlat_tables+0x54>  // b.none
 e093f9c:	71000c1f 	cmp	w0, #0x3
 e093fa0:	54000060 	b.eq	e093fac <init_xlat_tables+0x54>  // b.none
 e093fa4:	52800d41 	mov	w1, #0x6a                  	// #106
 e093fa8:	17fffff5 	b	e093f7c <init_xlat_tables+0x24>
 e093fac:	b9005a60 	str	w0, [x19, #88]
 e093fb0:	aa1303e0 	mov	x0, x19
 e093fb4:	f9400bf3 	ldr	x19, [sp, #16]
 e093fb8:	a8c27bfd 	ldp	x29, x30, [sp], #32
 e093fbc:	14000001 	b	e093fc0 <init_xlat_tables_ctx>

000000000e093fc0 <init_xlat_tables_ctx>:
 e093fc0:	a9bd7bfd 	stp	x29, x30, [sp, #-48]!
 e093fc4:	910003fd 	mov	x29, sp
 e093fc8:	a90153f3 	stp	x19, x20, [sp, #16]
 e093fcc:	f90013f5 	str	x21, [sp, #32]
 e093fd0:	b50000a0 	cbnz	x0, e093fe4 <init_xlat_tables_ctx+0x24>
 e093fd4:	52809781 	mov	w1, #0x4bc                 	// #1212
 e093fd8:	d0000040 	adrp	x0, e09d000 <qemu_pm_idle_states+0x3fc>
 e093fdc:	9113ac00 	add	x0, x0, #0x4eb
 e093fe0:	97fff09e 	bl	e090258 <__assert>
 e093fe4:	39415001 	ldrb	w1, [x0, #84]
 e093fe8:	aa0003f3 	mov	x19, x0
 e093fec:	36000061 	tbz	w1, #0, e093ff8 <init_xlat_tables_ctx+0x38>
 e093ff0:	528097a1 	mov	w1, #0x4bd                 	// #1213
 e093ff4:	17fffff9 	b	e093fd8 <init_xlat_tables_ctx+0x18>
 e093ff8:	b9405801 	ldr	w1, [x0, #88]
 e093ffc:	51000421 	sub	w1, w1, #0x1
 e094000:	7100083f 	cmp	w1, #0x2
 e094004:	54000069 	b.ls	e094010 <init_xlat_tables_ctx+0x50>  // b.plast
 e094008:	528097c1 	mov	w1, #0x4be                 	// #1214
 e09400c:	17fffff3 	b	e093fd8 <init_xlat_tables_ctx+0x18>
 e094010:	94000099 	bl	e094274 <is_mmu_enabled_ctx>
 e094014:	36000060 	tbz	w0, #0, e094020 <init_xlat_tables_ctx+0x60>
 e094018:	52809821 	mov	w1, #0x4c1                 	// #1217
 e09401c:	17ffffef 	b	e093fd8 <init_xlat_tables_ctx+0x18>
 e094020:	a940d275 	ldp	x21, x20, [x19, #8]
 e094024:	94000ee5 	bl	e097bb8 <xlat_get_min_virt_addr_space_size>
 e094028:	d1000400 	sub	x0, x0, #0x1
 e09402c:	eb0002bf 	cmp	x21, x0
 e094030:	54000062 	b.cs	e09403c <init_xlat_tables_ctx+0x7c>  // b.hs, b.nlast
 e094034:	528098a1 	mov	w1, #0x4c5                 	// #1221
 e094038:	17ffffe8 	b	e093fd8 <init_xlat_tables_ctx+0x18>
 e09403c:	f9400660 	ldr	x0, [x19, #8]
 e094040:	92ffffe1 	mov	x1, #0xffffffffffff        	// #281474976710655
 e094044:	eb01001f 	cmp	x0, x1
 e094048:	54000069 	b.ls	e094054 <init_xlat_tables_ctx+0x94>  // b.plast
 e09404c:	528098e1 	mov	w1, #0x4c7                 	// #1223
 e094050:	17ffffe2 	b	e093fd8 <init_xlat_tables_ctx+0x18>
 e094054:	91000415 	add	x21, x0, #0x1
 e094058:	ea0002b5 	ands	x21, x21, x0
 e09405c:	54000060 	b.eq	e094068 <init_xlat_tables_ctx+0xa8>  // b.none
 e094060:	52809901 	mov	w1, #0x4c8                 	// #1224
 e094064:	17ffffdd 	b	e093fd8 <init_xlat_tables_ctx+0x18>
 e094068:	aa1403e0 	mov	x0, x20
 e09406c:	94000ed9 	bl	e097bd0 <xlat_mmap_print>
 e094070:	f9401a60 	ldr	x0, [x19, #48]
 e094074:	b9403a61 	ldr	w1, [x19, #56]
 e094078:	d37df021 	lsl	x1, x1, #3
 e09407c:	97fff7e2 	bl	e092004 <zeromem>
 e094080:	b9402a60 	ldr	w0, [x19, #40]
 e094084:	6b15001f 	cmp	w0, w21
 e094088:	5400012c 	b.gt	e0940ac <init_xlat_tables_ctx+0xec>
 e09408c:	f9400a80 	ldr	x0, [x20, #16]
 e094090:	b50001a0 	cbnz	x0, e0940c4 <init_xlat_tables_ctx+0x104>
 e094094:	f9400274 	ldr	x20, [x19]
 e094098:	94000e56 	bl	e0979f0 <xlat_arch_get_max_supported_pa>
 e09409c:	eb00029f 	cmp	x20, x0
 e0940a0:	54000429 	b.ls	e094124 <init_xlat_tables_ctx+0x164>  // b.plast
 e0940a4:	52809d01 	mov	w1, #0x4e8                 	// #1256
 e0940a8:	17ffffcc 	b	e093fd8 <init_xlat_tables_ctx+0x18>
 e0940ac:	f9401260 	ldr	x0, [x19, #32]
 e0940b0:	d2820001 	mov	x1, #0x1000                	// #4096
 e0940b4:	8b153000 	add	x0, x0, x21, lsl #12
 e0940b8:	910006b5 	add	x21, x21, #0x1
 e0940bc:	97fff7d2 	bl	e092004 <zeromem>
 e0940c0:	17fffff0 	b	e094080 <init_xlat_tables_ctx+0xc0>
 e0940c4:	f9401a63 	ldr	x3, [x19, #48]
 e0940c8:	aa1403e1 	mov	x1, x20
 e0940cc:	b9403a64 	ldr	w4, [x19, #56]
 e0940d0:	d2800002 	mov	x2, #0x0                   	// #0
 e0940d4:	b9405265 	ldr	w5, [x19, #80]
 e0940d8:	aa1303e0 	mov	x0, x19
 e0940dc:	94000ebe 	bl	e097bd4 <xlat_tables_map_region>
 e0940e0:	a9408e81 	ldp	x1, x3, [x20, #8]
 e0940e4:	8b030022 	add	x2, x1, x3
 e0940e8:	d1000442 	sub	x2, x2, #0x1
 e0940ec:	eb00005f 	cmp	x2, x0
 e0940f0:	54000160 	b.eq	e09411c <init_xlat_tables_ctx+0x15c>  // b.none
 e0940f4:	f9400282 	ldr	x2, [x20]
 e0940f8:	b0000040 	adrp	x0, e09d000 <qemu_pm_idle_states+0x3fc>
 e0940fc:	b9401a84 	ldr	w4, [x20, #24]
 e094100:	9114f000 	add	x0, x0, #0x53c
 e094104:	94000c90 	bl	e097344 <tf_log>
 e094108:	b0000040 	adrp	x0, e09d000 <qemu_pm_idle_states+0x3fc>
 e09410c:	91227800 	add	x0, x0, #0x89e
 e094110:	97fff804 	bl	e092120 <backtrace>
 e094114:	97fffb6a 	bl	e092ebc <console_flush>
 e094118:	97fff54f 	bl	e091654 <el3_panic>
 e09411c:	9100a294 	add	x20, x20, #0x28
 e094120:	17ffffdb 	b	e09408c <init_xlat_tables_ctx+0xcc>
 e094124:	f9400660 	ldr	x0, [x19, #8]
 e094128:	f9402661 	ldr	x1, [x19, #72]
 e09412c:	eb00003f 	cmp	x1, x0
 e094130:	54000069 	b.ls	e09413c <init_xlat_tables_ctx+0x17c>  // b.plast
 e094134:	52809d21 	mov	w1, #0x4e9                 	// #1257
 e094138:	17ffffa8 	b	e093fd8 <init_xlat_tables_ctx+0x18>
 e09413c:	f9400260 	ldr	x0, [x19]
 e094140:	f9402261 	ldr	x1, [x19, #64]
 e094144:	eb00003f 	cmp	x1, x0
 e094148:	54000069 	b.ls	e094154 <init_xlat_tables_ctx+0x194>  // b.plast
 e09414c:	52809d41 	mov	w1, #0x4ea                 	// #1258
 e094150:	17ffffa2 	b	e093fd8 <init_xlat_tables_ctx+0x18>
 e094154:	52800020 	mov	w0, #0x1                   	// #1
 e094158:	39015260 	strb	w0, [x19, #84]
 e09415c:	f94013f5 	ldr	x21, [sp, #32]
 e094160:	aa1303e0 	mov	x0, x19
 e094164:	a94153f3 	ldp	x19, x20, [sp, #16]
 e094168:	a8c37bfd 	ldp	x29, x30, [sp], #48
 e09416c:	14000f24 	b	e097dfc <xlat_tables_print>

000000000e094170 <inject_undef64>:
 e094170:	91040008 	add	x8, x0, #0x100
 e094174:	a9bf7bfd 	stp	x29, x30, [sp, #-16]!
 e094178:	910003fd 	mov	x29, sp
 e09417c:	f9400902 	ldr	x2, [x8, #16]
 e094180:	f9408003 	ldr	x3, [x0, #256]
 e094184:	53020c44 	ubfx	w4, w2, #2, #2
 e094188:	37180442 	tbnz	w2, #3, e094210 <inject_undef64+0xa0>
 e09418c:	9400005d 	bl	e094300 <is_tge_enabled>
 e094190:	36000280 	tbz	w0, #0, e0941e0 <inject_undef64+0x70>
 e094194:	92404860 	and	x0, x3, #0x7ffff
 e094198:	926eb800 	and	x0, x0, #0xfffffffffffc0001
 e09419c:	b4000220 	cbz	x0, e0941e0 <inject_undef64+0x70>
 e0941a0:	f9400d00 	ldr	x0, [x8, #24]
 e0941a4:	d51c4020 	msr	elr_el2, x0
 e0941a8:	d53cc007 	mrs	x7, vbar_el2
 e0941ac:	7100089f 	cmp	w4, #0x2
 e0941b0:	540003a1 	b.ne	e094224 <inject_undef64+0xb4>  // b.any
 e0941b4:	36000042 	tbz	w2, #0, e0941bc <inject_undef64+0x4c>
 e0941b8:	910800e7 	add	x7, x7, #0x200
 e0941bc:	d2a04000 	mov	x0, #0x2000000             	// #33554432
 e0941c0:	d51c5200 	msr	esr_el2, x0
 e0941c4:	d51c4002 	msr	spsr_el2, x2
 e0941c8:	52800041 	mov	w1, #0x2                   	// #2
 e0941cc:	aa0203e0 	mov	x0, x2
 e0941d0:	97fffbc9 	bl	e0930f4 <create_spsr>
 e0941d4:	a9011d00 	stp	x0, x7, [x8, #16]
 e0941d8:	a8c17bfd 	ldp	x29, x30, [sp], #16
 e0941dc:	d65f03c0 	ret
 e0941e0:	f9400d00 	ldr	x0, [x8, #24]
 e0941e4:	52800021 	mov	w1, #0x1                   	// #1
 e0941e8:	d5184020 	msr	elr_el1, x0
 e0941ec:	d538c007 	mrs	x7, vbar_el1
 e0941f0:	6b01009f 	cmp	w4, w1
 e0941f4:	540001c1 	b.ne	e09422c <inject_undef64+0xbc>  // b.any
 e0941f8:	36000042 	tbz	w2, #0, e094200 <inject_undef64+0x90>
 e0941fc:	910800e7 	add	x7, x7, #0x200
 e094200:	d2a04000 	mov	x0, #0x2000000             	// #33554432
 e094204:	d5185200 	msr	esr_el1, x0
 e094208:	d5184002 	msr	spsr_el1, x2
 e09420c:	17fffff0 	b	e0941cc <inject_undef64+0x5c>
 e094210:	f9400d00 	ldr	x0, [x8, #24]
 e094214:	7100089f 	cmp	w4, #0x2
 e094218:	54fffc60 	b.eq	e0941a4 <inject_undef64+0x34>  // b.none
 e09421c:	2a0403e1 	mov	w1, w4
 e094220:	17fffff2 	b	e0941e8 <inject_undef64+0x78>
 e094224:	911000e7 	add	x7, x7, #0x400
 e094228:	17ffffe5 	b	e0941bc <inject_undef64+0x4c>
 e09422c:	911000e7 	add	x7, x7, #0x400
 e094230:	17fffff4 	b	e094200 <inject_undef64+0x90>

000000000e094234 <is_address_readable>:
 e094234:	d5384241 	mrs	x1, currentel
 e094238:	53020c21 	ubfx	w1, w1, #2, #2
 e09423c:	71000c3f 	cmp	w1, #0x3
 e094240:	540000e1 	b.ne	e09425c <is_address_readable+0x28>  // b.any
 e094244:	d50e7800 	at	s1e3r, x0
 e094248:	d5033fdf 	isb
 e09424c:	d5387400 	mrs	x0, par_el1
 e094250:	aa2003e0 	mvn	x0, x0
 e094254:	12000000 	and	w0, w0, #0x1
 e094258:	d65f03c0 	ret
 e09425c:	7100083f 	cmp	w1, #0x2
 e094260:	54000061 	b.ne	e09426c <is_address_readable+0x38>  // b.any
 e094264:	d50c7800 	at	s1e2r, x0
 e094268:	17fffff8 	b	e094248 <is_address_readable+0x14>
 e09426c:	d5087800 	at	s1e1r, x0
 e094270:	17fffff6 	b	e094248 <is_address_readable+0x14>

000000000e094274 <is_mmu_enabled_ctx>:
 e094274:	a9bf7bfd 	stp	x29, x30, [sp, #-16]!
 e094278:	910003fd 	mov	x29, sp
 e09427c:	b9405800 	ldr	w0, [x0, #88]
 e094280:	7100041f 	cmp	w0, #0x1
 e094284:	54000161 	b.ne	e0942b0 <is_mmu_enabled_ctx+0x3c>  // b.any
 e094288:	94000dd0 	bl	e0979c8 <xlat_arch_current_el>
 e09428c:	350000a0 	cbnz	w0, e0942a0 <is_mmu_enabled_ctx+0x2c>
 e094290:	52801221 	mov	w1, #0x91                  	// #145
 e094294:	b0000040 	adrp	x0, e09d000 <qemu_pm_idle_states+0x3fc>
 e094298:	91125000 	add	x0, x0, #0x494
 e09429c:	97ffefef 	bl	e090258 <__assert>
 e0942a0:	d5381000 	mrs	x0, sctlr_el1
 e0942a4:	12000000 	and	w0, w0, #0x1
 e0942a8:	a8c17bfd 	ldp	x29, x30, [sp], #16
 e0942ac:	d65f03c0 	ret
 e0942b0:	7100081f 	cmp	w0, #0x2
 e0942b4:	54000101 	b.ne	e0942d4 <is_mmu_enabled_ctx+0x60>  // b.any
 e0942b8:	94000dc4 	bl	e0979c8 <xlat_arch_current_el>
 e0942bc:	7100041f 	cmp	w0, #0x1
 e0942c0:	54000068 	b.hi	e0942cc <is_mmu_enabled_ctx+0x58>  // b.pmore
 e0942c4:	52801281 	mov	w1, #0x94                  	// #148
 e0942c8:	17fffff3 	b	e094294 <is_mmu_enabled_ctx+0x20>
 e0942cc:	d53c1000 	mrs	x0, sctlr_el2
 e0942d0:	17fffff5 	b	e0942a4 <is_mmu_enabled_ctx+0x30>
 e0942d4:	71000c1f 	cmp	w0, #0x3
 e0942d8:	54000060 	b.eq	e0942e4 <is_mmu_enabled_ctx+0x70>  // b.none
 e0942dc:	528012e1 	mov	w1, #0x97                  	// #151
 e0942e0:	17ffffed 	b	e094294 <is_mmu_enabled_ctx+0x20>
 e0942e4:	94000db9 	bl	e0979c8 <xlat_arch_current_el>
 e0942e8:	7100081f 	cmp	w0, #0x2
 e0942ec:	54000068 	b.hi	e0942f8 <is_mmu_enabled_ctx+0x84>  // b.pmore
 e0942f0:	52801301 	mov	w1, #0x98                  	// #152
 e0942f4:	17ffffe8 	b	e094294 <is_mmu_enabled_ctx+0x20>
 e0942f8:	d53e1000 	mrs	x0, sctlr_el3
 e0942fc:	17ffffea 	b	e0942a4 <is_mmu_enabled_ctx+0x30>

000000000e094300 <is_tge_enabled>:
 e094300:	d53c1100 	mrs	x0, hcr_el2
 e094304:	d5380721 	mrs	x1, id_aa64mmfr1_el1
 e094308:	531b6c00 	ubfx	w0, w0, #27, #1
 e09430c:	72180c3f 	tst	w1, #0xf00
 e094310:	1a9f1000 	csel	w0, w0, wzr, ne	// ne = any
 e094314:	d65f03c0 	ret

000000000e094318 <is_valid_mpidr>:
 e094318:	a9bf7bfd 	stp	x29, x30, [sp, #-16]!
 e09431c:	910003fd 	mov	x29, sp
 e094320:	94000177 	bl	e0948fc <plat_core_pos_by_mpidr>
 e094324:	71007c1f 	cmp	w0, #0x1f
 e094328:	1a9f87e0 	cset	w0, ls	// ls = plast
 e09432c:	a8c17bfd 	ldp	x29, x30, [sp], #16
 e094330:	d65f03c0 	ret

000000000e094334 <is_valid_object.constprop.0>:
 e094334:	aa0003e2 	mov	x2, x0
 e094338:	d1000400 	sub	x0, x0, #0x1
 e09433c:	b100481f 	cmn	x0, #0x12
 e094340:	54000228 	b.hi	e094384 <is_valid_object.constprop.0+0x50>  // b.pmore
 e094344:	f2400843 	ands	x3, x2, #0x7
 e094348:	540001e1 	b.ne	e094384 <is_valid_object.constprop.0+0x50>  // b.any
 e09434c:	a9bf7bfd 	stp	x29, x30, [sp, #-16]!
 e094350:	910003fd 	mov	x29, sp
 e094354:	8b030040 	add	x0, x2, x3
 e094358:	97ffffb7 	bl	e094234 <is_address_readable>
 e09435c:	12001c01 	and	w1, w0, #0xff
 e094360:	360000e0 	tbz	w0, #0, e09437c <is_valid_object.constprop.0+0x48>
 e094364:	91000463 	add	x3, x3, #0x1
 e094368:	f100407f 	cmp	x3, #0x10
 e09436c:	54ffff41 	b.ne	e094354 <is_valid_object.constprop.0+0x20>  // b.any
 e094370:	2a0103e0 	mov	w0, w1
 e094374:	a8c17bfd 	ldp	x29, x30, [sp], #16
 e094378:	d65f03c0 	ret
 e09437c:	52800001 	mov	w1, #0x0                   	// #0
 e094380:	17fffffc 	b	e094370 <is_valid_object.constprop.0+0x3c>
 e094384:	52800001 	mov	w1, #0x0                   	// #0
 e094388:	2a0103e0 	mov	w0, w1
 e09438c:	d65f03c0 	ret

000000000e094390 <memcpy>:
 e094390:	d2800003 	mov	x3, #0x0                   	// #0
 e094394:	eb03005f 	cmp	x2, x3
 e094398:	54000041 	b.ne	e0943a0 <memcpy+0x10>  // b.any
 e09439c:	d65f03c0 	ret
 e0943a0:	38636824 	ldrb	w4, [x1, x3]
 e0943a4:	38236804 	strb	w4, [x0, x3]
 e0943a8:	91000463 	add	x3, x3, #0x1
 e0943ac:	17fffffa 	b	e094394 <memcpy+0x4>

000000000e0943b0 <memmove>:
 e0943b0:	cb010006 	sub	x6, x0, x1
 e0943b4:	aa0003e5 	mov	x5, x0
 e0943b8:	eb0200df 	cmp	x6, x2
 e0943bc:	54000043 	b.cc	e0943c4 <memmove+0x14>  // b.lo, b.ul, b.last
 e0943c0:	17fffff4 	b	e094390 <memcpy>
 e0943c4:	8b020024 	add	x4, x1, x2
 e0943c8:	8b020000 	add	x0, x0, x2
 e0943cc:	eb05001f 	cmp	x0, x5
 e0943d0:	54000041 	b.ne	e0943d8 <memmove+0x28>  // b.any
 e0943d4:	d65f03c0 	ret
 e0943d8:	385ffc81 	ldrb	w1, [x4, #-1]!
 e0943dc:	381ffc01 	strb	w1, [x0, #-1]!
 e0943e0:	17fffffb 	b	e0943cc <memmove+0x1c>

000000000e0943e4 <memset>:
 e0943e4:	b4000322 	cbz	x2, e094448 <memset+0x64>
 e0943e8:	12001c21 	and	w1, w1, #0xff
 e0943ec:	aa0003e3 	mov	x3, x0
 e0943f0:	f2400864 	ands	x4, x3, #0x7
 e0943f4:	54000241 	b.ne	e09443c <memset+0x58>  // b.any
 e0943f8:	2a0103e6 	mov	w6, w1
 e0943fc:	b200c3e5 	mov	x5, #0x101010101010101     	// #72340172838076673
 e094400:	9b057cc6 	mul	x6, x6, x5
 e094404:	d2800005 	mov	x5, #0x0                   	// #0
 e094408:	cb050047 	sub	x7, x2, x5
 e09440c:	f1001cff 	cmp	x7, #0x7
 e094410:	540001e8 	b.hi	e09444c <memset+0x68>  // b.pmore
 e094414:	d343fc45 	lsr	x5, x2, #3
 e094418:	928000e6 	mov	x6, #0xfffffffffffffff8    	// #-8
 e09441c:	9b067ca5 	mul	x5, x5, x6
 e094420:	8b050042 	add	x2, x2, x5
 e094424:	cb050063 	sub	x3, x3, x5
 e094428:	eb04005f 	cmp	x2, x4
 e09442c:	540000e0 	b.eq	e094448 <memset+0x64>  // b.none
 e094430:	38246861 	strb	w1, [x3, x4]
 e094434:	91000484 	add	x4, x4, #0x1
 e094438:	17fffffc 	b	e094428 <memset+0x44>
 e09443c:	38001461 	strb	w1, [x3], #1
 e094440:	f1000442 	subs	x2, x2, #0x1
 e094444:	54fffd61 	b.ne	e0943f0 <memset+0xc>  // b.any
 e094448:	d65f03c0 	ret
 e09444c:	f8256866 	str	x6, [x3, x5]
 e094450:	910020a5 	add	x5, x5, #0x8
 e094454:	17ffffed 	b	e094408 <memset+0x24>

000000000e094458 <mmap_add>:
 e094458:	aa0003e1 	mov	x1, x0
 e09445c:	f0000040 	adrp	x0, e09f000 <tf_xlat_ctx>
 e094460:	91000000 	add	x0, x0, #0x0
 e094464:	14000001 	b	e094468 <mmap_add_ctx>

000000000e094468 <mmap_add_ctx>:
 e094468:	a9be7bfd 	stp	x29, x30, [sp, #-32]!
 e09446c:	910003fd 	mov	x29, sp
 e094470:	a90153f3 	stp	x19, x20, [sp, #16]
 e094474:	aa0003f4 	mov	x20, x0
 e094478:	aa0103f3 	mov	x19, x1
 e09447c:	f9401260 	ldr	x0, [x19, #32]
 e094480:	b5000080 	cbnz	x0, e094490 <mmap_add_ctx+0x28>
 e094484:	a94153f3 	ldp	x19, x20, [sp, #16]
 e094488:	a8c27bfd 	ldp	x29, x30, [sp], #32
 e09448c:	d65f03c0 	ret
 e094490:	aa1303e1 	mov	x1, x19
 e094494:	aa1403e0 	mov	x0, x20
 e094498:	9100a273 	add	x19, x19, #0x28
 e09449c:	94000002 	bl	e0944a4 <mmap_add_region_ctx>
 e0944a0:	17fffff7 	b	e09447c <mmap_add_ctx+0x14>

000000000e0944a4 <mmap_add_region_ctx>:
 e0944a4:	a9bc7bfd 	stp	x29, x30, [sp, #-64]!
 e0944a8:	910003fd 	mov	x29, sp
 e0944ac:	f9400824 	ldr	x4, [x1, #16]
 e0944b0:	a90153f3 	stp	x19, x20, [sp, #16]
 e0944b4:	aa0003f4 	mov	x20, x0
 e0944b8:	a9025bf5 	stp	x21, x22, [sp, #32]
 e0944bc:	a90363f7 	stp	x23, x24, [sp, #48]
 e0944c0:	b9401818 	ldr	w24, [x0, #24]
 e0944c4:	f9400802 	ldr	x2, [x0, #16]
 e0944c8:	a9400025 	ldp	x5, x0, [x1]
 e0944cc:	b4001084 	cbz	x4, e0946dc <mmap_add_region_ctx+0x238>
 e0944d0:	aa0103f7 	mov	x23, x1
 e0944d4:	39415281 	ldrb	w1, [x20, #84]
 e0944d8:	360000a1 	tbz	w1, #0, e0944ec <mmap_add_region_ctx+0x48>
 e0944dc:	528064c1 	mov	w1, #0x326                 	// #806
 e0944e0:	b0000040 	adrp	x0, e09d000 <qemu_pm_idle_states+0x3fc>
 e0944e4:	9113ac00 	add	x0, x0, #0x4eb
 e0944e8:	97ffef5c 	bl	e090258 <__assert>
 e0944ec:	aa0400a3 	orr	x3, x5, x4
 e0944f0:	aa000063 	orr	x3, x3, x0
 e0944f4:	f94012e1 	ldr	x1, [x23, #32]
 e0944f8:	f2402c7f 	tst	x3, #0xfff
 e0944fc:	54000a81 	b.ne	e09464c <mmap_add_region_ctx+0x1a8>  // b.any
 e094500:	f148003f 	cmp	x1, #0x200, lsl #12
 e094504:	d2a80003 	mov	x3, #0x40000000            	// #1073741824
 e094508:	fa431024 	ccmp	x1, x3, #0x4, ne	// ne = any
 e09450c:	54000060 	b.eq	e094518 <mmap_add_region_ctx+0x74>  // b.none
 e094510:	f140043f 	cmp	x1, #0x1, lsl #12
 e094514:	540009c1 	b.ne	e09464c <mmap_add_region_ctx+0x1a8>  // b.any
 e094518:	8b0400b6 	add	x22, x5, x4
 e09451c:	8b000089 	add	x9, x4, x0
 e094520:	d10006d6 	sub	x22, x22, #0x1
 e094524:	d1000535 	sub	x21, x9, #0x1
 e094528:	eb1600bf 	cmp	x5, x22
 e09452c:	fa559002 	ccmp	x0, x21, #0x2, ls	// ls = plast
 e094530:	540009a8 	b.hi	e094664 <mmap_add_region_ctx+0x1c0>  // b.pmore
 e094534:	f9400681 	ldr	x1, [x20, #8]
 e094538:	eb0102bf 	cmp	x21, x1
 e09453c:	54000948 	b.hi	e094664 <mmap_add_region_ctx+0x1c0>  // b.pmore
 e094540:	f9400281 	ldr	x1, [x20]
 e094544:	eb0102df 	cmp	x22, x1
 e094548:	540008e8 	b.hi	e094664 <mmap_add_region_ctx+0x1c0>  // b.pmore
 e09454c:	52800501 	mov	w1, #0x28                  	// #40
 e094550:	9b210b18 	smaddl	x24, w24, w1, x2
 e094554:	f85e8301 	ldur	x1, [x24, #-24]
 e094558:	b50008a1 	cbnz	x1, e09466c <mmap_add_region_ctx+0x1c8>
 e09455c:	aa0203e6 	mov	x6, x2
 e094560:	cb05000a 	sub	x10, x0, x5
 e094564:	f94008c3 	ldr	x3, [x6, #16]
 e094568:	b50002a3 	cbnz	x3, e0945bc <mmap_add_region_ctx+0x118>
 e09456c:	aa0203f3 	mov	x19, x2
 e094570:	a9408660 	ldp	x0, x1, [x19, #8]
 e094574:	8b000020 	add	x0, x1, x0
 e094578:	d1000400 	sub	x0, x0, #0x1
 e09457c:	eb15001f 	cmp	x0, x21
 e094580:	54000042 	b.cs	e094588 <mmap_add_region_ctx+0xe4>  // b.hs, b.nlast
 e094584:	b5000781 	cbnz	x1, e094674 <mmap_add_region_ctx+0x1d0>
 e094588:	a9408261 	ldp	x1, x0, [x19, #8]
 e09458c:	8b010001 	add	x1, x0, x1
 e094590:	eb01013f 	cmp	x9, x1
 e094594:	54000081 	b.ne	e0945a4 <mmap_add_region_ctx+0x100>  // b.any
 e094598:	b4000060 	cbz	x0, e0945a4 <mmap_add_region_ctx+0x100>
 e09459c:	eb00009f 	cmp	x4, x0
 e0945a0:	540006e8 	b.hi	e09467c <mmap_add_region_ctx+0x1d8>  // b.pmore
 e0945a4:	f9400840 	ldr	x0, [x2, #16]
 e0945a8:	b4000720 	cbz	x0, e09468c <mmap_add_region_ctx+0x1e8>
 e0945ac:	eb18005f 	cmp	x2, x24
 e0945b0:	540006a3 	b.cc	e094684 <mmap_add_region_ctx+0x1e0>  // b.lo, b.ul, b.last
 e0945b4:	52806bc1 	mov	w1, #0x35e                 	// #862
 e0945b8:	17ffffca 	b	e0944e0 <mmap_add_region_ctx+0x3c>
 e0945bc:	a94004c8 	ldp	x8, x1, [x6]
 e0945c0:	8b030027 	add	x7, x1, x3
 e0945c4:	d10004e7 	sub	x7, x7, #0x1
 e0945c8:	eb01001f 	cmp	x0, x1
 e0945cc:	540001c3 	b.cc	e094604 <mmap_add_region_ctx+0x160>  // b.lo, b.ul, b.last
 e0945d0:	eb0702bf 	cmp	x21, x7
 e0945d4:	54000069 	b.ls	e0945e0 <mmap_add_region_ctx+0x13c>  // b.plast
 e0945d8:	eb01001f 	cmp	x0, x1
 e0945dc:	54000181 	b.ne	e09460c <mmap_add_region_ctx+0x168>  // b.any
 e0945e0:	cb080028 	sub	x8, x1, x8
 e0945e4:	eb0a011f 	cmp	x8, x10
 e0945e8:	540000a1 	b.ne	e0945fc <mmap_add_region_ctx+0x158>  // b.any
 e0945ec:	eb01001f 	cmp	x0, x1
 e0945f0:	54000261 	b.ne	e09463c <mmap_add_region_ctx+0x198>  // b.any
 e0945f4:	eb03009f 	cmp	x4, x3
 e0945f8:	54000221 	b.ne	e09463c <mmap_add_region_ctx+0x198>  // b.any
 e0945fc:	12800001 	mov	w1, #0xffffffff            	// #-1
 e094600:	14000014 	b	e094650 <mmap_add_region_ctx+0x1ac>
 e094604:	eb0702bf 	cmp	x21, x7
 e094608:	54fffec2 	b.cs	e0945e0 <mmap_add_region_ctx+0x13c>  // b.hs, b.nlast
 e09460c:	eb0802df 	cmp	x22, x8
 e094610:	54000703 	b.cc	e0946f0 <mmap_add_region_ctx+0x24c>  // b.lo, b.ul, b.last
 e094614:	8b080063 	add	x3, x3, x8
 e094618:	d1000463 	sub	x3, x3, #0x1
 e09461c:	eb0300bf 	cmp	x5, x3
 e094620:	1a9f97e3 	cset	w3, hi	// hi = pmore
 e094624:	eb0102bf 	cmp	x21, x1
 e094628:	540000e3 	b.cc	e094644 <mmap_add_region_ctx+0x1a0>  // b.lo, b.ul, b.last
 e09462c:	eb07001f 	cmp	x0, x7
 e094630:	1a9f97e1 	cset	w1, hi	// hi = pmore
 e094634:	6a01007f 	tst	w3, w1
 e094638:	54fffe20 	b.eq	e0945fc <mmap_add_region_ctx+0x158>  // b.none
 e09463c:	9100a0c6 	add	x6, x6, #0x28
 e094640:	17ffffc9 	b	e094564 <mmap_add_region_ctx+0xc0>
 e094644:	52800021 	mov	w1, #0x1                   	// #1
 e094648:	17fffffb 	b	e094634 <mmap_add_region_ctx+0x190>
 e09464c:	128002a1 	mov	w1, #0xffffffea            	// #-22
 e094650:	b0000040 	adrp	x0, e09d000 <qemu_pm_idle_states+0x3fc>
 e094654:	91144400 	add	x0, x0, #0x511
 e094658:	94000b3b 	bl	e097344 <tf_log>
 e09465c:	52806561 	mov	w1, #0x32b                 	// #811
 e094660:	17ffffa0 	b	e0944e0 <mmap_add_region_ctx+0x3c>
 e094664:	12800421 	mov	w1, #0xffffffde            	// #-34
 e094668:	17fffffa 	b	e094650 <mmap_add_region_ctx+0x1ac>
 e09466c:	12800161 	mov	w1, #0xfffffff4            	// #-12
 e094670:	17fffff8 	b	e094650 <mmap_add_region_ctx+0x1ac>
 e094674:	9100a273 	add	x19, x19, #0x28
 e094678:	17ffffbe 	b	e094570 <mmap_add_region_ctx+0xcc>
 e09467c:	9100a273 	add	x19, x19, #0x28
 e094680:	17ffffc2 	b	e094588 <mmap_add_region_ctx+0xe4>
 e094684:	9100a042 	add	x2, x2, #0x28
 e094688:	17ffffc7 	b	e0945a4 <mmap_add_region_ctx+0x100>
 e09468c:	cb130042 	sub	x2, x2, x19
 e094690:	aa1303e1 	mov	x1, x19
 e094694:	9100a260 	add	x0, x19, #0x28
 e094698:	97ffff46 	bl	e0943b0 <memmove>
 e09469c:	f9400b00 	ldr	x0, [x24, #16]
 e0946a0:	b4000060 	cbz	x0, e0946ac <mmap_add_region_ctx+0x208>
 e0946a4:	52806d41 	mov	w1, #0x36a                 	// #874
 e0946a8:	17ffff8e 	b	e0944e0 <mmap_add_region_ctx+0x3c>
 e0946ac:	aa1703e1 	mov	x1, x23
 e0946b0:	aa1303e0 	mov	x0, x19
 e0946b4:	d2800502 	mov	x2, #0x28                  	// #40
 e0946b8:	97ffff36 	bl	e094390 <memcpy>
 e0946bc:	f9402280 	ldr	x0, [x20, #64]
 e0946c0:	eb16001f 	cmp	x0, x22
 e0946c4:	54000042 	b.cs	e0946cc <mmap_add_region_ctx+0x228>  // b.hs, b.nlast
 e0946c8:	f9002296 	str	x22, [x20, #64]
 e0946cc:	f9402680 	ldr	x0, [x20, #72]
 e0946d0:	eb15001f 	cmp	x0, x21
 e0946d4:	54000042 	b.cs	e0946dc <mmap_add_region_ctx+0x238>  // b.hs, b.nlast
 e0946d8:	f9002695 	str	x21, [x20, #72]
 e0946dc:	a94153f3 	ldp	x19, x20, [sp, #16]
 e0946e0:	a9425bf5 	ldp	x21, x22, [sp, #32]
 e0946e4:	a94363f7 	ldp	x23, x24, [sp, #48]
 e0946e8:	a8c47bfd 	ldp	x29, x30, [sp], #64
 e0946ec:	d65f03c0 	ret
 e0946f0:	eb0102bf 	cmp	x21, x1
 e0946f4:	54fffa43 	b.cc	e09463c <mmap_add_region_ctx+0x198>  // b.lo, b.ul, b.last
 e0946f8:	52800023 	mov	w3, #0x1                   	// #1
 e0946fc:	17ffffcc 	b	e09462c <mmap_add_region_ctx+0x188>

000000000e094700 <mpam_enable_per_world>:
 e094700:	f9400401 	ldr	x1, [x0, #8]
 e094704:	9240f421 	and	x1, x1, #0x3fffffffffffffff
 e094708:	b2410021 	orr	x1, x1, #0x8000000000000000
 e09470c:	f9000401 	str	x1, [x0, #8]
 e094710:	d65f03c0 	ret

000000000e094714 <mpam_init_el3>:
 e094714:	d65f03c0 	ret

000000000e094718 <per_cpu_by_index_compute>:
 e094718:	a9be7bfd 	stp	x29, x30, [sp, #-32]!
 e09471c:	910003fd 	mov	x29, sp
 e094720:	f9000bf3 	str	x19, [sp, #16]
 e094724:	aa0103f3 	mov	x19, x1
 e094728:	97fff4a6 	bl	e0919c0 <per_cpu_base>
 e09472c:	90000161 	adrp	x1, e0c0000 <warmboot_ep_info+0x650>
 e094730:	91240021 	add	x1, x1, #0x900
 e094734:	cb010273 	sub	x19, x19, x1
 e094738:	8b130000 	add	x0, x0, x19
 e09473c:	f9400bf3 	ldr	x19, [sp, #16]
 e094740:	a8c27bfd 	ldp	x29, x30, [sp], #32
 e094744:	d65f03c0 	ret

000000000e094748 <per_cpu_cur_compute>:
 e094748:	d53ed042 	mrs	x2, tpidr_el3
 e09474c:	90000161 	adrp	x1, e0c0000 <warmboot_ep_info+0x650>
 e094750:	91240021 	add	x1, x1, #0x900
 e094754:	cb010000 	sub	x0, x0, x1
 e094758:	8b020000 	add	x0, x0, x2
 e09475c:	d65f03c0 	ret

000000000e094760 <pl061_get_direction>:
 e094760:	71007c1f 	cmp	w0, #0x1f
 e094764:	540000e9 	b.ls	e094780 <pl061_get_direction+0x20>  // b.plast
 e094768:	a9bf7bfd 	stp	x29, x30, [sp, #-16]!
 e09476c:	b0000040 	adrp	x0, e09d000 <qemu_pm_idle_states+0x3fc>
 e094770:	528006a1 	mov	w1, #0x35                  	// #53
 e094774:	910003fd 	mov	x29, sp
 e094778:	9100b000 	add	x0, x0, #0x2c
 e09477c:	97ffeeb7 	bl	e090258 <__assert>
 e094780:	13037c02 	asr	w2, w0, #3
 e094784:	f0000141 	adrp	x1, e0bf000 <__STACKS_START__+0x1f740>
 e094788:	91254021 	add	x1, x1, #0x950
 e09478c:	12000800 	and	w0, w0, #0x7
 e094790:	f862d821 	ldr	x1, [x1, w2, sxtw #3]
 e094794:	39500021 	ldrb	w1, [x1, #1024]
 e094798:	92401c21 	and	x1, x1, #0xff
 e09479c:	9ac02420 	lsr	x0, x1, x0
 e0947a0:	aa2003e0 	mvn	x0, x0
 e0947a4:	12000000 	and	w0, w0, #0x1
 e0947a8:	d65f03c0 	ret

000000000e0947ac <pl061_get_value>:
 e0947ac:	71007c1f 	cmp	w0, #0x1f
 e0947b0:	540000e9 	b.ls	e0947cc <pl061_get_value+0x20>  // b.plast
 e0947b4:	a9bf7bfd 	stp	x29, x30, [sp, #-16]!
 e0947b8:	b0000040 	adrp	x0, e09d000 <qemu_pm_idle_states+0x3fc>
 e0947bc:	52800bc1 	mov	w1, #0x5e                  	// #94
 e0947c0:	910003fd 	mov	x29, sp
 e0947c4:	9100b000 	add	x0, x0, #0x2c
 e0947c8:	97ffeea4 	bl	e090258 <__assert>
 e0947cc:	12000802 	and	w2, w0, #0x7
 e0947d0:	d2800021 	mov	x1, #0x1                   	// #1
 e0947d4:	11000842 	add	w2, w2, #0x2
 e0947d8:	13037c00 	asr	w0, w0, #3
 e0947dc:	9ac22021 	lsl	x1, x1, x2
 e0947e0:	f0000142 	adrp	x2, e0bf000 <__STACKS_START__+0x1f740>
 e0947e4:	91254042 	add	x2, x2, #0x950
 e0947e8:	f860d840 	ldr	x0, [x2, w0, sxtw #3]
 e0947ec:	38606820 	ldrb	w0, [x1, x0]
 e0947f0:	72001c1f 	tst	w0, #0xff
 e0947f4:	1a9f07e0 	cset	w0, ne	// ne = any
 e0947f8:	d65f03c0 	ret

000000000e0947fc <pl061_gpio_init>:
 e0947fc:	90000040 	adrp	x0, e09c000 <__TEXT_END_UNALIGNED__>
 e094800:	91004000 	add	x0, x0, #0x10
 e094804:	17fffd2b 	b	e093cb0 <gpio_init>

000000000e094808 <pl061_gpio_register>:
 e094808:	71000c3f 	cmp	w1, #0x3
 e09480c:	540000e9 	b.ls	e094828 <pl061_gpio_register+0x20>  // b.plast
 e094810:	a9bf7bfd 	stp	x29, x30, [sp, #-16]!
 e094814:	b0000040 	adrp	x0, e09d000 <qemu_pm_idle_states+0x3fc>
 e094818:	52801061 	mov	w1, #0x83                  	// #131
 e09481c:	910003fd 	mov	x29, sp
 e094820:	9100b000 	add	x0, x0, #0x2c
 e094824:	97ffee8d 	bl	e090258 <__assert>
 e094828:	f0000142 	adrp	x2, e0bf000 <__STACKS_START__+0x1f740>
 e09482c:	91254042 	add	x2, x2, #0x950
 e094830:	f821d840 	str	x0, [x2, w1, sxtw #3]
 e094834:	d65f03c0 	ret

000000000e094838 <pl061_set_direction>:
 e094838:	71007c1f 	cmp	w0, #0x1f
 e09483c:	540000e9 	b.ls	e094858 <pl061_set_direction+0x20>  // b.plast
 e094840:	a9bf7bfd 	stp	x29, x30, [sp, #-16]!
 e094844:	b0000040 	adrp	x0, e09d000 <qemu_pm_idle_states+0x3fc>
 e094848:	52800881 	mov	w1, #0x44                  	// #68
 e09484c:	910003fd 	mov	x29, sp
 e094850:	9100b000 	add	x0, x0, #0x2c
 e094854:	97ffee81 	bl	e090258 <__assert>
 e094858:	12000803 	and	w3, w0, #0x7
 e09485c:	d2800022 	mov	x2, #0x1                   	// #1
 e094860:	13037c00 	asr	w0, w0, #3
 e094864:	9ac32042 	lsl	x2, x2, x3
 e094868:	f0000143 	adrp	x3, e0bf000 <__STACKS_START__+0x1f740>
 e09486c:	91254063 	add	x3, x3, #0x950
 e094870:	f860d860 	ldr	x0, [x3, w0, sxtw #3]
 e094874:	350000c1 	cbnz	w1, e09488c <pl061_set_direction+0x54>
 e094878:	39500001 	ldrb	w1, [x0, #1024]
 e09487c:	2a010042 	orr	w2, w2, w1
 e094880:	12001c42 	and	w2, w2, #0xff
 e094884:	39100002 	strb	w2, [x0, #1024]
 e094888:	d65f03c0 	ret
 e09488c:	39500001 	ldrb	w1, [x0, #1024]
 e094890:	12001c21 	and	w1, w1, #0xff
 e094894:	0a220022 	bic	w2, w1, w2
 e094898:	17fffffb 	b	e094884 <pl061_set_direction+0x4c>

000000000e09489c <pl061_set_value>:
 e09489c:	71007c1f 	cmp	w0, #0x1f
 e0948a0:	540000e9 	b.ls	e0948bc <pl061_set_value+0x20>  // b.plast
 e0948a4:	a9bf7bfd 	stp	x29, x30, [sp, #-16]!
 e0948a8:	b0000040 	adrp	x0, e09d000 <qemu_pm_idle_states+0x3fc>
 e0948ac:	52800e21 	mov	w1, #0x71                  	// #113
 e0948b0:	910003fd 	mov	x29, sp
 e0948b4:	9100b000 	add	x0, x0, #0x2c
 e0948b8:	97ffee68 	bl	e090258 <__assert>
 e0948bc:	12000805 	and	w5, w0, #0x7
 e0948c0:	f0000144 	adrp	x4, e0bf000 <__STACKS_START__+0x1f740>
 e0948c4:	13037c00 	asr	w0, w0, #3
 e0948c8:	91254084 	add	x4, x4, #0x950
 e0948cc:	110008a3 	add	w3, w5, #0x2
 e0948d0:	d2800022 	mov	x2, #0x1                   	// #1
 e0948d4:	f860d880 	ldr	x0, [x4, w0, sxtw #3]
 e0948d8:	9ac32043 	lsl	x3, x2, x3
 e0948dc:	7100043f 	cmp	w1, #0x1
 e0948e0:	540000a1 	b.ne	e0948f4 <pl061_set_value+0x58>  // b.any
 e0948e4:	9ac52042 	lsl	x2, x2, x5
 e0948e8:	12001c42 	and	w2, w2, #0xff
 e0948ec:	38206862 	strb	w2, [x3, x0]
 e0948f0:	d65f03c0 	ret
 e0948f4:	3820687f 	strb	wzr, [x3, x0]
 e0948f8:	d65f03c0 	ret

000000000e0948fc <plat_core_pos_by_mpidr>:
 e0948fc:	92409c00 	and	x0, x0, #0xffffffffff
 e094900:	d29fffe1 	mov	x1, #0xffff                	// #65535
 e094904:	9260dc00 	and	x0, x0, #0xffffffff00ffffff
 e094908:	eb01001f 	cmp	x0, x1
 e09490c:	540000e8 	b.hi	e094928 <plat_core_pos_by_mpidr+0x2c>  // b.pmore
 e094910:	d348fc01 	lsr	x1, x0, #8
 e094914:	121c0c02 	and	w2, w0, #0xf0
 e094918:	121f1821 	and	w1, w1, #0xfe
 e09491c:	2a020021 	orr	w1, w1, w2
 e094920:	35000041 	cbnz	w1, e094928 <plat_core_pos_by_mpidr+0x2c>
 e094924:	17fff444 	b	e091a34 <plat_qemu_calc_core_pos>
 e094928:	12800000 	mov	w0, #0xffffffff            	// #-1
 e09492c:	d65f03c0 	ret

000000000e094930 <plat_get_power_domain_tree_desc>:
 e094930:	f0000040 	adrp	x0, e09f000 <tf_xlat_ctx>
 e094934:	91226000 	add	x0, x0, #0x898
 e094938:	d65f03c0 	ret

000000000e09493c <plat_get_soc_name>:
 e09493c:	12800000 	mov	w0, #0xffffffff            	// #-1
 e094940:	d65f03c0 	ret

000000000e094944 <plat_get_soc_revision>:
 e094944:	12800000 	mov	w0, #0xffffffff            	// #-1
 e094948:	d65f03c0 	ret

000000000e09494c <plat_get_soc_version>:
 e09494c:	12800000 	mov	w0, #0xffffffff            	// #-1
 e094950:	d65f03c0 	ret

000000000e094954 <plat_get_syscnt_freq2>:
 e094954:	d53be000 	mrs	x0, cntfrq_el0
 e094958:	d65f03c0 	ret

000000000e09495c <plat_get_target_pwr_state>:
 e09495c:	350000e2 	cbnz	w2, e094978 <plat_get_target_pwr_state+0x1c>
 e094960:	a9bf7bfd 	stp	x29, x30, [sp, #-16]!
 e094964:	b0000040 	adrp	x0, e09d000 <qemu_pm_idle_states+0x3fc>
 e094968:	52801541 	mov	w1, #0xaa                  	// #170
 e09496c:	910003fd 	mov	x29, sp
 e094970:	91195800 	add	x0, x0, #0x656
 e094974:	97ffee39 	bl	e090258 <__assert>
 e094978:	d2800003 	mov	x3, #0x0                   	// #0
 e09497c:	52800044 	mov	w4, #0x2                   	// #2
 e094980:	38636820 	ldrb	w0, [x1, x3]
 e094984:	91000463 	add	x3, x3, #0x1
 e094988:	6b04001f 	cmp	w0, w4
 e09498c:	1a849000 	csel	w0, w0, w4, ls	// ls = plast
 e094990:	12001c04 	and	w4, w0, #0xff
 e094994:	6b03005f 	cmp	w2, w3
 e094998:	54ffff41 	b.ne	e094980 <plat_get_target_pwr_state+0x24>  // b.any
 e09499c:	d65f03c0 	ret

000000000e0949a0 <plat_ic_get_pending_interrupt_type>:
 e0949a0:	a9bf7bfd 	stp	x29, x30, [sp, #-16]!
 e0949a4:	910003fd 	mov	x29, sp
 e0949a8:	97fffbf9 	bl	e09398c <gicv2_get_pending_interrupt_type>
 e0949ac:	710ff41f 	cmp	w0, #0x3fd
 e0949b0:	540000e9 	b.ls	e0949cc <plat_ic_get_pending_interrupt_type+0x2c>  // b.plast
 e0949b4:	710ffc1f 	cmp	w0, #0x3ff
 e0949b8:	52800081 	mov	w1, #0x4                   	// #4
 e0949bc:	52800040 	mov	w0, #0x2                   	// #2
 e0949c0:	1a811000 	csel	w0, w0, w1, ne	// ne = any
 e0949c4:	a8c17bfd 	ldp	x29, x30, [sp], #16
 e0949c8:	d65f03c0 	ret
 e0949cc:	52800000 	mov	w0, #0x0                   	// #0
 e0949d0:	17fffffd 	b	e0949c4 <plat_ic_get_pending_interrupt_type+0x24>

000000000e0949d4 <plat_ic_has_interrupt_type>:
 e0949d4:	721e781f 	tst	w0, #0xfffffffd
 e0949d8:	1a9f17e0 	cset	w0, eq	// eq = none
 e0949dc:	d65f03c0 	ret

000000000e0949e0 <plat_is_smccc_feature_available>:
 e0949e0:	12800000 	mov	w0, #0xffffffff            	// #-1
 e0949e4:	d65f03c0 	ret

000000000e0949e8 <plat_log_get_prefix>:
 e0949e8:	7100c81f 	cmp	w0, #0x32
 e0949ec:	52800641 	mov	w1, #0x32                  	// #50
 e0949f0:	1a819000 	csel	w0, w0, w1, ls	// ls = plast
 e0949f4:	52800141 	mov	w1, #0xa                   	// #10
 e0949f8:	6b01001f 	cmp	w0, w1
 e0949fc:	1a812000 	csel	w0, w0, w1, cs	// cs = hs, nlast
 e094a00:	1ac10800 	udiv	w0, w0, w1
 e094a04:	90000041 	adrp	x1, e09c000 <__TEXT_END_UNALIGNED__>
 e094a08:	9101e021 	add	x1, x1, #0x78
 e094a0c:	51000400 	sub	w0, w0, #0x1
 e094a10:	f8607820 	ldr	x0, [x1, x0, lsl #3]
 e094a14:	d65f03c0 	ret

000000000e094a18 <plat_qemu_get_mmap>:
 e094a18:	90000040 	adrp	x0, e09c000 <__TEXT_END_UNALIGNED__>
 e094a1c:	91028000 	add	x0, x0, #0xa0
 e094a20:	d65f03c0 	ret

000000000e094a24 <plat_qemu_gic_init>:
 e094a24:	90000040 	adrp	x0, e09c000 <__TEXT_END_UNALIGNED__>
 e094a28:	9105a000 	add	x0, x0, #0x168
 e094a2c:	a9bf7bfd 	stp	x29, x30, [sp, #-16]!
 e094a30:	910003fd 	mov	x29, sp
 e094a34:	97fffbb4 	bl	e093904 <gicv2_driver_init>
 e094a38:	97fffb95 	bl	e09388c <gicv2_distif_init>
 e094a3c:	97fffbe5 	bl	e0939d0 <gicv2_pcpu_distif_init>
 e094a40:	a8c17bfd 	ldp	x29, x30, [sp], #16
 e094a44:	17fffb7f 	b	e093840 <gicv2_cpuif_enable>

000000000e094a48 <plat_setup_psci_ops>:
 e094a48:	d2a1c002 	mov	x2, #0xe000000             	// #234881024
 e094a4c:	f9000040 	str	x0, [x2]
 e094a50:	90000040 	adrp	x0, e09c000 <__TEXT_END_UNALIGNED__>
 e094a54:	91066000 	add	x0, x0, #0x198
 e094a58:	f9000020 	str	x0, [x1]
 e094a5c:	52800000 	mov	w0, #0x0                   	// #0
 e094a60:	d65f03c0 	ret

000000000e094a64 <pmuv3_enable>:
 e094a64:	f9409801 	ldr	x1, [x0, #304]
 e094a68:	92800802 	mov	x2, #0xffffffffffffffbf    	// #-65
 e094a6c:	f2bfffa2 	movk	x2, #0xfffd, lsl #16
 e094a70:	f2dffee2 	movk	x2, #0xfff7, lsl #32
 e094a74:	8a020021 	and	x1, x1, x2
 e094a78:	320983e2 	mov	w2, #0x800080              	// #8388736
 e094a7c:	f2c00082 	movk	x2, #0x4, lsl #32
 e094a80:	aa020021 	orr	x1, x1, x2
 e094a84:	f9009801 	str	x1, [x0, #304]
 e094a88:	d65f03c0 	ret

000000000e094a8c <pmuv3_init_el3>:
 e094a8c:	d53b9c00 	mrs	x0, pmcr_el0
 e094a90:	128006e1 	mov	w1, #0xffffffc8            	// #-56
 e094a94:	8a010000 	and	x0, x0, x1
 e094a98:	d28004c1 	mov	x1, #0x26                  	// #38
 e094a9c:	aa010000 	orr	x0, x0, x1
 e094aa0:	d51b9c00 	msr	pmcr_el0, x0
 e094aa4:	d65f03c0 	ret

000000000e094aa8 <print_entry_point_info>:
 e094aa8:	a9be7bfd 	stp	x29, x30, [sp, #-32]!
 e094aac:	910003fd 	mov	x29, sp
 e094ab0:	f9000bf3 	str	x19, [sp, #16]
 e094ab4:	aa0003f3 	mov	x19, x0
 e094ab8:	90000040 	adrp	x0, e09c000 <__TEXT_END_UNALIGNED__>
 e094abc:	91388800 	add	x0, x0, #0xe22
 e094ac0:	f9400661 	ldr	x1, [x19, #8]
 e094ac4:	94000a20 	bl	e097344 <tf_log>
 e094ac8:	b9401261 	ldr	w1, [x19, #16]
 e094acc:	90000040 	adrp	x0, e09c000 <__TEXT_END_UNALIGNED__>
 e094ad0:	91390000 	add	x0, x0, #0xe40
 e094ad4:	94000a1c 	bl	e097344 <tf_log>
 e094ad8:	f9400e61 	ldr	x1, [x19, #24]
 e094adc:	90000040 	adrp	x0, e09c000 <__TEXT_END_UNALIGNED__>
 e094ae0:	91393800 	add	x0, x0, #0xe4e
 e094ae4:	94000a18 	bl	e097344 <tf_log>
 e094ae8:	f9401261 	ldr	x1, [x19, #32]
 e094aec:	90000040 	adrp	x0, e09c000 <__TEXT_END_UNALIGNED__>
 e094af0:	91399400 	add	x0, x0, #0xe65
 e094af4:	94000a14 	bl	e097344 <tf_log>
 e094af8:	f9401661 	ldr	x1, [x19, #40]
 e094afc:	90000040 	adrp	x0, e09c000 <__TEXT_END_UNALIGNED__>
 e094b00:	9139f000 	add	x0, x0, #0xe7c
 e094b04:	94000a10 	bl	e097344 <tf_log>
 e094b08:	f9401a61 	ldr	x1, [x19, #48]
 e094b0c:	90000040 	adrp	x0, e09c000 <__TEXT_END_UNALIGNED__>
 e094b10:	913a4c00 	add	x0, x0, #0xe93
 e094b14:	94000a0c 	bl	e097344 <tf_log>
 e094b18:	f9401e61 	ldr	x1, [x19, #56]
 e094b1c:	90000040 	adrp	x0, e09c000 <__TEXT_END_UNALIGNED__>
 e094b20:	913aa800 	add	x0, x0, #0xeaa
 e094b24:	94000a08 	bl	e097344 <tf_log>
 e094b28:	f9402261 	ldr	x1, [x19, #64]
 e094b2c:	90000040 	adrp	x0, e09c000 <__TEXT_END_UNALIGNED__>
 e094b30:	913b0400 	add	x0, x0, #0xec1
 e094b34:	94000a04 	bl	e097344 <tf_log>
 e094b38:	f9402661 	ldr	x1, [x19, #72]
 e094b3c:	90000040 	adrp	x0, e09c000 <__TEXT_END_UNALIGNED__>
 e094b40:	913b6000 	add	x0, x0, #0xed8
 e094b44:	94000a00 	bl	e097344 <tf_log>
 e094b48:	f9402a61 	ldr	x1, [x19, #80]
 e094b4c:	90000040 	adrp	x0, e09c000 <__TEXT_END_UNALIGNED__>
 e094b50:	f9400bf3 	ldr	x19, [sp, #16]
 e094b54:	913bbc00 	add	x0, x0, #0xeef
 e094b58:	a8c27bfd 	ldp	x29, x30, [sp], #32
 e094b5c:	140009fa 	b	e097344 <tf_log>

000000000e094b60 <print_errata_status>:
 e094b60:	a9bb7bfd 	stp	x29, x30, [sp, #-80]!
 e094b64:	90000160 	adrp	x0, e0c0000 <warmboot_ep_info+0x650>
 e094b68:	91240000 	add	x0, x0, #0x900
 e094b6c:	910003fd 	mov	x29, sp
 e094b70:	a90153f3 	stp	x19, x20, [sp, #16]
 e094b74:	a9025bf5 	stp	x21, x22, [sp, #32]
 e094b78:	a90363f7 	stp	x23, x24, [sp, #48]
 e094b7c:	f90023f9 	str	x25, [sp, #64]
 e094b80:	97fffef2 	bl	e094748 <per_cpu_cur_compute>
 e094b84:	f9400c15 	ldr	x21, [x0, #24]
 e094b88:	b50000b5 	cbnz	x21, e094b9c <print_errata_status+0x3c>
 e094b8c:	52800d21 	mov	w1, #0x69                  	// #105
 e094b90:	b0000040 	adrp	x0, e09d000 <qemu_pm_idle_states+0x3fc>
 e094b94:	91026000 	add	x0, x0, #0x98
 e094b98:	97ffedb0 	bl	e090258 <__assert>
 e094b9c:	f94022a0 	ldr	x0, [x21, #64]
 e094ba0:	9400096e 	bl	e097158 <spin_trylock>
 e094ba4:	36000160 	tbz	w0, #0, e094bd0 <print_errata_status+0x70>
 e094ba8:	a942e2b3 	ldp	x19, x24, [x21, #40]
 e094bac:	b0000054 	adrp	x20, e09d000 <qemu_pm_idle_states+0x3fc>
 e094bb0:	b0000056 	adrp	x22, e09d000 <qemu_pm_idle_states+0x3fc>
 e094bb4:	97fff216 	bl	e09140c <cpu_get_rev_var>
 e094bb8:	9102ea94 	add	x20, x20, #0xba
 e094bbc:	910616d6 	add	x22, x22, #0x185
 e094bc0:	aa0003f7 	mov	x23, x0
 e094bc4:	d2800059 	mov	x25, #0x2                   	// #2
 e094bc8:	eb13031f 	cmp	x24, x19
 e094bcc:	540000e1 	b.ne	e094be8 <print_errata_status+0x88>  // b.any
 e094bd0:	a94153f3 	ldp	x19, x20, [sp, #16]
 e094bd4:	a9425bf5 	ldp	x21, x22, [sp, #32]
 e094bd8:	a94363f7 	ldp	x23, x24, [sp, #48]
 e094bdc:	f94023f9 	ldr	x25, [sp, #64]
 e094be0:	a8c57bfd 	ldp	x29, x30, [sp], #80
 e094be4:	d65f03c0 	ret
 e094be8:	39400260 	ldrb	w0, [x19]
 e094bec:	39400661 	ldrb	w1, [x19, #1]
 e094bf0:	aa012001 	orr	x1, x0, x1, lsl #8
 e094bf4:	39400a60 	ldrb	w0, [x19, #2]
 e094bf8:	aa004020 	orr	x0, x1, x0, lsl #16
 e094bfc:	39400e61 	ldrb	w1, [x19, #3]
 e094c00:	aa016001 	orr	x1, x0, x1, lsl #24
 e094c04:	39401260 	ldrb	w0, [x19, #4]
 e094c08:	aa008020 	orr	x0, x1, x0, lsl #32
 e094c0c:	39401661 	ldrb	w1, [x19, #5]
 e094c10:	aa01a001 	orr	x1, x0, x1, lsl #40
 e094c14:	39401a60 	ldrb	w0, [x19, #6]
 e094c18:	aa00c020 	orr	x0, x1, x0, lsl #48
 e094c1c:	39401e61 	ldrb	w1, [x19, #7]
 e094c20:	aa01e001 	orr	x1, x0, x1, lsl #56
 e094c24:	aa1703e0 	mov	x0, x23
 e094c28:	d63f0020 	blr	x1
 e094c2c:	39402261 	ldrb	w1, [x19, #8]
 e094c30:	39402662 	ldrb	w2, [x19, #9]
 e094c34:	39402e66 	ldrb	w6, [x19, #11]
 e094c38:	aa022022 	orr	x2, x1, x2, lsl #8
 e094c3c:	39402a61 	ldrb	w1, [x19, #10]
 e094c40:	aa014041 	orr	x1, x2, x1, lsl #16
 e094c44:	aa066026 	orr	x6, x1, x6, lsl #24
 e094c48:	b5000066 	cbnz	x6, e094c54 <print_errata_status+0xf4>
 e094c4c:	52800981 	mov	w1, #0x4c                  	// #76
 e094c50:	17ffffd0 	b	e094b90 <print_errata_status+0x30>
 e094c54:	f100041f 	cmp	x0, #0x1
 e094c58:	54000081 	b.ne	e094c68 <print_errata_status+0x108>  // b.any
 e094c5c:	39403a61 	ldrb	w1, [x19, #14]
 e094c60:	7100003f 	cmp	w1, #0x0
 e094c64:	9a991000 	csel	x0, x0, x25, ne	// ne = any
 e094c68:	39403261 	ldrb	w1, [x19, #12]
 e094c6c:	39403663 	ldrb	w3, [x19, #13]
 e094c70:	f9401ea2 	ldr	x2, [x21, #56]
 e094c74:	2a032023 	orr	w3, w1, w3, lsl #8
 e094c78:	7100081f 	cmp	w0, #0x2
 e094c7c:	54000241 	b.ne	e094cc4 <print_errata_status+0x164>  // b.any
 e094c80:	b0000044 	adrp	x4, e09d000 <qemu_pm_idle_states+0x3fc>
 e094c84:	9102c484 	add	x4, x4, #0xb1
 e094c88:	34000123 	cbz	w3, e094cac <print_errata_status+0x14c>
 e094c8c:	aa0403e5 	mov	x5, x4
 e094c90:	b0000040 	adrp	x0, e09d000 <qemu_pm_idle_states+0x3fc>
 e094c94:	2a0603e4 	mov	w4, w6
 e094c98:	aa1403e1 	mov	x1, x20
 e094c9c:	9102fc00 	add	x0, x0, #0xbf
 e094ca0:	940009a9 	bl	e097344 <tf_log>
 e094ca4:	91004273 	add	x19, x19, #0x10
 e094ca8:	17ffffc8 	b	e094bc8 <print_errata_status+0x68>
 e094cac:	b0000040 	adrp	x0, e09d000 <qemu_pm_idle_states+0x3fc>
 e094cb0:	2a0603e3 	mov	w3, w6
 e094cb4:	aa1403e1 	mov	x1, x20
 e094cb8:	9103bc00 	add	x0, x0, #0xef
 e094cbc:	940009a2 	bl	e097344 <tf_log>
 e094cc0:	17fffff9 	b	e094ca4 <print_errata_status+0x144>
 e094cc4:	7100041f 	cmp	w0, #0x1
 e094cc8:	540001e1 	b.ne	e094d04 <print_errata_status+0x1a4>  // b.any
 e094ccc:	b0000044 	adrp	x4, e09d000 <qemu_pm_idle_states+0x3fc>
 e094cd0:	91047884 	add	x4, x4, #0x11e
 e094cd4:	340000e3 	cbz	w3, e094cf0 <print_errata_status+0x190>
 e094cd8:	aa0403e5 	mov	x5, x4
 e094cdc:	b0000040 	adrp	x0, e09d000 <qemu_pm_idle_states+0x3fc>
 e094ce0:	2a0603e4 	mov	w4, w6
 e094ce4:	aa1403e1 	mov	x1, x20
 e094ce8:	91049800 	add	x0, x0, #0x126
 e094cec:	17ffffed 	b	e094ca0 <print_errata_status+0x140>
 e094cf0:	b0000040 	adrp	x0, e09d000 <qemu_pm_idle_states+0x3fc>
 e094cf4:	2a0603e3 	mov	w3, w6
 e094cf8:	aa1403e1 	mov	x1, x20
 e094cfc:	91055800 	add	x0, x0, #0x156
 e094d00:	17ffffef 	b	e094cbc <print_errata_status+0x15c>
 e094d04:	340000e3 	cbz	w3, e094d20 <print_errata_status+0x1c0>
 e094d08:	b0000040 	adrp	x0, e09d000 <qemu_pm_idle_states+0x3fc>
 e094d0c:	aa1603e5 	mov	x5, x22
 e094d10:	2a0603e4 	mov	w4, w6
 e094d14:	aa1403e1 	mov	x1, x20
 e094d18:	91065000 	add	x0, x0, #0x194
 e094d1c:	17ffffe1 	b	e094ca0 <print_errata_status+0x140>
 e094d20:	b0000040 	adrp	x0, e09d000 <qemu_pm_idle_states+0x3fc>
 e094d24:	aa1603e4 	mov	x4, x22
 e094d28:	2a0603e3 	mov	w3, w6
 e094d2c:	aa1403e1 	mov	x1, x20
 e094d30:	91071000 	add	x0, x0, #0x1c4
 e094d34:	17ffffe2 	b	e094cbc <print_errata_status+0x15c>

000000000e094d38 <printf>:
 e094d38:	a9b77bfd 	stp	x29, x30, [sp, #-144]!
 e094d3c:	910003fd 	mov	x29, sp
 e094d40:	a9058be1 	stp	x1, x2, [sp, #88]
 e094d44:	910243e1 	add	x1, sp, #0x90
 e094d48:	a90307e1 	stp	x1, x1, [sp, #48]
 e094d4c:	910143e1 	add	x1, sp, #0x50
 e094d50:	f90023e1 	str	x1, [sp, #64]
 e094d54:	128006e1 	mov	w1, #0xffffffc8            	// #-56
 e094d58:	b9004be1 	str	w1, [sp, #72]
 e094d5c:	910043e1 	add	x1, sp, #0x10
 e094d60:	b9004fff 	str	wzr, [sp, #76]
 e094d64:	a90693e3 	stp	x3, x4, [sp, #104]
 e094d68:	a9430fe2 	ldp	x2, x3, [sp, #48]
 e094d6c:	a9010fe2 	stp	x2, x3, [sp, #16]
 e094d70:	a9440fe2 	ldp	x2, x3, [sp, #64]
 e094d74:	a9020fe2 	stp	x2, x3, [sp, #32]
 e094d78:	a9079be5 	stp	x5, x6, [sp, #120]
 e094d7c:	f90047e7 	str	x7, [sp, #136]
 e094d80:	940009e5 	bl	e097514 <vprintf>
 e094d84:	a8c97bfd 	ldp	x29, x30, [sp], #144
 e094d88:	d65f03c0 	ret

000000000e094d8c <psci_acquire_pwr_domain_locks>:
 e094d8c:	a9bc7bfd 	stp	x29, x30, [sp, #-64]!
 e094d90:	910003fd 	mov	x29, sp
 e094d94:	a90153f3 	stp	x19, x20, [sp, #16]
 e094d98:	2a0003f4 	mov	w20, w0
 e094d9c:	52800033 	mov	w19, #0x1                   	// #1
 e094da0:	a9025bf5 	stp	x21, x22, [sp, #32]
 e094da4:	90000176 	adrp	x22, e0c0000 <warmboot_ep_info+0x650>
 e094da8:	aa0103f5 	mov	x21, x1
 e094dac:	911f62d6 	add	x22, x22, #0x7d8
 e094db0:	f9001bf7 	str	x23, [sp, #48]
 e094db4:	90000177 	adrp	x23, e0c0000 <warmboot_ep_info+0x650>
 e094db8:	911f42f7 	add	x23, x23, #0x7d0
 e094dbc:	6b14027f 	cmp	w19, w20
 e094dc0:	540000c9 	b.ls	e094dd8 <psci_acquire_pwr_domain_locks+0x4c>  // b.plast
 e094dc4:	a94153f3 	ldp	x19, x20, [sp, #16]
 e094dc8:	a9425bf5 	ldp	x21, x22, [sp, #32]
 e094dcc:	f9401bf7 	ldr	x23, [sp, #48]
 e094dd0:	a8c47bfd 	ldp	x29, x30, [sp], #64
 e094dd4:	d65f03c0 	ret
 e094dd8:	51000660 	sub	w0, w19, #0x1
 e094ddc:	11000673 	add	w19, w19, #0x1
 e094de0:	b8607aa0 	ldr	w0, [x21, x0, lsl #2]
 e094de4:	8b0012c0 	add	x0, x22, x0, lsl #4
 e094de8:	79401c00 	ldrh	w0, [x0, #14]
 e094dec:	8b000ae0 	add	x0, x23, x0, lsl #2
 e094df0:	940008d2 	bl	e097138 <spin_lock>
 e094df4:	17fffff2 	b	e094dbc <psci_acquire_pwr_domain_locks+0x30>

000000000e094df8 <psci_affinity_info>:
 e094df8:	a9be7bfd 	stp	x29, x30, [sp, #-32]!
 e094dfc:	910003fd 	mov	x29, sp
 e094e00:	a90153f3 	stp	x19, x20, [sp, #16]
 e094e04:	aa0003f3 	mov	x19, x0
 e094e08:	2a0103f4 	mov	w20, w1
 e094e0c:	97fffd43 	bl	e094318 <is_valid_mpidr>
 e094e10:	36000260 	tbz	w0, #0, e094e5c <psci_affinity_info+0x64>
 e094e14:	35000254 	cbnz	w20, e094e5c <psci_affinity_info+0x64>
 e094e18:	aa1303e0 	mov	x0, x19
 e094e1c:	90000173 	adrp	x19, e0c0000 <warmboot_ep_info+0x650>
 e094e20:	97fffeb7 	bl	e0948fc <plat_core_pos_by_mpidr>
 e094e24:	91240273 	add	x19, x19, #0x900
 e094e28:	2a0003f4 	mov	w20, w0
 e094e2c:	aa1303e1 	mov	x1, x19
 e094e30:	97fffe3a 	bl	e094718 <per_cpu_by_index_compute>
 e094e34:	91008000 	add	x0, x0, #0x20
 e094e38:	d2800181 	mov	x1, #0xc                   	// #12
 e094e3c:	97fff22f 	bl	e0916f8 <flush_dcache_range>
 e094e40:	aa1303e1 	mov	x1, x19
 e094e44:	2a1403e0 	mov	w0, w20
 e094e48:	97fffe34 	bl	e094718 <per_cpu_by_index_compute>
 e094e4c:	b9402000 	ldr	w0, [x0, #32]
 e094e50:	a94153f3 	ldp	x19, x20, [sp, #16]
 e094e54:	a8c27bfd 	ldp	x29, x30, [sp], #32
 e094e58:	d65f03c0 	ret
 e094e5c:	12800020 	mov	w0, #0xfffffffe            	// #-2
 e094e60:	17fffffc 	b	e094e50 <psci_affinity_info+0x58>

000000000e094e64 <psci_arch_setup>:
 e094e64:	a9bf7bfd 	stp	x29, x30, [sp, #-16]!
 e094e68:	910003fd 	mov	x29, sp
 e094e6c:	97fffeba 	bl	e094954 <plat_get_syscnt_freq2>
 e094e70:	2a0003e0 	mov	w0, w0
 e094e74:	d51be000 	msr	cntfrq_el0, x0
 e094e78:	97fff88e 	bl	e0930b0 <cpu_data_init_cpu_ops>
 e094e7c:	97fff6c4 	bl	e09298c <cm_init_percpu_once_regs>
 e094e80:	a8c17bfd 	ldp	x29, x30, [sp], #16
 e094e84:	17ffff37 	b	e094b60 <print_errata_status>

000000000e094e88 <psci_cpu_off>:
 e094e88:	a9bf7bfd 	stp	x29, x30, [sp, #-16]!
 e094e8c:	52800020 	mov	w0, #0x1                   	// #1
 e094e90:	910003fd 	mov	x29, sp
 e094e94:	940001ec 	bl	e095644 <psci_do_cpu_off>
 e094e98:	31000c1f 	cmn	w0, #0x3
 e094e9c:	540000a0 	b.eq	e094eb0 <psci_cpu_off+0x28>  // b.none
 e094ea0:	b0000040 	adrp	x0, e09d000 <qemu_pm_idle_states+0x3fc>
 e094ea4:	52801dc1 	mov	w1, #0xee                  	// #238
 e094ea8:	910e8000 	add	x0, x0, #0x3a0
 e094eac:	97ffeceb 	bl	e090258 <__assert>
 e094eb0:	a8c17bfd 	ldp	x29, x30, [sp], #16
 e094eb4:	d65f03c0 	ret

000000000e094eb8 <psci_cpu_on>:
 e094eb8:	a9bd7bfd 	stp	x29, x30, [sp, #-48]!
 e094ebc:	910003fd 	mov	x29, sp
 e094ec0:	a90153f3 	stp	x19, x20, [sp, #16]
 e094ec4:	aa0003f3 	mov	x19, x0
 e094ec8:	aa0103f4 	mov	x20, x1
 e094ecc:	a9025bf5 	stp	x21, x22, [sp, #32]
 e094ed0:	aa0203f5 	mov	x21, x2
 e094ed4:	97fffe8a 	bl	e0948fc <plat_core_pos_by_mpidr>
 e094ed8:	2a0003f6 	mov	w22, w0
 e094edc:	aa1303e0 	mov	x0, x19
 e094ee0:	97fffd0e 	bl	e094318 <is_valid_mpidr>
 e094ee4:	360001e0 	tbz	w0, #0, e094f20 <psci_cpu_on+0x68>
 e094ee8:	2a1603e0 	mov	w0, w22
 e094eec:	90000161 	adrp	x1, e0c0000 <warmboot_ep_info+0x650>
 e094ef0:	91240021 	add	x1, x1, #0x900
 e094ef4:	97fffe09 	bl	e094718 <per_cpu_by_index_compute>
 e094ef8:	f9400800 	ldr	x0, [x0, #16]
 e094efc:	aa1503e2 	mov	x2, x21
 e094f00:	aa1403e1 	mov	x1, x20
 e094f04:	94000659 	bl	e096868 <psci_validate_entry_point>
 e094f08:	350000e0 	cbnz	w0, e094f24 <psci_cpu_on+0x6c>
 e094f0c:	a9425bf5 	ldp	x21, x22, [sp, #32]
 e094f10:	aa1303e0 	mov	x0, x19
 e094f14:	a94153f3 	ldp	x19, x20, [sp, #16]
 e094f18:	a8c37bfd 	ldp	x29, x30, [sp], #48
 e094f1c:	14000049 	b	e095040 <psci_cpu_on_start>
 e094f20:	12800020 	mov	w0, #0xfffffffe            	// #-2
 e094f24:	a94153f3 	ldp	x19, x20, [sp, #16]
 e094f28:	a9425bf5 	ldp	x21, x22, [sp, #32]
 e094f2c:	a8c37bfd 	ldp	x29, x30, [sp], #48
 e094f30:	d65f03c0 	ret

000000000e094f34 <psci_cpu_on_finish>:
 e094f34:	a9bd7bfd 	stp	x29, x30, [sp, #-48]!
 e094f38:	910003fd 	mov	x29, sp
 e094f3c:	a9025bf5 	stp	x21, x22, [sp, #32]
 e094f40:	f0000155 	adrp	x21, e0bf000 <__STACKS_START__+0x1f740>
 e094f44:	a90153f3 	stp	x19, x20, [sp, #16]
 e094f48:	2a0003f4 	mov	w20, w0
 e094f4c:	aa0103f3 	mov	x19, x1
 e094f50:	f944d2a0 	ldr	x0, [x21, #2464]
 e094f54:	f9401801 	ldr	x1, [x0, #48]
 e094f58:	aa1303e0 	mov	x0, x19
 e094f5c:	d63f0020 	blr	x1
 e094f60:	f944d2a0 	ldr	x0, [x21, #2464]
 e094f64:	f9401c01 	ldr	x1, [x0, #56]
 e094f68:	b4000061 	cbz	x1, e094f74 <psci_cpu_on_finish+0x40>
 e094f6c:	aa1303e0 	mov	x0, x19
 e094f70:	d63f0020 	blr	x1
 e094f74:	97ffffbc 	bl	e094e64 <psci_arch_setup>
 e094f78:	90000175 	adrp	x21, e0c0000 <warmboot_ep_info+0x650>
 e094f7c:	913002b5 	add	x21, x21, #0xc00
 e094f80:	2a1403e0 	mov	w0, w20
 e094f84:	aa1503e1 	mov	x1, x21
 e094f88:	97fffde4 	bl	e094718 <per_cpu_by_index_compute>
 e094f8c:	91003000 	add	x0, x0, #0xc
 e094f90:	9400086a 	bl	e097138 <spin_lock>
 e094f94:	aa1503e1 	mov	x1, x21
 e094f98:	2a1403e0 	mov	w0, w20
 e094f9c:	97fffddf 	bl	e094718 <per_cpu_by_index_compute>
 e094fa0:	91003000 	add	x0, x0, #0xc
 e094fa4:	94000876 	bl	e09717c <spin_unlock>
 e094fa8:	90000160 	adrp	x0, e0c0000 <warmboot_ep_info+0x650>
 e094fac:	91240000 	add	x0, x0, #0x900
 e094fb0:	97fffde6 	bl	e094748 <per_cpu_cur_compute>
 e094fb4:	b9402000 	ldr	w0, [x0, #32]
 e094fb8:	7100081f 	cmp	w0, #0x2
 e094fbc:	540000a0 	b.eq	e094fd0 <psci_cpu_on_finish+0x9c>  // b.none
 e094fc0:	b0000040 	adrp	x0, e09d000 <qemu_pm_idle_states+0x3fc>
 e094fc4:	52801a21 	mov	w1, #0xd1                  	// #209
 e094fc8:	9110e000 	add	x0, x0, #0x438
 e094fcc:	97ffeca3 	bl	e090258 <__assert>
 e094fd0:	f0000140 	adrp	x0, e0bf000 <__STACKS_START__+0x1f740>
 e094fd4:	f944d400 	ldr	x0, [x0, #2472]
 e094fd8:	b40000a0 	cbz	x0, e094fec <psci_cpu_on_finish+0xb8>
 e094fdc:	f9400c01 	ldr	x1, [x0, #24]
 e094fe0:	b4000061 	cbz	x1, e094fec <psci_cpu_on_finish+0xb8>
 e094fe4:	d2800000 	mov	x0, #0x0                   	// #0
 e094fe8:	d63f0020 	blr	x1
 e094fec:	d0000053 	adrp	x19, e09e000 <__CPU_OPS_START__+0x270>
 e094ff0:	d0000056 	adrp	x22, e09e000 <__CPU_OPS_START__+0x270>
 e094ff4:	91054273 	add	x19, x19, #0x150
 e094ff8:	910542d6 	add	x22, x22, #0x150
 e094ffc:	eb16027f 	cmp	x19, x22
 e095000:	54000183 	b.cc	e095030 <psci_cpu_on_finish+0xfc>  // b.lo, b.ul, b.last
 e095004:	d53800b3 	mrs	x19, mpidr_el1
 e095008:	aa1503e1 	mov	x1, x21
 e09500c:	2a1403e0 	mov	w0, w20
 e095010:	97fffdc2 	bl	e094718 <per_cpu_by_index_compute>
 e095014:	92409e61 	and	x1, x19, #0xffffffffff
 e095018:	a94153f3 	ldp	x19, x20, [sp, #16]
 e09501c:	9260dc21 	and	x1, x1, #0xffffffff00ffffff
 e095020:	a9425bf5 	ldp	x21, x22, [sp, #32]
 e095024:	f9000001 	str	x1, [x0]
 e095028:	a8c37bfd 	ldp	x29, x30, [sp], #48
 e09502c:	d65f03c0 	ret
 e095030:	f8408661 	ldr	x1, [x19], #8
 e095034:	d2800000 	mov	x0, #0x0                   	// #0
 e095038:	d63f0020 	blr	x1
 e09503c:	17fffff0 	b	e094ffc <psci_cpu_on_finish+0xc8>

000000000e095040 <psci_cpu_on_start>:
 e095040:	a9bc7bfd 	stp	x29, x30, [sp, #-64]!
 e095044:	910003fd 	mov	x29, sp
 e095048:	a90363f7 	stp	x23, x24, [sp, #48]
 e09504c:	d0000157 	adrp	x23, e0bf000 <__STACKS_START__+0x1f740>
 e095050:	a90153f3 	stp	x19, x20, [sp, #16]
 e095054:	a9025bf5 	stp	x21, x22, [sp, #32]
 e095058:	aa0003f5 	mov	x21, x0
 e09505c:	97fffe28 	bl	e0948fc <plat_core_pos_by_mpidr>
 e095060:	f944d2e1 	ldr	x1, [x23, #2464]
 e095064:	f9400422 	ldr	x2, [x1, #8]
 e095068:	b4000062 	cbz	x2, e095074 <psci_cpu_on_start+0x34>
 e09506c:	f9401821 	ldr	x1, [x1, #48]
 e095070:	b50000a1 	cbnz	x1, e095084 <psci_cpu_on_start+0x44>
 e095074:	52800901 	mov	w1, #0x48                  	// #72
 e095078:	90000040 	adrp	x0, e09d000 <qemu_pm_idle_states+0x3fc>
 e09507c:	9110e000 	add	x0, x0, #0x438
 e095080:	97ffec76 	bl	e090258 <__assert>
 e095084:	f0000156 	adrp	x22, e0c0000 <warmboot_ep_info+0x650>
 e095088:	913002d6 	add	x22, x22, #0xc00
 e09508c:	aa1603e1 	mov	x1, x22
 e095090:	2a0003f3 	mov	w19, w0
 e095094:	f0000154 	adrp	x20, e0c0000 <warmboot_ep_info+0x650>
 e095098:	97fffda0 	bl	e094718 <per_cpu_by_index_compute>
 e09509c:	91240294 	add	x20, x20, #0x900
 e0950a0:	91003000 	add	x0, x0, #0xc
 e0950a4:	94000825 	bl	e097138 <spin_lock>
 e0950a8:	aa1403e1 	mov	x1, x20
 e0950ac:	2a1303e0 	mov	w0, w19
 e0950b0:	97fffd9a 	bl	e094718 <per_cpu_by_index_compute>
 e0950b4:	91008000 	add	x0, x0, #0x20
 e0950b8:	d2800181 	mov	x1, #0xc                   	// #12
 e0950bc:	97fff18f 	bl	e0916f8 <flush_dcache_range>
 e0950c0:	aa1403e1 	mov	x1, x20
 e0950c4:	2a1303e0 	mov	w0, w19
 e0950c8:	97fffd94 	bl	e094718 <per_cpu_by_index_compute>
 e0950cc:	b9402000 	ldr	w0, [x0, #32]
 e0950d0:	34000a80 	cbz	w0, e095220 <psci_cpu_on_start+0x1e0>
 e0950d4:	7100081f 	cmp	w0, #0x2
 e0950d8:	54000a80 	b.eq	e095228 <psci_cpu_on_start+0x1e8>  // b.none
 e0950dc:	7100041f 	cmp	w0, #0x1
 e0950e0:	54000060 	b.eq	e0950ec <psci_cpu_on_start+0xac>  // b.none
 e0950e4:	52800601 	mov	w1, #0x30                  	// #48
 e0950e8:	17ffffe4 	b	e095078 <psci_cpu_on_start+0x38>
 e0950ec:	d0000140 	adrp	x0, e0bf000 <__STACKS_START__+0x1f740>
 e0950f0:	f944d400 	ldr	x0, [x0, #2472]
 e0950f4:	b40000a0 	cbz	x0, e095108 <psci_cpu_on_start+0xc8>
 e0950f8:	f9400001 	ldr	x1, [x0]
 e0950fc:	b4000061 	cbz	x1, e095108 <psci_cpu_on_start+0xc8>
 e095100:	aa1503e0 	mov	x0, x21
 e095104:	d63f0020 	blr	x1
 e095108:	aa1403e1 	mov	x1, x20
 e09510c:	2a1303e0 	mov	w0, w19
 e095110:	52800058 	mov	w24, #0x2                   	// #2
 e095114:	97fffd81 	bl	e094718 <per_cpu_by_index_compute>
 e095118:	b9002018 	str	w24, [x0, #32]
 e09511c:	aa1403e1 	mov	x1, x20
 e095120:	2a1303e0 	mov	w0, w19
 e095124:	97fffd7d 	bl	e094718 <per_cpu_by_index_compute>
 e095128:	91008000 	add	x0, x0, #0x20
 e09512c:	d2800181 	mov	x1, #0xc                   	// #12
 e095130:	97fff172 	bl	e0916f8 <flush_dcache_range>
 e095134:	aa1403e1 	mov	x1, x20
 e095138:	2a1303e0 	mov	w0, w19
 e09513c:	97fffd77 	bl	e094718 <per_cpu_by_index_compute>
 e095140:	b9402001 	ldr	w1, [x0, #32]
 e095144:	6b18003f 	cmp	w1, w24
 e095148:	54000280 	b.eq	e095198 <psci_cpu_on_start+0x158>  // b.none
 e09514c:	7100043f 	cmp	w1, #0x1
 e095150:	54000060 	b.eq	e09515c <psci_cpu_on_start+0x11c>  // b.none
 e095154:	52800fa1 	mov	w1, #0x7d                  	// #125
 e095158:	17ffffc8 	b	e095078 <psci_cpu_on_start+0x38>
 e09515c:	b9002018 	str	w24, [x0, #32]
 e095160:	aa1403e1 	mov	x1, x20
 e095164:	2a1303e0 	mov	w0, w19
 e095168:	97fffd6c 	bl	e094718 <per_cpu_by_index_compute>
 e09516c:	91008000 	add	x0, x0, #0x20
 e095170:	d2800181 	mov	x1, #0xc                   	// #12
 e095174:	97fff161 	bl	e0916f8 <flush_dcache_range>
 e095178:	aa1403e1 	mov	x1, x20
 e09517c:	2a1303e0 	mov	w0, w19
 e095180:	97fffd66 	bl	e094718 <per_cpu_by_index_compute>
 e095184:	b9402000 	ldr	w0, [x0, #32]
 e095188:	7100081f 	cmp	w0, #0x2
 e09518c:	54000060 	b.eq	e095198 <psci_cpu_on_start+0x158>  // b.none
 e095190:	52801021 	mov	w1, #0x81                  	// #129
 e095194:	17ffffb9 	b	e095078 <psci_cpu_on_start+0x38>
 e095198:	f944d2e0 	ldr	x0, [x23, #2464]
 e09519c:	f9400401 	ldr	x1, [x0, #8]
 e0951a0:	aa1503e0 	mov	x0, x21
 e0951a4:	d63f0020 	blr	x1
 e0951a8:	7100001f 	cmp	w0, #0x0
 e0951ac:	2a0003f5 	mov	w21, w0
 e0951b0:	3a461804 	ccmn	w0, #0x6, #0x4, ne	// ne = any
 e0951b4:	54000060 	b.eq	e0951c0 <psci_cpu_on_start+0x180>  // b.none
 e0951b8:	528011c1 	mov	w1, #0x8e                  	// #142
 e0951bc:	17ffffaf 	b	e095078 <psci_cpu_on_start+0x38>
 e0951c0:	340001a0 	cbz	w0, e0951f4 <psci_cpu_on_start+0x1b4>
 e0951c4:	aa1403e1 	mov	x1, x20
 e0951c8:	2a1303e0 	mov	w0, w19
 e0951cc:	97fffd53 	bl	e094718 <per_cpu_by_index_compute>
 e0951d0:	128000b5 	mov	w21, #0xfffffffa            	// #-6
 e0951d4:	52800021 	mov	w1, #0x1                   	// #1
 e0951d8:	b9002001 	str	w1, [x0, #32]
 e0951dc:	aa1403e1 	mov	x1, x20
 e0951e0:	2a1303e0 	mov	w0, w19
 e0951e4:	97fffd4d 	bl	e094718 <per_cpu_by_index_compute>
 e0951e8:	91008000 	add	x0, x0, #0x20
 e0951ec:	d2800181 	mov	x1, #0xc                   	// #12
 e0951f0:	97fff142 	bl	e0916f8 <flush_dcache_range>
 e0951f4:	aa1603e1 	mov	x1, x22
 e0951f8:	2a1303e0 	mov	w0, w19
 e0951fc:	97fffd47 	bl	e094718 <per_cpu_by_index_compute>
 e095200:	91003000 	add	x0, x0, #0xc
 e095204:	940007de 	bl	e09717c <spin_unlock>
 e095208:	a94153f3 	ldp	x19, x20, [sp, #16]
 e09520c:	2a1503e0 	mov	w0, w21
 e095210:	a9425bf5 	ldp	x21, x22, [sp, #32]
 e095214:	a94363f7 	ldp	x23, x24, [sp, #48]
 e095218:	a8c47bfd 	ldp	x29, x30, [sp], #64
 e09521c:	d65f03c0 	ret
 e095220:	12800075 	mov	w21, #0xfffffffc            	// #-4
 e095224:	17fffff4 	b	e0951f4 <psci_cpu_on_start+0x1b4>
 e095228:	12800095 	mov	w21, #0xfffffffb            	// #-5
 e09522c:	17fffff2 	b	e0951f4 <psci_cpu_on_start+0x1b4>

000000000e095230 <psci_cpu_suspend>:
 e095230:	a9bb7bfd 	stp	x29, x30, [sp, #-80]!
 e095234:	910003fd 	mov	x29, sp
 e095238:	a90153f3 	stp	x19, x20, [sp, #16]
 e09523c:	2a0003f4 	mov	w20, w0
 e095240:	a9025bf5 	stp	x21, x22, [sp, #32]
 e095244:	a90363f7 	stp	x23, x24, [sp, #48]
 e095248:	aa0103f7 	mov	x23, x1
 e09524c:	aa0203f8 	mov	x24, x2
 e095250:	790093ff 	strh	wzr, [sp, #72]
 e095254:	97fff1f4 	bl	e091a24 <plat_my_core_pos>
 e095258:	910123e1 	add	x1, sp, #0x48
 e09525c:	2a0003f6 	mov	w22, w0
 e095260:	2a1403e0 	mov	w0, w20
 e095264:	940005be 	bl	e09695c <psci_validate_power_state>
 e095268:	340001c0 	cbz	w0, e0952a0 <psci_cpu_suspend+0x70>
 e09526c:	3100081f 	cmn	w0, #0x2
 e095270:	54000101 	b.ne	e095290 <psci_cpu_suspend+0x60>  // b.any
 e095274:	12800033 	mov	w19, #0xfffffffe            	// #-2
 e095278:	a9425bf5 	ldp	x21, x22, [sp, #32]
 e09527c:	2a1303e0 	mov	w0, w19
 e095280:	a94153f3 	ldp	x19, x20, [sp, #16]
 e095284:	a94363f7 	ldp	x23, x24, [sp, #48]
 e095288:	a8c57bfd 	ldp	x29, x30, [sp], #80
 e09528c:	d65f03c0 	ret
 e095290:	52800a81 	mov	w1, #0x54                  	// #84
 e095294:	90000040 	adrp	x0, e09d000 <qemu_pm_idle_states+0x3fc>
 e095298:	910e8000 	add	x0, x0, #0x3a0
 e09529c:	97ffebef 	bl	e090258 <__assert>
 e0952a0:	d3504294 	ubfx	x20, x20, #16, #1
 e0952a4:	910123e0 	add	x0, sp, #0x48
 e0952a8:	2a1403e1 	mov	w1, w20
 e0952ac:	940005bd 	bl	e0969a0 <psci_validate_suspend_req>
 e0952b0:	2a0003f3 	mov	w19, w0
 e0952b4:	34000060 	cbz	w0, e0952c0 <psci_cpu_suspend+0x90>
 e0952b8:	52800bc1 	mov	w1, #0x5e                  	// #94
 e0952bc:	17fffff6 	b	e095294 <psci_cpu_suspend+0x64>
 e0952c0:	910123e0 	add	x0, sp, #0x48
 e0952c4:	9400017b 	bl	e0958b0 <psci_find_target_suspend_lvl>
 e0952c8:	2a0003f5 	mov	w21, w0
 e0952cc:	7100081f 	cmp	w0, #0x2
 e0952d0:	54000121 	b.ne	e0952f4 <psci_cpu_suspend+0xc4>  // b.any
 e0952d4:	90000040 	adrp	x0, e09d000 <qemu_pm_idle_states+0x3fc>
 e0952d8:	910ed400 	add	x0, x0, #0x3b5
 e0952dc:	9400081a 	bl	e097344 <tf_log>
 e0952e0:	90000040 	adrp	x0, e09d000 <qemu_pm_idle_states+0x3fc>
 e0952e4:	91223400 	add	x0, x0, #0x88d
 e0952e8:	97fff38e 	bl	e092120 <backtrace>
 e0952ec:	97fff6f4 	bl	e092ebc <console_flush>
 e0952f0:	97fff0d9 	bl	e091654 <el3_panic>
 e0952f4:	2a000280 	orr	w0, w20, w0
 e0952f8:	35000220 	cbnz	w0, e09533c <psci_cpu_suspend+0x10c>
 e0952fc:	d0000140 	adrp	x0, e0bf000 <__STACKS_START__+0x1f740>
 e095300:	f944d000 	ldr	x0, [x0, #2464]
 e095304:	f9400015 	ldr	x21, [x0]
 e095308:	b4fffb75 	cbz	x21, e095274 <psci_cpu_suspend+0x44>
 e09530c:	394123f6 	ldrb	w22, [sp, #72]
 e095310:	f0000154 	adrp	x20, e0c0000 <warmboot_ep_info+0x650>
 e095314:	91240294 	add	x20, x20, #0x900
 e095318:	aa1403e0 	mov	x0, x20
 e09531c:	97fffd0b 	bl	e094748 <per_cpu_cur_compute>
 e095320:	3900a016 	strb	w22, [x0, #40]
 e095324:	2a1603e0 	mov	w0, w22
 e095328:	d63f02a0 	blr	x21
 e09532c:	aa1403e0 	mov	x0, x20
 e095330:	97fffd06 	bl	e094748 <per_cpu_cur_compute>
 e095334:	3900a01f 	strb	wzr, [x0, #40]
 e095338:	17ffffd0 	b	e095278 <psci_cpu_suspend+0x48>
 e09533c:	35000114 	cbnz	w20, e09535c <psci_cpu_suspend+0x12c>
 e095340:	2a1403e3 	mov	w3, w20
 e095344:	910123e2 	add	x2, sp, #0x48
 e095348:	2a1503e1 	mov	w1, w21
 e09534c:	2a1603e0 	mov	w0, w22
 e095350:	9400000e 	bl	e095388 <psci_cpu_suspend_start>
 e095354:	2a0003f3 	mov	w19, w0
 e095358:	17ffffc8 	b	e095278 <psci_cpu_suspend+0x48>
 e09535c:	2a1603e0 	mov	w0, w22
 e095360:	f0000141 	adrp	x1, e0c0000 <warmboot_ep_info+0x650>
 e095364:	91240021 	add	x1, x1, #0x900
 e095368:	97fffcec 	bl	e094718 <per_cpu_by_index_compute>
 e09536c:	f9400800 	ldr	x0, [x0, #16]
 e095370:	aa1803e2 	mov	x2, x24
 e095374:	aa1703e1 	mov	x1, x23
 e095378:	9400053c 	bl	e096868 <psci_validate_entry_point>
 e09537c:	2a0003f3 	mov	w19, w0
 e095380:	34fffe00 	cbz	w0, e095340 <psci_cpu_suspend+0x110>
 e095384:	17ffffbd 	b	e095278 <psci_cpu_suspend+0x48>

000000000e095388 <psci_cpu_suspend_start>:
 e095388:	a9ba7bfd 	stp	x29, x30, [sp, #-96]!
 e09538c:	910003fd 	mov	x29, sp
 e095390:	a9046bf9 	stp	x25, x26, [sp, #64]
 e095394:	d0000159 	adrp	x25, e0bf000 <__STACKS_START__+0x1f740>
 e095398:	a90153f3 	stp	x19, x20, [sp, #16]
 e09539c:	aa0203f4 	mov	x20, x2
 e0953a0:	f944d322 	ldr	x2, [x25, #2464]
 e0953a4:	a90363f7 	stp	x23, x24, [sp, #48]
 e0953a8:	2a0303f7 	mov	w23, w3
 e0953ac:	a9025bf5 	stp	x21, x22, [sp, #32]
 e0953b0:	f9401443 	ldr	x3, [x2, #40]
 e0953b4:	b9005bff 	str	wzr, [sp, #88]
 e0953b8:	b4000063 	cbz	x3, e0953c4 <psci_cpu_suspend_start+0x3c>
 e0953bc:	f9402042 	ldr	x2, [x2, #64]
 e0953c0:	b50000a2 	cbnz	x2, e0953d4 <psci_cpu_suspend_start+0x4c>
 e0953c4:	90000040 	adrp	x0, e09d000 <qemu_pm_idle_states+0x3fc>
 e0953c8:	52801021 	mov	w1, #0x81                  	// #129
 e0953cc:	91118400 	add	x0, x0, #0x461
 e0953d0:	97ffeba2 	bl	e090258 <__assert>
 e0953d4:	910163e2 	add	x2, sp, #0x58
 e0953d8:	2a0103f3 	mov	w19, w1
 e0953dc:	2a0003f5 	mov	w21, w0
 e0953e0:	9400013d 	bl	e0958d4 <psci_get_parent_pwr_domain_nodes>
 e0953e4:	910163e1 	add	x1, sp, #0x58
 e0953e8:	2a1303e0 	mov	w0, w19
 e0953ec:	97fffe68 	bl	e094d8c <psci_acquire_pwr_domain_locks>
 e0953f0:	d538c100 	mrs	x0, isr_el1
 e0953f4:	b5000800 	cbnz	x0, e0954f4 <psci_cpu_suspend_start+0x16c>
 e0953f8:	aa1403e2 	mov	x2, x20
 e0953fc:	2a1303e1 	mov	w1, w19
 e095400:	2a1503e0 	mov	w0, w21
 e095404:	940000dd 	bl	e095778 <psci_do_state_coordination>
 e095408:	aa1403e2 	mov	x2, x20
 e09540c:	2a1303e1 	mov	w1, w19
 e095410:	2a1503e0 	mov	w0, w21
 e095414:	94000300 	bl	e096014 <psci_set_target_local_pwr_states>
 e095418:	340008b7 	cbz	w23, e09552c <psci_cpu_suspend_start+0x1a4>
 e09541c:	aa1403e0 	mov	x0, x20
 e095420:	b0000058 	adrp	x24, e09e000 <__CPU_OPS_START__+0x270>
 e095424:	94000118 	bl	e095884 <psci_find_max_off_lvl>
 e095428:	b000005a 	adrp	x26, e09e000 <__CPU_OPS_START__+0x270>
 e09542c:	2a0003f6 	mov	w22, w0
 e095430:	91054318 	add	x24, x24, #0x150
 e095434:	9105435a 	add	x26, x26, #0x150
 e095438:	b9005ff5 	str	w21, [sp, #92]
 e09543c:	eb1a031f 	cmp	x24, x26
 e095440:	540006e3 	b.cc	e09551c <psci_cpu_suspend_start+0x194>  // b.lo, b.ul, b.last
 e095444:	f0000140 	adrp	x0, e0c0000 <warmboot_ep_info+0x650>
 e095448:	91240000 	add	x0, x0, #0x900
 e09544c:	97fffcbf 	bl	e094748 <per_cpu_cur_compute>
 e095450:	b9002413 	str	w19, [x0, #36]
 e095454:	d0000140 	adrp	x0, e0bf000 <__STACKS_START__+0x1f740>
 e095458:	f944d400 	ldr	x0, [x0, #2472]
 e09545c:	b40000a0 	cbz	x0, e095470 <psci_cpu_suspend_start+0xe8>
 e095460:	f9400801 	ldr	x1, [x0, #16]
 e095464:	b4000061 	cbz	x1, e095470 <psci_cpu_suspend_start+0xe8>
 e095468:	2a1603e0 	mov	w0, w22
 e09546c:	d63f0020 	blr	x1
 e095470:	2a1603e0 	mov	w0, w22
 e095474:	94000288 	bl	e095e94 <psci_pwrdown_cpu_start>
 e095478:	f944d320 	ldr	x0, [x25, #2464]
 e09547c:	f9401401 	ldr	x1, [x0, #40]
 e095480:	aa1403e0 	mov	x0, x20
 e095484:	d63f0020 	blr	x1
 e095488:	910163e1 	add	x1, sp, #0x58
 e09548c:	2a1303e0 	mov	w0, w19
 e095490:	94000293 	bl	e095edc <psci_release_pwr_domain_locks>
 e095494:	34000517 	cbz	w23, e095534 <psci_cpu_suspend_start+0x1ac>
 e095498:	f944d320 	ldr	x0, [x25, #2464]
 e09549c:	f9402401 	ldr	x1, [x0, #72]
 e0954a0:	b4000061 	cbz	x1, e0954ac <psci_cpu_suspend_start+0x124>
 e0954a4:	aa1403e0 	mov	x0, x20
 e0954a8:	d63f0020 	blr	x1
 e0954ac:	2a1603e0 	mov	w0, w22
 e0954b0:	94000266 	bl	e095e48 <psci_pwrdown_cpu_end_wakeup>
 e0954b4:	910163e1 	add	x1, sp, #0x58
 e0954b8:	2a1303e0 	mov	w0, w19
 e0954bc:	97fffe34 	bl	e094d8c <psci_acquire_pwr_domain_locks>
 e0954c0:	aa1403e2 	mov	x2, x20
 e0954c4:	2a1303e1 	mov	w1, w19
 e0954c8:	2a1503e0 	mov	w0, w21
 e0954cc:	94000119 	bl	e095930 <psci_get_target_local_pwr_states>
 e0954d0:	34000377 	cbz	w23, e09553c <psci_cpu_suspend_start+0x1b4>
 e0954d4:	aa1403e2 	mov	x2, x20
 e0954d8:	2a1603e1 	mov	w1, w22
 e0954dc:	2a1503e0 	mov	w0, w21
 e0954e0:	52800023 	mov	w3, #0x1                   	// #1
 e0954e4:	94000020 	bl	e095564 <psci_cpu_suspend_to_powerdown_finish>
 e0954e8:	2a1303e1 	mov	w1, w19
 e0954ec:	2a1503e0 	mov	w0, w21
 e0954f0:	94000291 	bl	e095f34 <psci_set_pwr_domains_to_run>
 e0954f4:	910163e1 	add	x1, sp, #0x58
 e0954f8:	2a1303e0 	mov	w0, w19
 e0954fc:	94000278 	bl	e095edc <psci_release_pwr_domain_locks>
 e095500:	a94153f3 	ldp	x19, x20, [sp, #16]
 e095504:	52800000 	mov	w0, #0x0                   	// #0
 e095508:	a9425bf5 	ldp	x21, x22, [sp, #32]
 e09550c:	a94363f7 	ldp	x23, x24, [sp, #48]
 e095510:	a9446bf9 	ldp	x25, x26, [sp, #64]
 e095514:	a8c67bfd 	ldp	x29, x30, [sp], #96
 e095518:	d65f03c0 	ret
 e09551c:	f8408701 	ldr	x1, [x24], #8
 e095520:	910173e0 	add	x0, sp, #0x5c
 e095524:	d63f0020 	blr	x1
 e095528:	17ffffc5 	b	e09543c <psci_cpu_suspend_start+0xb4>
 e09552c:	52800016 	mov	w22, #0x0                   	// #0
 e095530:	17ffffd2 	b	e095478 <psci_cpu_suspend_start+0xf0>
 e095534:	d503207f 	wfi
 e095538:	17ffffdf 	b	e0954b4 <psci_cpu_suspend_start+0x12c>
 e09553c:	f944d320 	ldr	x0, [x25, #2464]
 e095540:	f9402001 	ldr	x1, [x0, #64]
 e095544:	aa1403e0 	mov	x0, x20
 e095548:	d63f0020 	blr	x1
 e09554c:	f0000140 	adrp	x0, e0c0000 <warmboot_ep_info+0x650>
 e095550:	91240000 	add	x0, x0, #0x900
 e095554:	97fffc7d 	bl	e094748 <per_cpu_cur_compute>
 e095558:	52800021 	mov	w1, #0x1                   	// #1
 e09555c:	b9002401 	str	w1, [x0, #36]
 e095560:	17ffffe2 	b	e0954e8 <psci_cpu_suspend_start+0x160>

000000000e095564 <psci_cpu_suspend_to_powerdown_finish>:
 e095564:	a9bc7bfd 	stp	x29, x30, [sp, #-64]!
 e095568:	910003fd 	mov	x29, sp
 e09556c:	a90153f3 	stp	x19, x20, [sp, #16]
 e095570:	f0000153 	adrp	x19, e0c0000 <warmboot_ep_info+0x650>
 e095574:	91240273 	add	x19, x19, #0x900
 e095578:	aa0203f4 	mov	x20, x2
 e09557c:	a9025bf5 	stp	x21, x22, [sp, #32]
 e095580:	2a0103f5 	mov	w21, w1
 e095584:	12001c76 	and	w22, w3, #0xff
 e095588:	b9003fe0 	str	w0, [sp, #60]
 e09558c:	aa1303e0 	mov	x0, x19
 e095590:	97fffc6e 	bl	e094748 <per_cpu_cur_compute>
 e095594:	b9402000 	ldr	w0, [x0, #32]
 e095598:	35000080 	cbnz	w0, e0955a8 <psci_cpu_suspend_to_powerdown_finish+0x44>
 e09559c:	39400280 	ldrb	w0, [x20]
 e0955a0:	7100081f 	cmp	w0, #0x2
 e0955a4:	540000a0 	b.eq	e0955b8 <psci_cpu_suspend_to_powerdown_finish+0x54>  // b.none
 e0955a8:	90000040 	adrp	x0, e09d000 <qemu_pm_idle_states+0x3fc>
 e0955ac:	52802681 	mov	w1, #0x134                 	// #308
 e0955b0:	91118400 	add	x0, x0, #0x461
 e0955b4:	97ffeb29 	bl	e090258 <__assert>
 e0955b8:	d0000140 	adrp	x0, e0bf000 <__STACKS_START__+0x1f740>
 e0955bc:	f944d000 	ldr	x0, [x0, #2464]
 e0955c0:	f9402001 	ldr	x1, [x0, #64]
 e0955c4:	aa1403e0 	mov	x0, x20
 e0955c8:	d63f0020 	blr	x1
 e0955cc:	37000096 	tbnz	w22, #0, e0955dc <psci_cpu_suspend_to_powerdown_finish+0x78>
 e0955d0:	97fffce1 	bl	e094954 <plat_get_syscnt_freq2>
 e0955d4:	2a0003e0 	mov	w0, w0
 e0955d8:	d51be000 	msr	cntfrq_el0, x0
 e0955dc:	d0000140 	adrp	x0, e0bf000 <__STACKS_START__+0x1f740>
 e0955e0:	f944d400 	ldr	x0, [x0, #2472]
 e0955e4:	b40000c0 	cbz	x0, e0955fc <psci_cpu_suspend_to_powerdown_finish+0x98>
 e0955e8:	f9401002 	ldr	x2, [x0, #32]
 e0955ec:	b4000082 	cbz	x2, e0955fc <psci_cpu_suspend_to_powerdown_finish+0x98>
 e0955f0:	2a1603e1 	mov	w1, w22
 e0955f4:	2a1503e0 	mov	w0, w21
 e0955f8:	d63f0040 	blr	x2
 e0955fc:	aa1303e0 	mov	x0, x19
 e095600:	b0000054 	adrp	x20, e09e000 <__CPU_OPS_START__+0x270>
 e095604:	97fffc51 	bl	e094748 <per_cpu_cur_compute>
 e095608:	b0000053 	adrp	x19, e09e000 <__CPU_OPS_START__+0x270>
 e09560c:	91054294 	add	x20, x20, #0x150
 e095610:	91054273 	add	x19, x19, #0x150
 e095614:	52800021 	mov	w1, #0x1                   	// #1
 e095618:	b9002401 	str	w1, [x0, #36]
 e09561c:	eb14027f 	cmp	x19, x20
 e095620:	540000a3 	b.cc	e095634 <psci_cpu_suspend_to_powerdown_finish+0xd0>  // b.lo, b.ul, b.last
 e095624:	a94153f3 	ldp	x19, x20, [sp, #16]
 e095628:	a9425bf5 	ldp	x21, x22, [sp, #32]
 e09562c:	a8c47bfd 	ldp	x29, x30, [sp], #64
 e095630:	d65f03c0 	ret
 e095634:	f8408661 	ldr	x1, [x19], #8
 e095638:	9100f3e0 	add	x0, sp, #0x3c
 e09563c:	d63f0020 	blr	x1
 e095640:	17fffff7 	b	e09561c <psci_cpu_suspend_to_powerdown_finish+0xb8>

000000000e095644 <psci_do_cpu_off>:
 e095644:	a9bc7bfd 	stp	x29, x30, [sp, #-64]!
 e095648:	910003fd 	mov	x29, sp
 e09564c:	a9025bf5 	stp	x21, x22, [sp, #32]
 e095650:	d0000156 	adrp	x22, e0bf000 <__STACKS_START__+0x1f740>
 e095654:	a90153f3 	stp	x19, x20, [sp, #16]
 e095658:	2a0003f4 	mov	w20, w0
 e09565c:	97fff0f2 	bl	e091a24 <plat_my_core_pos>
 e095660:	2a0003f5 	mov	w21, w0
 e095664:	b9003bff 	str	wzr, [sp, #56]
 e095668:	f944d2c0 	ldr	x0, [x22, #2464]
 e09566c:	f9400801 	ldr	x1, [x0, #16]
 e095670:	b4000681 	cbz	x1, e095740 <psci_do_cpu_off+0xfc>
 e095674:	52804041 	mov	w1, #0x202                 	// #514
 e095678:	790063e1 	strh	w1, [sp, #48]
 e09567c:	f9400c01 	ldr	x1, [x0, #24]
 e095680:	b5000681 	cbnz	x1, e095750 <psci_do_cpu_off+0x10c>
 e095684:	52800013 	mov	w19, #0x0                   	// #0
 e095688:	9100e3e2 	add	x2, sp, #0x38
 e09568c:	2a1403e1 	mov	w1, w20
 e095690:	2a1503e0 	mov	w0, w21
 e095694:	94000090 	bl	e0958d4 <psci_get_parent_pwr_domain_nodes>
 e095698:	2a1403e0 	mov	w0, w20
 e09569c:	9100e3e1 	add	x1, sp, #0x38
 e0956a0:	97fffdbb 	bl	e094d8c <psci_acquire_pwr_domain_locks>
 e0956a4:	d0000140 	adrp	x0, e0bf000 <__STACKS_START__+0x1f740>
 e0956a8:	f944d400 	ldr	x0, [x0, #2472]
 e0956ac:	b40000e0 	cbz	x0, e0956c8 <psci_do_cpu_off+0x84>
 e0956b0:	f9400401 	ldr	x1, [x0, #8]
 e0956b4:	b40000a1 	cbz	x1, e0956c8 <psci_do_cpu_off+0x84>
 e0956b8:	d2800000 	mov	x0, #0x0                   	// #0
 e0956bc:	d63f0020 	blr	x1
 e0956c0:	2a0003f3 	mov	w19, w0
 e0956c4:	35000200 	cbnz	w0, e095704 <psci_do_cpu_off+0xc0>
 e0956c8:	9100c3e2 	add	x2, sp, #0x30
 e0956cc:	2a1403e1 	mov	w1, w20
 e0956d0:	2a1503e0 	mov	w0, w21
 e0956d4:	94000029 	bl	e095778 <psci_do_state_coordination>
 e0956d8:	2a1403e1 	mov	w1, w20
 e0956dc:	9100c3e2 	add	x2, sp, #0x30
 e0956e0:	2a1503e0 	mov	w0, w21
 e0956e4:	9400024c 	bl	e096014 <psci_set_target_local_pwr_states>
 e0956e8:	9100c3e0 	add	x0, sp, #0x30
 e0956ec:	94000066 	bl	e095884 <psci_find_max_off_lvl>
 e0956f0:	940001e9 	bl	e095e94 <psci_pwrdown_cpu_start>
 e0956f4:	f944d2c0 	ldr	x0, [x22, #2464]
 e0956f8:	f9400801 	ldr	x1, [x0, #16]
 e0956fc:	9100c3e0 	add	x0, sp, #0x30
 e095700:	d63f0020 	blr	x1
 e095704:	9100e3e1 	add	x1, sp, #0x38
 e095708:	2a1403e0 	mov	w0, w20
 e09570c:	940001f4 	bl	e095edc <psci_release_pwr_domain_locks>
 e095710:	350002b3 	cbnz	w19, e095764 <psci_do_cpu_off+0x120>
 e095714:	f0000140 	adrp	x0, e0c0000 <warmboot_ep_info+0x650>
 e095718:	91240000 	add	x0, x0, #0x900
 e09571c:	97fffc0b 	bl	e094748 <per_cpu_cur_compute>
 e095720:	52800021 	mov	w1, #0x1                   	// #1
 e095724:	b9002001 	str	w1, [x0, #32]
 e095728:	f944d2c0 	ldr	x0, [x22, #2464]
 e09572c:	f9402401 	ldr	x1, [x0, #72]
 e095730:	b4000061 	cbz	x1, e09573c <psci_do_cpu_off+0xf8>
 e095734:	9100c3e0 	add	x0, sp, #0x30
 e095738:	d63f0020 	blr	x1
 e09573c:	940001b4 	bl	e095e0c <psci_pwrdown_cpu_end_terminal>
 e095740:	90000040 	adrp	x0, e09d000 <qemu_pm_idle_states+0x3fc>
 e095744:	52800721 	mov	w1, #0x39                  	// #57
 e095748:	91109000 	add	x0, x0, #0x424
 e09574c:	97ffeac3 	bl	e090258 <__assert>
 e095750:	9100c3e0 	add	x0, sp, #0x30
 e095754:	d63f0020 	blr	x1
 e095758:	2a0003f3 	mov	w19, w0
 e09575c:	31000c1f 	cmn	w0, #0x3
 e095760:	54fff941 	b.ne	e095688 <psci_do_cpu_off+0x44>  // b.any
 e095764:	a9425bf5 	ldp	x21, x22, [sp, #32]
 e095768:	2a1303e0 	mov	w0, w19
 e09576c:	a94153f3 	ldp	x19, x20, [sp, #16]
 e095770:	a8c47bfd 	ldp	x29, x30, [sp], #64
 e095774:	d65f03c0 	ret

000000000e095778 <psci_do_state_coordination>:
 e095778:	a9bd7bfd 	stp	x29, x30, [sp, #-48]!
 e09577c:	910003fd 	mov	x29, sp
 e095780:	a90153f3 	stp	x19, x20, [sp, #16]
 e095784:	a9025bf5 	stp	x21, x22, [sp, #32]
 e095788:	7100043f 	cmp	w1, #0x1
 e09578c:	540000a9 	b.ls	e0957a0 <psci_do_state_coordination+0x28>  // b.plast
 e095790:	90000040 	adrp	x0, e09d000 <qemu_pm_idle_states+0x3fc>
 e095794:	528048c1 	mov	w1, #0x246                 	// #582
 e095798:	9109bc00 	add	x0, x0, #0x26f
 e09579c:	97ffeaaf 	bl	e090258 <__assert>
 e0957a0:	2a0003f6 	mov	w22, w0
 e0957a4:	2a0103f5 	mov	w21, w1
 e0957a8:	aa0203f3 	mov	x19, x2
 e0957ac:	f0000141 	adrp	x1, e0c0000 <warmboot_ep_info+0x650>
 e0957b0:	91300021 	add	x1, x1, #0xc00
 e0957b4:	97fffbd9 	bl	e094718 <per_cpu_by_index_compute>
 e0957b8:	b9400814 	ldr	w20, [x0, #8]
 e0957bc:	340002b5 	cbz	w21, e095810 <psci_do_state_coordination+0x98>
 e0957c0:	39400662 	ldrb	w2, [x19, #1]
 e0957c4:	2a1603e1 	mov	w1, w22
 e0957c8:	52800020 	mov	w0, #0x1                   	// #1
 e0957cc:	94000200 	bl	e095fcc <psci_set_req_local_pwr_state>
 e0957d0:	d37c7e82 	ubfiz	x2, x20, #4, #32
 e0957d4:	f0000140 	adrp	x0, e0c0000 <warmboot_ep_info+0x650>
 e0957d8:	911f6000 	add	x0, x0, #0x7d8
 e0957dc:	f0000141 	adrp	x1, e0c0000 <warmboot_ep_info+0x650>
 e0957e0:	b947f824 	ldr	w4, [x1, #2040]
 e0957e4:	f0000141 	adrp	x1, e0c0000 <warmboot_ep_info+0x650>
 e0957e8:	b8626803 	ldr	w3, [x0, x2]
 e0957ec:	8b020000 	add	x0, x0, x2
 e0957f0:	91220021 	add	x1, x1, #0x880
 e0957f4:	6b04007f 	cmp	w3, w4
 e0957f8:	b9400402 	ldr	w2, [x0, #4]
 e0957fc:	8b234021 	add	x1, x1, w3, uxtw
 e095800:	9a9f3021 	csel	x1, x1, xzr, cc	// cc = lo, ul, last
 e095804:	52800020 	mov	w0, #0x1                   	// #1
 e095808:	97fffc55 	bl	e09495c <plat_get_target_pwr_state>
 e09580c:	39000660 	strb	w0, [x19, #1]
 e095810:	a94153f3 	ldp	x19, x20, [sp, #16]
 e095814:	a9425bf5 	ldp	x21, x22, [sp, #32]
 e095818:	a8c37bfd 	ldp	x29, x30, [sp], #48
 e09581c:	d65f03c0 	ret

000000000e095820 <psci_features>:
 e095820:	52b00001 	mov	w1, #0x80000000            	// #-2147483648
 e095824:	6b01001f 	cmp	w0, w1
 e095828:	54000260 	b.eq	e095874 <psci_features+0x54>  // b.none
 e09582c:	f0000141 	adrp	x1, e0c0000 <warmboot_ep_info+0x650>
 e095830:	b947fc21 	ldr	w1, [x1, #2044]
 e095834:	36f00080 	tbz	w0, #30, e095844 <psci_features+0x24>
 e095838:	528c1742 	mov	w2, #0x60ba                	// #24762
 e09583c:	72a002e2 	movk	w2, #0x17, lsl #16
 e095840:	0a020021 	and	w1, w1, w2
 e095844:	12081403 	and	w3, w0, #0x3f000000
 e095848:	52a08002 	mov	w2, #0x4000000             	// #67108864
 e09584c:	6b02007f 	cmp	w3, w2
 e095850:	54000161 	b.ne	e09587c <psci_features+0x5c>  // b.any
 e095854:	531f7c02 	lsr	w2, w0, #31
 e095858:	36f80120 	tbz	w0, #31, e09587c <psci_features+0x5c>
 e09585c:	721b481f 	tst	w0, #0xffffe0
 e095860:	540000e1 	b.ne	e09587c <psci_features+0x5c>  // b.any
 e095864:	1ac02040 	lsl	w0, w2, w0
 e095868:	6a01001f 	tst	w0, w1
 e09586c:	5a9f13e0 	csetm	w0, eq	// eq = none
 e095870:	d65f03c0 	ret
 e095874:	52800000 	mov	w0, #0x0                   	// #0
 e095878:	17fffffe 	b	e095870 <psci_features+0x50>
 e09587c:	12800000 	mov	w0, #0xffffffff            	// #-1
 e095880:	17fffffc 	b	e095870 <psci_features+0x50>

000000000e095884 <psci_find_max_off_lvl>:
 e095884:	39400401 	ldrb	w1, [x0, #1]
 e095888:	7100083f 	cmp	w1, #0x2
 e09588c:	540000e0 	b.eq	e0958a8 <psci_find_max_off_lvl+0x24>  // b.none
 e095890:	39400001 	ldrb	w1, [x0]
 e095894:	52800040 	mov	w0, #0x2                   	// #2
 e095898:	6b00003f 	cmp	w1, w0
 e09589c:	54000041 	b.ne	e0958a4 <psci_find_max_off_lvl+0x20>  // b.any
 e0958a0:	52800000 	mov	w0, #0x0                   	// #0
 e0958a4:	d65f03c0 	ret
 e0958a8:	52800020 	mov	w0, #0x1                   	// #1
 e0958ac:	17fffffe 	b	e0958a4 <psci_find_max_off_lvl+0x20>

000000000e0958b0 <psci_find_target_suspend_lvl>:
 e0958b0:	39400401 	ldrb	w1, [x0, #1]
 e0958b4:	350000c1 	cbnz	w1, e0958cc <psci_find_target_suspend_lvl+0x1c>
 e0958b8:	39400001 	ldrb	w1, [x0]
 e0958bc:	52800040 	mov	w0, #0x2                   	// #2
 e0958c0:	34000041 	cbz	w1, e0958c8 <psci_find_target_suspend_lvl+0x18>
 e0958c4:	52800000 	mov	w0, #0x0                   	// #0
 e0958c8:	d65f03c0 	ret
 e0958cc:	52800020 	mov	w0, #0x1                   	// #1
 e0958d0:	17fffffe 	b	e0958c8 <psci_find_target_suspend_lvl+0x18>

000000000e0958d4 <psci_get_parent_pwr_domain_nodes>:
 e0958d4:	a9be7bfd 	stp	x29, x30, [sp, #-32]!
 e0958d8:	910003fd 	mov	x29, sp
 e0958dc:	a90153f3 	stp	x19, x20, [sp, #16]
 e0958e0:	aa0203f3 	mov	x19, x2
 e0958e4:	2a0103f4 	mov	w20, w1
 e0958e8:	f0000141 	adrp	x1, e0c0000 <warmboot_ep_info+0x650>
 e0958ec:	91300021 	add	x1, x1, #0xc00
 e0958f0:	97fffb8a 	bl	e094718 <per_cpu_by_index_compute>
 e0958f4:	b9400800 	ldr	w0, [x0, #8]
 e0958f8:	f0000141 	adrp	x1, e0c0000 <warmboot_ep_info+0x650>
 e0958fc:	d1001273 	sub	x19, x19, #0x4
 e095900:	911f6021 	add	x1, x1, #0x7d8
 e095904:	d2800002 	mov	x2, #0x0                   	// #0
 e095908:	91000442 	add	x2, x2, #0x1
 e09590c:	6b02029f 	cmp	w20, w2
 e095910:	54000082 	b.cs	e095920 <psci_get_parent_pwr_domain_nodes+0x4c>  // b.hs, b.nlast
 e095914:	a94153f3 	ldp	x19, x20, [sp, #16]
 e095918:	a8c27bfd 	ldp	x29, x30, [sp], #32
 e09591c:	d65f03c0 	ret
 e095920:	b8227a60 	str	w0, [x19, x2, lsl #2]
 e095924:	8b205020 	add	x0, x1, w0, uxtw #4
 e095928:	b9400800 	ldr	w0, [x0, #8]
 e09592c:	17fffff7 	b	e095908 <psci_get_parent_pwr_domain_nodes+0x34>

000000000e095930 <psci_get_target_local_pwr_states>:
 e095930:	a9bd7bfd 	stp	x29, x30, [sp, #-48]!
 e095934:	910003fd 	mov	x29, sp
 e095938:	a90153f3 	stp	x19, x20, [sp, #16]
 e09593c:	aa0203f3 	mov	x19, x2
 e095940:	2a0103f4 	mov	w20, w1
 e095944:	f90013f5 	str	x21, [sp, #32]
 e095948:	2a0003f5 	mov	w21, w0
 e09594c:	f0000140 	adrp	x0, e0c0000 <warmboot_ep_info+0x650>
 e095950:	91240000 	add	x0, x0, #0x900
 e095954:	97fffb7d 	bl	e094748 <per_cpu_cur_compute>
 e095958:	3940a000 	ldrb	w0, [x0, #40]
 e09595c:	39000260 	strb	w0, [x19]
 e095960:	f0000141 	adrp	x1, e0c0000 <warmboot_ep_info+0x650>
 e095964:	2a1503e0 	mov	w0, w21
 e095968:	91300021 	add	x1, x1, #0xc00
 e09596c:	97fffb6b 	bl	e094718 <per_cpu_by_index_compute>
 e095970:	b9400802 	ldr	w2, [x0, #8]
 e095974:	f0000141 	adrp	x1, e0c0000 <warmboot_ep_info+0x650>
 e095978:	911f6021 	add	x1, x1, #0x7d8
 e09597c:	52800020 	mov	w0, #0x1                   	// #1
 e095980:	6b14001f 	cmp	w0, w20
 e095984:	54000109 	b.ls	e0959a4 <psci_get_target_local_pwr_states+0x74>  // b.plast
 e095988:	7100041f 	cmp	w0, #0x1
 e09598c:	54000041 	b.ne	e095994 <psci_get_target_local_pwr_states+0x64>  // b.any
 e095990:	3900067f 	strb	wzr, [x19, #1]
 e095994:	a94153f3 	ldp	x19, x20, [sp, #16]
 e095998:	f94013f5 	ldr	x21, [sp, #32]
 e09599c:	a8c37bfd 	ldp	x29, x30, [sp], #48
 e0959a0:	d65f03c0 	ret
 e0959a4:	8b225022 	add	x2, x1, w2, uxtw #4
 e0959a8:	39403043 	ldrb	w3, [x2, #12]
 e0959ac:	38204a63 	strb	w3, [x19, w0, uxtw]
 e0959b0:	11000400 	add	w0, w0, #0x1
 e0959b4:	b9400842 	ldr	w2, [x2, #8]
 e0959b8:	17fffff2 	b	e095980 <psci_get_target_local_pwr_states+0x50>

000000000e0959bc <psci_init_req_local_pwr_states>:
 e0959bc:	f0000140 	adrp	x0, e0c0000 <warmboot_ep_info+0x650>
 e0959c0:	f0000141 	adrp	x1, e0c0000 <warmboot_ep_info+0x650>
 e0959c4:	91220021 	add	x1, x1, #0x880
 e0959c8:	52800043 	mov	w3, #0x2                   	// #2
 e0959cc:	b947f802 	ldr	w2, [x0, #2040]
 e0959d0:	d2800000 	mov	x0, #0x0                   	// #0
 e0959d4:	6b00005f 	cmp	w2, w0
 e0959d8:	54000048 	b.hi	e0959e0 <psci_init_req_local_pwr_states+0x24>  // b.pmore
 e0959dc:	d65f03c0 	ret
 e0959e0:	38206823 	strb	w3, [x1, x0]
 e0959e4:	91000400 	add	x0, x0, #0x1
 e0959e8:	17fffffb 	b	e0959d4 <psci_init_req_local_pwr_states+0x18>

000000000e0959ec <psci_is_last_on_cpu>:
 e0959ec:	a9bd7bfd 	stp	x29, x30, [sp, #-48]!
 e0959f0:	910003fd 	mov	x29, sp
 e0959f4:	a90153f3 	stp	x19, x20, [sp, #16]
 e0959f8:	2a0003f4 	mov	w20, w0
 e0959fc:	f0000140 	adrp	x0, e0c0000 <warmboot_ep_info+0x650>
 e095a00:	a9025bf5 	stp	x21, x22, [sp, #32]
 e095a04:	f0000155 	adrp	x21, e0c0000 <warmboot_ep_info+0x650>
 e095a08:	b947f816 	ldr	w22, [x0, #2040]
 e095a0c:	912402b5 	add	x21, x21, #0x900
 e095a10:	52800013 	mov	w19, #0x0                   	// #0
 e095a14:	6b1302df 	cmp	w22, w19
 e095a18:	54000061 	b.ne	e095a24 <psci_is_last_on_cpu+0x38>  // b.any
 e095a1c:	52800020 	mov	w0, #0x1                   	// #1
 e095a20:	14000019 	b	e095a84 <psci_is_last_on_cpu+0x98>
 e095a24:	6b14027f 	cmp	w19, w20
 e095a28:	54000121 	b.ne	e095a4c <psci_is_last_on_cpu+0x60>  // b.any
 e095a2c:	aa1503e0 	mov	x0, x21
 e095a30:	97fffb46 	bl	e094748 <per_cpu_cur_compute>
 e095a34:	b9402000 	ldr	w0, [x0, #32]
 e095a38:	340002e0 	cbz	w0, e095a94 <psci_is_last_on_cpu+0xa8>
 e095a3c:	90000040 	adrp	x0, e09d000 <qemu_pm_idle_states+0x3fc>
 e095a40:	52801bc1 	mov	w1, #0xde                  	// #222
 e095a44:	9109bc00 	add	x0, x0, #0x26f
 e095a48:	97ffea04 	bl	e090258 <__assert>
 e095a4c:	aa1503e1 	mov	x1, x21
 e095a50:	2a1303e0 	mov	w0, w19
 e095a54:	97fffb31 	bl	e094718 <per_cpu_by_index_compute>
 e095a58:	b9402000 	ldr	w0, [x0, #32]
 e095a5c:	7100041f 	cmp	w0, #0x1
 e095a60:	540001a0 	b.eq	e095a94 <psci_is_last_on_cpu+0xa8>  // b.none
 e095a64:	2a1403e2 	mov	w2, w20
 e095a68:	2a1303e1 	mov	w1, w19
 e095a6c:	90000043 	adrp	x3, e09d000 <qemu_pm_idle_states+0x3fc>
 e095a70:	90000040 	adrp	x0, e09d000 <qemu_pm_idle_states+0x3fc>
 e095a74:	910a1863 	add	x3, x3, #0x286
 e095a78:	910a7000 	add	x0, x0, #0x29c
 e095a7c:	94000632 	bl	e097344 <tf_log>
 e095a80:	52800000 	mov	w0, #0x0                   	// #0
 e095a84:	a94153f3 	ldp	x19, x20, [sp, #16]
 e095a88:	a9425bf5 	ldp	x21, x22, [sp, #32]
 e095a8c:	a8c37bfd 	ldp	x29, x30, [sp], #48
 e095a90:	d65f03c0 	ret
 e095a94:	11000673 	add	w19, w19, #0x1
 e095a98:	17ffffdf 	b	e095a14 <psci_is_last_on_cpu+0x28>

000000000e095a9c <psci_mem_chk_range>:
 e095a9c:	a9bf7bfd 	stp	x29, x30, [sp, #-16]!
 e095aa0:	d0000144 	adrp	x4, e0bf000 <__STACKS_START__+0x1f740>
 e095aa4:	910003fd 	mov	x29, sp
 e095aa8:	f944d084 	ldr	x4, [x4, #2464]
 e095aac:	f9404884 	ldr	x4, [x4, #144]
 e095ab0:	b50000a4 	cbnz	x4, e095ac4 <psci_mem_chk_range+0x28>
 e095ab4:	90000040 	adrp	x0, e09d000 <qemu_pm_idle_states+0x3fc>
 e095ab8:	52800461 	mov	w1, #0x23                  	// #35
 e095abc:	91102000 	add	x0, x0, #0x408
 e095ac0:	97ffe9e6 	bl	e090258 <__assert>
 e095ac4:	b4000081 	cbz	x1, e095ad4 <psci_mem_chk_range+0x38>
 e095ac8:	cb0103e2 	neg	x2, x1
 e095acc:	eb00005f 	cmp	x2, x0
 e095ad0:	54000082 	b.cs	e095ae0 <psci_mem_chk_range+0x44>  // b.hs, b.nlast
 e095ad4:	92800040 	mov	x0, #0xfffffffffffffffd    	// #-3
 e095ad8:	a8c17bfd 	ldp	x29, x30, [sp], #16
 e095adc:	d65f03c0 	ret
 e095ae0:	d63f0080 	blr	x4
 e095ae4:	37ffff80 	tbnz	w0, #31, e095ad4 <psci_mem_chk_range+0x38>
 e095ae8:	d2800000 	mov	x0, #0x0                   	// #0
 e095aec:	17fffffb 	b	e095ad8 <psci_mem_chk_range+0x3c>

000000000e095af0 <psci_mem_protect>:
 e095af0:	a9bd7bfd 	stp	x29, x30, [sp, #-48]!
 e095af4:	910003fd 	mov	x29, sp
 e095af8:	a90153f3 	stp	x19, x20, [sp, #16]
 e095afc:	d0000154 	adrp	x20, e0bf000 <__STACKS_START__+0x1f740>
 e095b00:	2a0003f3 	mov	w19, w0
 e095b04:	f944d280 	ldr	x0, [x20, #2464]
 e095b08:	b9002fff 	str	wzr, [sp, #44]
 e095b0c:	f9404c01 	ldr	x1, [x0, #152]
 e095b10:	b50000a1 	cbnz	x1, e095b24 <psci_mem_protect+0x34>
 e095b14:	52800241 	mov	w1, #0x12                  	// #18
 e095b18:	90000040 	adrp	x0, e09d000 <qemu_pm_idle_states+0x3fc>
 e095b1c:	91102000 	add	x0, x0, #0x408
 e095b20:	97ffe9ce 	bl	e090258 <__assert>
 e095b24:	f9405000 	ldr	x0, [x0, #160]
 e095b28:	b5000060 	cbnz	x0, e095b34 <psci_mem_protect+0x44>
 e095b2c:	52800261 	mov	w1, #0x13                  	// #19
 e095b30:	17fffffa 	b	e095b18 <psci_mem_protect+0x28>
 e095b34:	9100b3e0 	add	x0, sp, #0x2c
 e095b38:	d63f0020 	blr	x1
 e095b3c:	36f800a0 	tbz	w0, #31, e095b50 <psci_mem_protect+0x60>
 e095b40:	92800000 	mov	x0, #0xffffffffffffffff    	// #-1
 e095b44:	a94153f3 	ldp	x19, x20, [sp, #16]
 e095b48:	a8c37bfd 	ldp	x29, x30, [sp], #48
 e095b4c:	d65f03c0 	ret
 e095b50:	f944d280 	ldr	x0, [x20, #2464]
 e095b54:	f9405001 	ldr	x1, [x0, #160]
 e095b58:	2a1303e0 	mov	w0, w19
 e095b5c:	d63f0020 	blr	x1
 e095b60:	37ffff00 	tbnz	w0, #31, e095b40 <psci_mem_protect+0x50>
 e095b64:	b9402fe0 	ldr	w0, [sp, #44]
 e095b68:	7100001f 	cmp	w0, #0x0
 e095b6c:	9a9f07e0 	cset	x0, ne	// ne = any
 e095b70:	17fffff5 	b	e095b44 <psci_mem_protect+0x54>

000000000e095b74 <psci_migrate>:
 e095b74:	a9bd7bfd 	stp	x29, x30, [sp, #-48]!
 e095b78:	910003fd 	mov	x29, sp
 e095b7c:	f9000bf3 	str	x19, [sp, #16]
 e095b80:	aa0003f3 	mov	x19, x0
 e095b84:	f90017ff 	str	xzr, [sp, #40]
 e095b88:	97fff9e4 	bl	e094318 <is_valid_mpidr>
 e095b8c:	36000440 	tbz	w0, #0, e095c14 <psci_migrate+0xa0>
 e095b90:	9100a3e0 	add	x0, sp, #0x28
 e095b94:	94000293 	bl	e0965e0 <psci_spd_migrate_info>
 e095b98:	340000e0 	cbz	w0, e095bb4 <psci_migrate+0x40>
 e095b9c:	7100041f 	cmp	w0, #0x1
 e095ba0:	12800040 	mov	w0, #0xfffffffd            	// #-3
 e095ba4:	5a9f0000 	csinv	w0, w0, wzr, eq	// eq = none
 e095ba8:	f9400bf3 	ldr	x19, [sp, #16]
 e095bac:	a8c37bfd 	ldp	x29, x30, [sp], #48
 e095bb0:	d65f03c0 	ret
 e095bb4:	d53800a0 	mrs	x0, mpidr_el1
 e095bb8:	f94017e1 	ldr	x1, [sp, #40]
 e095bbc:	eb00003f 	cmp	x1, x0
 e095bc0:	540002e1 	b.ne	e095c1c <psci_migrate+0xa8>  // b.any
 e095bc4:	aa1303e0 	mov	x0, x19
 e095bc8:	97fff9d4 	bl	e094318 <is_valid_mpidr>
 e095bcc:	36000240 	tbz	w0, #0, e095c14 <psci_migrate+0xa0>
 e095bd0:	d0000140 	adrp	x0, e0bf000 <__STACKS_START__+0x1f740>
 e095bd4:	f944d400 	ldr	x0, [x0, #2472]
 e095bd8:	b4000060 	cbz	x0, e095be4 <psci_migrate+0x70>
 e095bdc:	f9401402 	ldr	x2, [x0, #40]
 e095be0:	b50000a2 	cbnz	x2, e095bf4 <psci_migrate+0x80>
 e095be4:	528026a1 	mov	w1, #0x135                 	// #309
 e095be8:	90000040 	adrp	x0, e09d000 <qemu_pm_idle_states+0x3fc>
 e095bec:	910e8000 	add	x0, x0, #0x3a0
 e095bf0:	97ffe99a 	bl	e090258 <__assert>
 e095bf4:	d53800a0 	mrs	x0, mpidr_el1
 e095bf8:	aa1303e1 	mov	x1, x19
 e095bfc:	d63f0040 	blr	x2
 e095c00:	7100001f 	cmp	w0, #0x0
 e095c04:	3a461804 	ccmn	w0, #0x6, #0x4, ne	// ne = any
 e095c08:	54fffd00 	b.eq	e095ba8 <psci_migrate+0x34>  // b.none
 e095c0c:	52802701 	mov	w1, #0x138                 	// #312
 e095c10:	17fffff6 	b	e095be8 <psci_migrate+0x74>
 e095c14:	12800020 	mov	w0, #0xfffffffe            	// #-2
 e095c18:	17ffffe4 	b	e095ba8 <psci_migrate+0x34>
 e095c1c:	128000c0 	mov	w0, #0xfffffff9            	// #-7
 e095c20:	17ffffe2 	b	e095ba8 <psci_migrate+0x34>

000000000e095c24 <psci_migrate_info_type>:
 e095c24:	a9be7bfd 	stp	x29, x30, [sp, #-32]!
 e095c28:	910003fd 	mov	x29, sp
 e095c2c:	910063e0 	add	x0, sp, #0x18
 e095c30:	f9000fff 	str	xzr, [sp, #24]
 e095c34:	9400026b 	bl	e0965e0 <psci_spd_migrate_info>
 e095c38:	a8c27bfd 	ldp	x29, x30, [sp], #32
 e095c3c:	d65f03c0 	ret

000000000e095c40 <psci_migrate_info_up_cpu>:
 e095c40:	a9be7bfd 	stp	x29, x30, [sp, #-32]!
 e095c44:	910003fd 	mov	x29, sp
 e095c48:	910063e0 	add	x0, sp, #0x18
 e095c4c:	f9000fff 	str	xzr, [sp, #24]
 e095c50:	94000264 	bl	e0965e0 <psci_spd_migrate_info>
 e095c54:	7100041f 	cmp	w0, #0x1
 e095c58:	f9400fe1 	ldr	x1, [sp, #24]
 e095c5c:	92800020 	mov	x0, #0xfffffffffffffffe    	// #-2
 e095c60:	a8c27bfd 	ldp	x29, x30, [sp], #32
 e095c64:	9a809020 	csel	x0, x1, x0, ls	// ls = plast
 e095c68:	d65f03c0 	ret

000000000e095c6c <psci_node_hw_state>:
 e095c6c:	a9be7bfd 	stp	x29, x30, [sp, #-32]!
 e095c70:	910003fd 	mov	x29, sp
 e095c74:	a90153f3 	stp	x19, x20, [sp, #16]
 e095c78:	aa0003f4 	mov	x20, x0
 e095c7c:	2a0103f3 	mov	w19, w1
 e095c80:	97fff9a6 	bl	e094318 <is_valid_mpidr>
 e095c84:	360002a0 	tbz	w0, #0, e095cd8 <psci_node_hw_state+0x6c>
 e095c88:	7100067f 	cmp	w19, #0x1
 e095c8c:	54000268 	b.hi	e095cd8 <psci_node_hw_state+0x6c>  // b.pmore
 e095c90:	d0000140 	adrp	x0, e0bf000 <__STACKS_START__+0x1f740>
 e095c94:	f944d000 	ldr	x0, [x0, #2464]
 e095c98:	f9404402 	ldr	x2, [x0, #136]
 e095c9c:	b50000a2 	cbnz	x2, e095cb0 <psci_node_hw_state+0x44>
 e095ca0:	52802d01 	mov	w1, #0x168                 	// #360
 e095ca4:	90000040 	adrp	x0, e09d000 <qemu_pm_idle_states+0x3fc>
 e095ca8:	910e8000 	add	x0, x0, #0x3a0
 e095cac:	97ffe96b 	bl	e090258 <__assert>
 e095cb0:	2a1303e1 	mov	w1, w19
 e095cb4:	aa1403e0 	mov	x0, x20
 e095cb8:	d63f0040 	blr	x2
 e095cbc:	11000401 	add	w1, w0, #0x1
 e095cc0:	71000c3f 	cmp	w1, #0x3
 e095cc4:	540000c9 	b.ls	e095cdc <psci_node_hw_state+0x70>  // b.plast
 e095cc8:	3100081f 	cmn	w0, #0x2
 e095ccc:	54000060 	b.eq	e095cd8 <psci_node_hw_state+0x6c>  // b.none
 e095cd0:	52802d41 	mov	w1, #0x16a                 	// #362
 e095cd4:	17fffff4 	b	e095ca4 <psci_node_hw_state+0x38>
 e095cd8:	12800020 	mov	w0, #0xfffffffe            	// #-2
 e095cdc:	a94153f3 	ldp	x19, x20, [sp, #16]
 e095ce0:	a8c27bfd 	ldp	x29, x30, [sp], #32
 e095ce4:	d65f03c0 	ret

000000000e095ce8 <psci_print_power_domain_map>:
 e095ce8:	a9bc7bfd 	stp	x29, x30, [sp, #-64]!
 e095cec:	90000040 	adrp	x0, e09d000 <qemu_pm_idle_states+0x3fc>
 e095cf0:	910b9800 	add	x0, x0, #0x2e6
 e095cf4:	910003fd 	mov	x29, sp
 e095cf8:	a90153f3 	stp	x19, x20, [sp, #16]
 e095cfc:	f0000153 	adrp	x19, e0c0000 <warmboot_ep_info+0x650>
 e095d00:	911f6273 	add	x19, x19, #0x7d8
 e095d04:	a9025bf5 	stp	x21, x22, [sp, #32]
 e095d08:	f0000155 	adrp	x21, e0c0000 <warmboot_ep_info+0x650>
 e095d0c:	f0000036 	adrp	x22, e09c000 <__TEXT_END_UNALIGNED__>
 e095d10:	911fe2b5 	add	x21, x21, #0x7f8
 e095d14:	910102d6 	add	x22, x22, #0x40
 e095d18:	52800014 	mov	w20, #0x0                   	// #0
 e095d1c:	a90363f7 	stp	x23, x24, [sp, #48]
 e095d20:	52800457 	mov	w23, #0x22                  	// #34
 e095d24:	94000588 	bl	e097344 <tf_log>
 e095d28:	b94002a0 	ldr	w0, [x21]
 e095d2c:	4b0002e0 	sub	w0, w23, w0
 e095d30:	6b14001f 	cmp	w0, w20
 e095d34:	540001c8 	b.hi	e095d6c <psci_print_power_domain_map+0x84>  // b.pmore
 e095d38:	f0000156 	adrp	x22, e0c0000 <warmboot_ep_info+0x650>
 e095d3c:	f0000157 	adrp	x23, e0c0000 <warmboot_ep_info+0x650>
 e095d40:	912402d6 	add	x22, x22, #0x900
 e095d44:	913002f7 	add	x23, x23, #0xc00
 e095d48:	52800014 	mov	w20, #0x0                   	// #0
 e095d4c:	b94002a0 	ldr	w0, [x21]
 e095d50:	6b14001f 	cmp	w0, w20
 e095d54:	540002c8 	b.hi	e095dac <psci_print_power_domain_map+0xc4>  // b.pmore
 e095d58:	a94153f3 	ldp	x19, x20, [sp, #16]
 e095d5c:	a9425bf5 	ldp	x21, x22, [sp, #32]
 e095d60:	a94363f7 	ldp	x23, x24, [sp, #48]
 e095d64:	a8c47bfd 	ldp	x29, x30, [sp], #64
 e095d68:	d65f03c0 	ret
 e095d6c:	39403264 	ldrb	w4, [x19, #12]
 e095d70:	340001a4 	cbz	w4, e095da4 <psci_print_power_domain_map+0xbc>
 e095d74:	7100049f 	cmp	w4, #0x1
 e095d78:	1a9f07e0 	cset	w0, ne	// ne = any
 e095d7c:	11000400 	add	w0, w0, #0x1
 e095d80:	f8607ac3 	ldr	x3, [x22, x0, lsl #3]
 e095d84:	11000694 	add	w20, w20, #0x1
 e095d88:	39403661 	ldrb	w1, [x19, #13]
 e095d8c:	90000040 	adrp	x0, e09d000 <qemu_pm_idle_states+0x3fc>
 e095d90:	b9400a62 	ldr	w2, [x19, #8]
 e095d94:	910bfc00 	add	x0, x0, #0x2ff
 e095d98:	91004273 	add	x19, x19, #0x10
 e095d9c:	9400056a 	bl	e097344 <tf_log>
 e095da0:	17ffffe2 	b	e095d28 <psci_print_power_domain_map+0x40>
 e095da4:	d2800000 	mov	x0, #0x0                   	// #0
 e095da8:	17fffff6 	b	e095d80 <psci_print_power_domain_map+0x98>
 e095dac:	aa1603e1 	mov	x1, x22
 e095db0:	2a1403e0 	mov	w0, w20
 e095db4:	97fffa59 	bl	e094718 <per_cpu_by_index_compute>
 e095db8:	3940a018 	ldrb	w24, [x0, #40]
 e095dbc:	34000258 	cbz	w24, e095e04 <psci_print_power_domain_map+0x11c>
 e095dc0:	7100071f 	cmp	w24, #0x1
 e095dc4:	1a9f07f3 	cset	w19, ne	// ne = any
 e095dc8:	11000673 	add	w19, w19, #0x1
 e095dcc:	aa1703e1 	mov	x1, x23
 e095dd0:	2a1403e0 	mov	w0, w20
 e095dd4:	97fffa51 	bl	e094718 <per_cpu_by_index_compute>
 e095dd8:	b9400802 	ldr	w2, [x0, #8]
 e095ddc:	f0000021 	adrp	x1, e09c000 <__TEXT_END_UNALIGNED__>
 e095de0:	91010021 	add	x1, x1, #0x40
 e095de4:	2a1803e4 	mov	w4, w24
 e095de8:	11000694 	add	w20, w20, #0x1
 e095dec:	f8737823 	ldr	x3, [x1, x19, lsl #3]
 e095df0:	f9400001 	ldr	x1, [x0]
 e095df4:	90000040 	adrp	x0, e09d000 <qemu_pm_idle_states+0x3fc>
 e095df8:	910cec00 	add	x0, x0, #0x33b
 e095dfc:	94000552 	bl	e097344 <tf_log>
 e095e00:	17ffffd3 	b	e095d4c <psci_print_power_domain_map+0x64>
 e095e04:	d2800013 	mov	x19, #0x0                   	// #0
 e095e08:	17fffff1 	b	e095dcc <psci_print_power_domain_map+0xe4>

000000000e095e0c <psci_pwrdown_cpu_end_terminal>:
 e095e0c:	a9bf7bfd 	stp	x29, x30, [sp, #-16]!
 e095e10:	910003fd 	mov	x29, sp
 e095e14:	d5033f9f 	dsb	sy
 e095e18:	52800400 	mov	w0, #0x20                  	// #32
 e095e1c:	d503207f 	wfi
 e095e20:	71000400 	subs	w0, w0, #0x1
 e095e24:	54ffffc1 	b.ne	e095e1c <psci_pwrdown_cpu_end_terminal+0x10>  // b.any
 e095e28:	90000040 	adrp	x0, e09d000 <qemu_pm_idle_states+0x3fc>
 e095e2c:	910ddc00 	add	x0, x0, #0x377
 e095e30:	94000545 	bl	e097344 <tf_log>
 e095e34:	90000040 	adrp	x0, e09d000 <qemu_pm_idle_states+0x3fc>
 e095e38:	91215800 	add	x0, x0, #0x856
 e095e3c:	97fff0b9 	bl	e092120 <backtrace>
 e095e40:	97fff41f 	bl	e092ebc <console_flush>
 e095e44:	97ffee04 	bl	e091654 <el3_panic>

000000000e095e48 <psci_pwrdown_cpu_end_wakeup>:
 e095e48:	a9bf7bfd 	stp	x29, x30, [sp, #-16]!
 e095e4c:	910003fd 	mov	x29, sp
 e095e50:	d5033f9f 	dsb	sy
 e095e54:	d503207f 	wfi
 e095e58:	97fff599 	bl	e0934bc <get_cpu_pwr_dwn>
 e095e5c:	d63f0000 	blr	x0
 e095e60:	d29a8001 	mov	x1, #0xd400                	// #54272
 e095e64:	f2b57481 	movk	x1, #0xaba4, lsl #16
 e095e68:	f2d49a81 	movk	x1, #0xa4d4, lsl #32
 e095e6c:	f2fff561 	movk	x1, #0xffab, lsl #48
 e095e70:	eb01001f 	cmp	x0, x1
 e095e74:	540000c0 	b.eq	e095e8c <psci_pwrdown_cpu_end_wakeup+0x44>  // b.none
 e095e78:	90000040 	adrp	x0, e09d000 <qemu_pm_idle_states+0x3fc>
 e095e7c:	91210c00 	add	x0, x0, #0x843
 e095e80:	97fff0a8 	bl	e092120 <backtrace>
 e095e84:	97fff40e 	bl	e092ebc <console_flush>
 e095e88:	97ffedf3 	bl	e091654 <el3_panic>
 e095e8c:	a8c17bfd 	ldp	x29, x30, [sp], #16
 e095e90:	d65f03c0 	ret

000000000e095e94 <psci_pwrdown_cpu_start>:
 e095e94:	a9bf7bfd 	stp	x29, x30, [sp, #-16]!
 e095e98:	910003fd 	mov	x29, sp
 e095e9c:	97fff588 	bl	e0934bc <get_cpu_pwr_dwn>
 e095ea0:	aa0003f0 	mov	x16, x0
 e095ea4:	a8c17bfd 	ldp	x29, x30, [sp], #16
 e095ea8:	d61f0200 	br	x16

000000000e095eac <psci_query_sys_suspend_pwrstate>:
 e095eac:	d0000141 	adrp	x1, e0bf000 <__STACKS_START__+0x1f740>
 e095eb0:	f944d021 	ldr	x1, [x1, #2464]
 e095eb4:	f9403821 	ldr	x1, [x1, #112]
 e095eb8:	b50000e1 	cbnz	x1, e095ed4 <psci_query_sys_suspend_pwrstate+0x28>
 e095ebc:	a9bf7bfd 	stp	x29, x30, [sp, #-16]!
 e095ec0:	90000040 	adrp	x0, e09d000 <qemu_pm_idle_states+0x3fc>
 e095ec4:	52801441 	mov	w1, #0xa2                  	// #162
 e095ec8:	910003fd 	mov	x29, sp
 e095ecc:	9109bc00 	add	x0, x0, #0x26f
 e095ed0:	97ffe8e2 	bl	e090258 <__assert>
 e095ed4:	aa0103f0 	mov	x16, x1
 e095ed8:	d61f0200 	br	x16

000000000e095edc <psci_release_pwr_domain_locks>:
 e095edc:	a9bd7bfd 	stp	x29, x30, [sp, #-48]!
 e095ee0:	910003fd 	mov	x29, sp
 e095ee4:	a90153f3 	stp	x19, x20, [sp, #16]
 e095ee8:	2a0003f3 	mov	w19, w0
 e095eec:	aa0103f4 	mov	x20, x1
 e095ef0:	a9025bf5 	stp	x21, x22, [sp, #32]
 e095ef4:	f0000155 	adrp	x21, e0c0000 <warmboot_ep_info+0x650>
 e095ef8:	f0000156 	adrp	x22, e0c0000 <warmboot_ep_info+0x650>
 e095efc:	911f62b5 	add	x21, x21, #0x7d8
 e095f00:	911f42d6 	add	x22, x22, #0x7d0
 e095f04:	350000b3 	cbnz	w19, e095f18 <psci_release_pwr_domain_locks+0x3c>
 e095f08:	a94153f3 	ldp	x19, x20, [sp, #16]
 e095f0c:	a9425bf5 	ldp	x21, x22, [sp, #32]
 e095f10:	a8c37bfd 	ldp	x29, x30, [sp], #48
 e095f14:	d65f03c0 	ret
 e095f18:	51000673 	sub	w19, w19, #0x1
 e095f1c:	b8735a80 	ldr	w0, [x20, w19, uxtw #2]
 e095f20:	8b0012a0 	add	x0, x21, x0, lsl #4
 e095f24:	79401c00 	ldrh	w0, [x0, #14]
 e095f28:	8b000ac0 	add	x0, x22, x0, lsl #2
 e095f2c:	94000494 	bl	e09717c <spin_unlock>
 e095f30:	17fffff5 	b	e095f04 <psci_release_pwr_domain_locks+0x28>

000000000e095f34 <psci_set_pwr_domains_to_run>:
 e095f34:	a9bc7bfd 	stp	x29, x30, [sp, #-64]!
 e095f38:	910003fd 	mov	x29, sp
 e095f3c:	a90153f3 	stp	x19, x20, [sp, #16]
 e095f40:	52800034 	mov	w20, #0x1                   	// #1
 e095f44:	a9025bf5 	stp	x21, x22, [sp, #32]
 e095f48:	2a0003f6 	mov	w22, w0
 e095f4c:	2a0103f5 	mov	w21, w1
 e095f50:	f0000141 	adrp	x1, e0c0000 <warmboot_ep_info+0x650>
 e095f54:	91300021 	add	x1, x1, #0xc00
 e095f58:	f9001bf7 	str	x23, [sp, #48]
 e095f5c:	97fff9ef 	bl	e094718 <per_cpu_by_index_compute>
 e095f60:	b9400813 	ldr	w19, [x0, #8]
 e095f64:	f0000157 	adrp	x23, e0c0000 <warmboot_ep_info+0x650>
 e095f68:	911f62f7 	add	x23, x23, #0x7d8
 e095f6c:	6b15029f 	cmp	w20, w21
 e095f70:	540001c9 	b.ls	e095fa8 <psci_set_pwr_domains_to_run+0x74>  // b.plast
 e095f74:	f0000153 	adrp	x19, e0c0000 <warmboot_ep_info+0x650>
 e095f78:	91240273 	add	x19, x19, #0x900
 e095f7c:	aa1303e0 	mov	x0, x19
 e095f80:	97fff9f2 	bl	e094748 <per_cpu_cur_compute>
 e095f84:	b900201f 	str	wzr, [x0, #32]
 e095f88:	aa1303e0 	mov	x0, x19
 e095f8c:	97fff9ef 	bl	e094748 <per_cpu_cur_compute>
 e095f90:	3900a01f 	strb	wzr, [x0, #40]
 e095f94:	a94153f3 	ldp	x19, x20, [sp, #16]
 e095f98:	a9425bf5 	ldp	x21, x22, [sp, #32]
 e095f9c:	f9401bf7 	ldr	x23, [sp, #48]
 e095fa0:	a8c47bfd 	ldp	x29, x30, [sp], #64
 e095fa4:	d65f03c0 	ret
 e095fa8:	8b3352f3 	add	x19, x23, w19, uxtw #4
 e095fac:	2a1403e0 	mov	w0, w20
 e095fb0:	2a1603e1 	mov	w1, w22
 e095fb4:	52800002 	mov	w2, #0x0                   	// #0
 e095fb8:	11000694 	add	w20, w20, #0x1
 e095fbc:	3900327f 	strb	wzr, [x19, #12]
 e095fc0:	94000003 	bl	e095fcc <psci_set_req_local_pwr_state>
 e095fc4:	b9400a73 	ldr	w19, [x19, #8]
 e095fc8:	17ffffe9 	b	e095f6c <psci_set_pwr_domains_to_run+0x38>

000000000e095fcc <psci_set_req_local_pwr_state>:
 e095fcc:	350000e0 	cbnz	w0, e095fe8 <psci_set_req_local_pwr_state+0x1c>
 e095fd0:	a9bf7bfd 	stp	x29, x30, [sp, #-16]!
 e095fd4:	90000040 	adrp	x0, e09d000 <qemu_pm_idle_states+0x3fc>
 e095fd8:	52802661 	mov	w1, #0x133                 	// #307
 e095fdc:	910003fd 	mov	x29, sp
 e095fe0:	9109bc00 	add	x0, x0, #0x26f
 e095fe4:	97ffe89d 	bl	e090258 <__assert>
 e095fe8:	7100041f 	cmp	w0, #0x1
 e095fec:	54000121 	b.ne	e096010 <psci_set_req_local_pwr_state+0x44>  // b.any
 e095ff0:	f0000140 	adrp	x0, e0c0000 <warmboot_ep_info+0x650>
 e095ff4:	b947f800 	ldr	w0, [x0, #2040]
 e095ff8:	6b01001f 	cmp	w0, w1
 e095ffc:	540000a9 	b.ls	e096010 <psci_set_req_local_pwr_state+0x44>  // b.plast
 e096000:	d0000140 	adrp	x0, e0c0000 <warmboot_ep_info+0x650>
 e096004:	91220000 	add	x0, x0, #0x880
 e096008:	12001c42 	and	w2, w2, #0xff
 e09600c:	38214802 	strb	w2, [x0, w1, uxtw]
 e096010:	d65f03c0 	ret

000000000e096014 <psci_set_target_local_pwr_states>:
 e096014:	a9bd7bfd 	stp	x29, x30, [sp, #-48]!
 e096018:	910003fd 	mov	x29, sp
 e09601c:	a90153f3 	stp	x19, x20, [sp, #16]
 e096020:	2a0103f4 	mov	w20, w1
 e096024:	aa0203f3 	mov	x19, x2
 e096028:	a9025bf5 	stp	x21, x22, [sp, #32]
 e09602c:	2a0003f5 	mov	w21, w0
 e096030:	d0000140 	adrp	x0, e0c0000 <warmboot_ep_info+0x650>
 e096034:	39400056 	ldrb	w22, [x2]
 e096038:	91240000 	add	x0, x0, #0x900
 e09603c:	97fff9c3 	bl	e094748 <per_cpu_cur_compute>
 e096040:	3900a016 	strb	w22, [x0, #40]
 e096044:	d0000141 	adrp	x1, e0c0000 <warmboot_ep_info+0x650>
 e096048:	2a1503e0 	mov	w0, w21
 e09604c:	91300021 	add	x1, x1, #0xc00
 e096050:	97fff9b2 	bl	e094718 <per_cpu_by_index_compute>
 e096054:	b9400800 	ldr	w0, [x0, #8]
 e096058:	d0000141 	adrp	x1, e0c0000 <warmboot_ep_info+0x650>
 e09605c:	911f6021 	add	x1, x1, #0x7d8
 e096060:	52800023 	mov	w3, #0x1                   	// #1
 e096064:	6b14007f 	cmp	w3, w20
 e096068:	540000a9 	b.ls	e09607c <psci_set_target_local_pwr_states+0x68>  // b.plast
 e09606c:	a94153f3 	ldp	x19, x20, [sp, #16]
 e096070:	a9425bf5 	ldp	x21, x22, [sp, #32]
 e096074:	a8c37bfd 	ldp	x29, x30, [sp], #48
 e096078:	d65f03c0 	ret
 e09607c:	8b205020 	add	x0, x1, w0, uxtw #4
 e096080:	38634a62 	ldrb	w2, [x19, w3, uxtw]
 e096084:	11000463 	add	w3, w3, #0x1
 e096088:	39003002 	strb	w2, [x0, #12]
 e09608c:	b9400800 	ldr	w0, [x0, #8]
 e096090:	17fffff5 	b	e096064 <psci_set_target_local_pwr_states+0x50>

000000000e096094 <psci_setup>:
 e096094:	a9b67bfd 	stp	x29, x30, [sp, #-160]!
 e096098:	910003fd 	mov	x29, sp
 e09609c:	a90153f3 	stp	x19, x20, [sp, #16]
 e0960a0:	a9025bf5 	stp	x21, x22, [sp, #32]
 e0960a4:	aa0003f5 	mov	x21, x0
 e0960a8:	a90363f7 	stp	x23, x24, [sp, #48]
 e0960ac:	a9046bf9 	stp	x25, x26, [sp, #64]
 e0960b0:	a90573fb 	stp	x27, x28, [sp, #80]
 e0960b4:	97ffee5c 	bl	e091a24 <plat_my_core_pos>
 e0960b8:	b4000175 	cbz	x21, e0960e4 <psci_setup+0x50>
 e0960bc:	b94002a1 	ldr	w1, [x21]
 e0960c0:	2a0003f8 	mov	w24, w0
 e0960c4:	d28020c0 	mov	x0, #0x106                 	// #262
 e0960c8:	f2a00200 	movk	x0, #0x10, lsl #16
 e0960cc:	eb00003f 	cmp	x1, x0
 e0960d0:	540000a1 	b.ne	e0960e4 <psci_setup+0x50>  // b.any
 e0960d4:	b94006b7 	ldr	w23, [x21, #4]
 e0960d8:	35000077 	cbnz	w23, e0960e4 <psci_setup+0x50>
 e0960dc:	f94006a0 	ldr	x0, [x21, #8]
 e0960e0:	b50000a0 	cbnz	x0, e0960f4 <psci_setup+0x60>
 e0960e4:	52801b21 	mov	w1, #0xd9                  	// #217
 e0960e8:	f0000020 	adrp	x0, e09d000 <qemu_pm_idle_states+0x3fc>
 e0960ec:	91112c00 	add	x0, x0, #0x44b
 e0960f0:	97ffe85a 	bl	e090258 <__assert>
 e0960f4:	97fffb5c 	bl	e094e64 <psci_arch_setup>
 e0960f8:	5280003b 	mov	w27, #0x1                   	// #1
 e0960fc:	97fffa0d 	bl	e094930 <plat_get_power_domain_tree_desc>
 e096100:	d0000159 	adrp	x25, e0c0000 <warmboot_ep_info+0x650>
 e096104:	aa0003e3 	mov	x3, x0
 e096108:	2a1b03e4 	mov	w4, w27
 e09610c:	91300339 	add	x25, x25, #0xc00
 e096110:	52800016 	mov	w22, #0x0                   	// #0
 e096114:	52800013 	mov	w19, #0x0                   	// #0
 e096118:	52800045 	mov	w5, #0x2                   	// #2
 e09611c:	0b160368 	add	w8, w27, w22
 e096120:	d000015a 	adrp	x26, e0c0000 <warmboot_ep_info+0x650>
 e096124:	8b36407c 	add	x28, x3, w22, uxtw
 e096128:	91240341 	add	x1, x26, #0x900
 e09612c:	52800000 	mov	w0, #0x0                   	// #0
 e096130:	5280001b 	mov	w27, #0x0                   	// #0
 e096134:	f90037e1 	str	x1, [sp, #104]
 e096138:	1400000e 	b	e096170 <psci_setup+0xdc>
 e09613c:	71000adf 	cmp	w22, #0x2
 e096140:	54000069 	b.ls	e09614c <psci_setup+0xb8>  // b.plast
 e096144:	52801401 	mov	w1, #0xa0                  	// #160
 e096148:	17ffffe8 	b	e0960e8 <psci_setup+0x54>
 e09614c:	3940039a 	ldrb	w26, [x28]
 e096150:	2a0003f3 	mov	w19, w0
 e096154:	0b000349 	add	w9, w26, w0
 e096158:	6b09027f 	cmp	w19, w9
 e09615c:	54000183 	b.cc	e09618c <psci_setup+0xf8>  // b.lo, b.ul, b.last
 e096160:	0b1a037b 	add	w27, w27, w26
 e096164:	110006d6 	add	w22, w22, #0x1
 e096168:	9100079c 	add	x28, x28, #0x1
 e09616c:	2a1303e0 	mov	w0, w19
 e096170:	6b0802df 	cmp	w22, w8
 e096174:	54fffe41 	b.ne	e09613c <psci_setup+0xa8>  // b.any
 e096178:	52800004 	mov	w4, #0x0                   	// #0
 e09617c:	710004bf 	cmp	w5, #0x1
 e096180:	540007a0 	b.eq	e096274 <psci_setup+0x1e0>  // b.none
 e096184:	52800025 	mov	w5, #0x1                   	// #1
 e096188:	17ffffe5 	b	e09611c <psci_setup+0x88>
 e09618c:	12003e61 	and	w1, w19, #0xffff
 e096190:	510006c7 	sub	w7, w22, #0x1
 e096194:	12003e74 	and	w20, w19, #0xffff
 e096198:	34000224 	cbz	w4, e0961dc <psci_setup+0x148>
 e09619c:	7100043f 	cmp	w1, #0x1
 e0961a0:	54000069 	b.ls	e0961ac <psci_setup+0x118>  // b.plast
 e0961a4:	52800641 	mov	w1, #0x32                  	// #50
 e0961a8:	17ffffd0 	b	e0960e8 <psci_setup+0x54>
 e0961ac:	d0000142 	adrp	x2, e0c0000 <warmboot_ep_info+0x650>
 e0961b0:	911f6042 	add	x2, x2, #0x7d8
 e0961b4:	8b343054 	add	x20, x2, w20, uxth #4
 e0961b8:	8b213042 	add	x2, x2, w1, uxth #4
 e0961bc:	52800020 	mov	w0, #0x1                   	// #1
 e0961c0:	39003680 	strb	w0, [x20, #13]
 e0961c4:	52800040 	mov	w0, #0x2                   	// #2
 e0961c8:	79001c41 	strh	w1, [x2, #14]
 e0961cc:	b9000a87 	str	w7, [x20, #8]
 e0961d0:	39003280 	strb	w0, [x20, #12]
 e0961d4:	11000673 	add	w19, w19, #0x1
 e0961d8:	17ffffe0 	b	e096158 <psci_setup+0xc4>
 e0961dc:	71007c3f 	cmp	w1, #0x1f
 e0961e0:	54000069 	b.ls	e0961ec <psci_setup+0x158>  // b.plast
 e0961e4:	52800781 	mov	w1, #0x3c                  	// #60
 e0961e8:	17ffffc0 	b	e0960e8 <psci_setup+0x54>
 e0961ec:	aa1903e1 	mov	x1, x25
 e0961f0:	2a1403e0 	mov	w0, w20
 e0961f4:	b90077e4 	str	w4, [sp, #116]
 e0961f8:	f9003fe3 	str	x3, [sp, #120]
 e0961fc:	29101fe5 	stp	w5, w7, [sp, #128]
 e096200:	291127e8 	stp	w8, w9, [sp, #136]
 e096204:	97fff945 	bl	e094718 <per_cpu_by_index_compute>
 e096208:	b94087e7 	ldr	w7, [sp, #132]
 e09620c:	aa1903e1 	mov	x1, x25
 e096210:	b9000807 	str	w7, [x0, #8]
 e096214:	2a1403e0 	mov	w0, w20
 e096218:	97fff940 	bl	e094718 <per_cpu_by_index_compute>
 e09621c:	92800001 	mov	x1, #0xffffffffffffffff    	// #-1
 e096220:	f9000001 	str	x1, [x0]
 e096224:	f94037e1 	ldr	x1, [sp, #104]
 e096228:	2a1403e0 	mov	w0, w20
 e09622c:	97fff93b 	bl	e094718 <per_cpu_by_index_compute>
 e096230:	b20003e1 	mov	x1, #0x100000001           	// #4294967297
 e096234:	f8020c01 	str	x1, [x0, #32]!
 e096238:	52800041 	mov	w1, #0x2                   	// #2
 e09623c:	39002001 	strb	w1, [x0, #8]
 e096240:	2a1403e0 	mov	w0, w20
 e096244:	d0000141 	adrp	x1, e0c0000 <warmboot_ep_info+0x650>
 e096248:	91250021 	add	x1, x1, #0x940
 e09624c:	97fff933 	bl	e094718 <per_cpu_by_index_compute>
 e096250:	aa0003e1 	mov	x1, x0
 e096254:	52800022 	mov	w2, #0x1                   	// #1
 e096258:	2a1403e0 	mov	w0, w20
 e09625c:	97fff23c 	bl	e092b4c <cm_set_context_by_index>
 e096260:	f9403fe3 	ldr	x3, [sp, #120]
 e096264:	b94077e4 	ldr	w4, [sp, #116]
 e096268:	b94083e5 	ldr	w5, [sp, #128]
 e09626c:	295127e8 	ldp	w8, w9, [sp, #136]
 e096270:	17ffffd9 	b	e0961d4 <psci_setup+0x140>
 e096274:	7100827f 	cmp	w19, #0x20
 e096278:	54000069 	b.ls	e096284 <psci_setup+0x1f0>  // b.plast
 e09627c:	52801721 	mov	w1, #0xb9                  	// #185
 e096280:	17ffff9a 	b	e0960e8 <psci_setup+0x54>
 e096284:	d0000140 	adrp	x0, e0c0000 <warmboot_ep_info+0x650>
 e096288:	d0000156 	adrp	x22, e0c0000 <warmboot_ep_info+0x650>
 e09628c:	911fe014 	add	x20, x0, #0x7f8
 e096290:	911f62d6 	add	x22, x22, #0x7d8
 e096294:	b907f813 	str	w19, [x0, #2040]
 e096298:	5280001a 	mov	w26, #0x0                   	// #0
 e09629c:	52800013 	mov	w19, #0x0                   	// #0
 e0962a0:	b9009bff 	str	wzr, [sp, #152]
 e0962a4:	b9400299 	ldr	w25, [x20]
 e0962a8:	6b19027f 	cmp	w19, w25
 e0962ac:	54000363 	b.cc	e096318 <psci_setup+0x284>  // b.lo, b.ul, b.last
 e0962b0:	b0000153 	adrp	x19, e0bf000 <__STACKS_START__+0x1f740>
 e0962b4:	d0000154 	adrp	x20, e0c0000 <warmboot_ep_info+0x650>
 e0962b8:	9126c273 	add	x19, x19, #0x9b0
 e0962bc:	91240294 	add	x20, x20, #0x900
 e0962c0:	6b1902ff 	cmp	w23, w25
 e0962c4:	540004c1 	b.ne	e09635c <psci_setup+0x2c8>  // b.any
 e0962c8:	d53800b3 	mrs	x19, mpidr_el1
 e0962cc:	d0000141 	adrp	x1, e0c0000 <warmboot_ep_info+0x650>
 e0962d0:	2a1803e0 	mov	w0, w24
 e0962d4:	91300021 	add	x1, x1, #0xc00
 e0962d8:	97fff910 	bl	e094718 <per_cpu_by_index_compute>
 e0962dc:	92409e61 	and	x1, x19, #0xffffffffff
 e0962e0:	b0000153 	adrp	x19, e0bf000 <__STACKS_START__+0x1f740>
 e0962e4:	9260dc21 	and	x1, x1, #0xffffffff00ffffff
 e0962e8:	f9000001 	str	x1, [x0]
 e0962ec:	97fffdb4 	bl	e0959bc <psci_init_req_local_pwr_states>
 e0962f0:	2a1803e0 	mov	w0, w24
 e0962f4:	52800021 	mov	w1, #0x1                   	// #1
 e0962f8:	97ffff0f 	bl	e095f34 <psci_set_pwr_domains_to_run>
 e0962fc:	f94006a0 	ldr	x0, [x21, #8]
 e096300:	91268261 	add	x1, x19, #0x9a0
 e096304:	97fff9d1 	bl	e094a48 <plat_setup_psci_ops>
 e096308:	f944d261 	ldr	x1, [x19, #2464]
 e09630c:	b5000361 	cbnz	x1, e096378 <psci_setup+0x2e4>
 e096310:	52801f01 	mov	w1, #0xf8                  	// #248
 e096314:	17ffff75 	b	e0960e8 <psci_setup+0x54>
 e096318:	2a1303e0 	mov	w0, w19
 e09631c:	52800021 	mov	w1, #0x1                   	// #1
 e096320:	910263e2 	add	x2, sp, #0x98
 e096324:	97fffd6c 	bl	e0958d4 <psci_get_parent_pwr_domain_nodes>
 e096328:	b9409be1 	ldr	w1, [sp, #152]
 e09632c:	6b1a003f 	cmp	w1, w26
 e096330:	2a0103e0 	mov	w0, w1
 e096334:	54000060 	b.eq	e096340 <psci_setup+0x2ac>  // b.none
 e096338:	d37cec02 	lsl	x2, x0, #4
 e09633c:	b8226ad3 	str	w19, [x22, x2]
 e096340:	8b0012c0 	add	x0, x22, x0, lsl #4
 e096344:	11000673 	add	w19, w19, #0x1
 e096348:	2a0103fa 	mov	w26, w1
 e09634c:	b9400402 	ldr	w2, [x0, #4]
 e096350:	11000442 	add	w2, w2, #0x1
 e096354:	b9000402 	str	w2, [x0, #4]
 e096358:	17ffffd3 	b	e0962a4 <psci_setup+0x210>
 e09635c:	2a1703e0 	mov	w0, w23
 e096360:	aa1403e1 	mov	x1, x20
 e096364:	110006f7 	add	w23, w23, #0x1
 e096368:	97fff8ec 	bl	e094718 <per_cpu_by_index_compute>
 e09636c:	f9000813 	str	x19, [x0, #16]
 e096370:	91016273 	add	x19, x19, #0x58
 e096374:	17ffffd3 	b	e0962c0 <psci_setup+0x22c>
 e096378:	f9400822 	ldr	x2, [x1, #16]
 e09637c:	52808223 	mov	w3, #0x411                 	// #1041
 e096380:	d0000140 	adrp	x0, e0c0000 <warmboot_ep_info+0x650>
 e096384:	f100005f 	cmp	x2, #0x0
 e096388:	528082a2 	mov	w2, #0x415                 	// #1045
 e09638c:	1a831042 	csel	w2, w2, w3, ne	// ne = any
 e096390:	b907fc02 	str	w2, [x0, #2044]
 e096394:	f9400423 	ldr	x3, [x1, #8]
 e096398:	b40000a3 	cbz	x3, e0963ac <psci_setup+0x318>
 e09639c:	f9401823 	ldr	x3, [x1, #48]
 e0963a0:	b4000063 	cbz	x3, e0963ac <psci_setup+0x318>
 e0963a4:	321d0042 	orr	w2, w2, #0x8
 e0963a8:	b907fc02 	str	w2, [x0, #2044]
 e0963ac:	f9401422 	ldr	x2, [x1, #40]
 e0963b0:	b40001a2 	cbz	x2, e0963e4 <psci_setup+0x350>
 e0963b4:	f9402022 	ldr	x2, [x1, #64]
 e0963b8:	b4000162 	cbz	x2, e0963e4 <psci_setup+0x350>
 e0963bc:	f9403022 	ldr	x2, [x1, #96]
 e0963c0:	b4000082 	cbz	x2, e0963d0 <psci_setup+0x33c>
 e0963c4:	b947fc02 	ldr	w2, [x0, #2044]
 e0963c8:	321f0042 	orr	w2, w2, #0x2
 e0963cc:	b907fc02 	str	w2, [x0, #2044]
 e0963d0:	f9403822 	ldr	x2, [x1, #112]
 e0963d4:	b4000082 	cbz	x2, e0963e4 <psci_setup+0x350>
 e0963d8:	b947fc02 	ldr	w2, [x0, #2044]
 e0963dc:	32120042 	orr	w2, w2, #0x4000
 e0963e0:	b907fc02 	str	w2, [x0, #2044]
 e0963e4:	f9402822 	ldr	x2, [x1, #80]
 e0963e8:	b4000082 	cbz	x2, e0963f8 <psci_setup+0x364>
 e0963ec:	b947fc02 	ldr	w2, [x0, #2044]
 e0963f0:	32180042 	orr	w2, w2, #0x100
 e0963f4:	b907fc02 	str	w2, [x0, #2044]
 e0963f8:	f9402c22 	ldr	x2, [x1, #88]
 e0963fc:	b4000082 	cbz	x2, e09640c <psci_setup+0x378>
 e096400:	b947fc02 	ldr	w2, [x0, #2044]
 e096404:	32170042 	orr	w2, w2, #0x200
 e096408:	b907fc02 	str	w2, [x0, #2044]
 e09640c:	f9404422 	ldr	x2, [x1, #136]
 e096410:	b4000082 	cbz	x2, e096420 <psci_setup+0x38c>
 e096414:	b947fc02 	ldr	w2, [x0, #2044]
 e096418:	32130042 	orr	w2, w2, #0x2000
 e09641c:	b907fc02 	str	w2, [x0, #2044]
 e096420:	f9404c22 	ldr	x2, [x1, #152]
 e096424:	b40000c2 	cbz	x2, e09643c <psci_setup+0x3a8>
 e096428:	f9405022 	ldr	x2, [x1, #160]
 e09642c:	b4000082 	cbz	x2, e09643c <psci_setup+0x3a8>
 e096430:	b947fc02 	ldr	w2, [x0, #2044]
 e096434:	320d0042 	orr	w2, w2, #0x80000
 e096438:	b907fc02 	str	w2, [x0, #2044]
 e09643c:	f9404822 	ldr	x2, [x1, #144]
 e096440:	b4000082 	cbz	x2, e096450 <psci_setup+0x3bc>
 e096444:	b947fc02 	ldr	w2, [x0, #2044]
 e096448:	320c0042 	orr	w2, w2, #0x100000
 e09644c:	b907fc02 	str	w2, [x0, #2044]
 e096450:	f9405421 	ldr	x1, [x1, #168]
 e096454:	b4000081 	cbz	x1, e096464 <psci_setup+0x3d0>
 e096458:	b947fc01 	ldr	w1, [x0, #2044]
 e09645c:	320e0021 	orr	w1, w1, #0x40000
 e096460:	b907fc01 	str	w1, [x0, #2044]
 e096464:	a94153f3 	ldp	x19, x20, [sp, #16]
 e096468:	52800000 	mov	w0, #0x0                   	// #0
 e09646c:	a9425bf5 	ldp	x21, x22, [sp, #32]
 e096470:	a94363f7 	ldp	x23, x24, [sp, #48]
 e096474:	a9446bf9 	ldp	x25, x26, [sp, #64]
 e096478:	a94573fb 	ldp	x27, x28, [sp, #80]
 e09647c:	a8ca7bfd 	ldp	x29, x30, [sp], #160
 e096480:	d65f03c0 	ret

000000000e096484 <psci_smc_handler>:
 e096484:	36000aa7 	tbz	w7, #0, e0965d8 <psci_smc_handler+0x154>
 e096488:	d0000145 	adrp	x5, e0c0000 <warmboot_ep_info+0x650>
 e09648c:	2a0003e4 	mov	w4, w0
 e096490:	aa0103e0 	mov	x0, x1
 e096494:	aa0203e1 	mov	x1, x2
 e096498:	b947fca5 	ldr	w5, [x5, #2044]
 e09649c:	aa0303e2 	mov	x2, x3
 e0964a0:	52800023 	mov	w3, #0x1                   	// #1
 e0964a4:	1ac42063 	lsl	w3, w3, w4
 e0964a8:	6a05007f 	tst	w3, w5
 e0964ac:	54000960 	b.eq	e0965d8 <psci_smc_handler+0x154>  // b.none
 e0964b0:	a9bf7bfd 	stp	x29, x30, [sp, #-16]!
 e0964b4:	910003fd 	mov	x29, sp
 e0964b8:	37f00784 	tbnz	w4, #30, e0965a8 <psci_smc_handler+0x124>
 e0964bc:	52af8003 	mov	w3, #0x7c000000            	// #2080374784
 e0964c0:	0b030083 	add	w3, w4, w3
 e0964c4:	7100507f 	cmp	w3, #0x14
 e0964c8:	54000628 	b.hi	e09658c <psci_smc_handler+0x108>  // b.pmore
 e0964cc:	d0000025 	adrp	x5, e09c000 <__TEXT_END_UNALIGNED__>
 e0964d0:	912e20a5 	add	x5, x5, #0xb88
 e0964d4:	386348a5 	ldrb	w5, [x5, w3, uxtw]
 e0964d8:	10000063 	adr	x3, e0964e4 <psci_smc_handler+0x60>
 e0964dc:	8b258865 	add	x5, x3, w5, sxtb #2
 e0964e0:	d61f00a0 	br	x5
 e0964e4:	97fffa69 	bl	e094e88 <psci_cpu_off>
 e0964e8:	93407c00 	sxtw	x0, w0
 e0964ec:	1400002d 	b	e0965a0 <psci_smc_handler+0x11c>
 e0964f0:	2a0203e2 	mov	w2, w2
 e0964f4:	2a0103e1 	mov	w1, w1
 e0964f8:	97fffb4e 	bl	e095230 <psci_cpu_suspend>
 e0964fc:	17fffffb 	b	e0964e8 <psci_smc_handler+0x64>
 e096500:	2a0203e2 	mov	w2, w2
 e096504:	2a0103e1 	mov	w1, w1
 e096508:	2a0003e0 	mov	w0, w0
 e09650c:	97fffa6b 	bl	e094eb8 <psci_cpu_on>
 e096510:	17fffff6 	b	e0964e8 <psci_smc_handler+0x64>
 e096514:	2a0003e0 	mov	w0, w0
 e096518:	97fffa38 	bl	e094df8 <psci_affinity_info>
 e09651c:	17fffff3 	b	e0964e8 <psci_smc_handler+0x64>
 e096520:	2a0003e0 	mov	w0, w0
 e096524:	97fffd94 	bl	e095b74 <psci_migrate>
 e096528:	17fffff0 	b	e0964e8 <psci_smc_handler+0x64>
 e09652c:	97fffdbe 	bl	e095c24 <psci_migrate_info_type>
 e096530:	17ffffee 	b	e0964e8 <psci_smc_handler+0x64>
 e096534:	a8c17bfd 	ldp	x29, x30, [sp], #16
 e096538:	17fffdc2 	b	e095c40 <psci_migrate_info_up_cpu>
 e09653c:	2a0003e0 	mov	w0, w0
 e096540:	97fffdcb 	bl	e095c6c <psci_node_hw_state>
 e096544:	17ffffe9 	b	e0964e8 <psci_smc_handler+0x64>
 e096548:	2a0103e1 	mov	w1, w1
 e09654c:	2a0003e0 	mov	w0, w0
 e096550:	94000095 	bl	e0967a4 <psci_system_suspend>
 e096554:	17ffffe5 	b	e0964e8 <psci_smc_handler+0x64>
 e096558:	94000035 	bl	e09662c <psci_system_off>
 e09655c:	9400004b 	bl	e096688 <psci_system_reset>
 e096560:	97fffcb0 	bl	e095820 <psci_features>
 e096564:	17ffffe1 	b	e0964e8 <psci_smc_handler+0x64>
 e096568:	a8c17bfd 	ldp	x29, x30, [sp], #16
 e09656c:	17fffd61 	b	e095af0 <psci_mem_protect>
 e096570:	2a0103e1 	mov	w1, w1
 e096574:	2a0003e0 	mov	w0, w0
 e096578:	a8c17bfd 	ldp	x29, x30, [sp], #16
 e09657c:	17fffd48 	b	e095a9c <psci_mem_chk_range>
 e096580:	2a0103e1 	mov	w1, w1
 e096584:	a8c17bfd 	ldp	x29, x30, [sp], #16
 e096588:	14000057 	b	e0966e4 <psci_system_reset2>
 e09658c:	2a0403e1 	mov	w1, w4
 e096590:	f0000020 	adrp	x0, e09d000 <qemu_pm_idle_states+0x3fc>
 e096594:	910fa000 	add	x0, x0, #0x3e8
 e096598:	9400036b 	bl	e097344 <tf_log>
 e09659c:	92800000 	mov	x0, #0xffffffffffffffff    	// #-1
 e0965a0:	a8c17bfd 	ldp	x29, x30, [sp], #16
 e0965a4:	d65f03c0 	ret
 e0965a8:	12b88003 	mov	w3, #0x3bffffff            	// #1006632959
 e0965ac:	0b030083 	add	w3, w4, w3
 e0965b0:	71004c7f 	cmp	w3, #0x13
 e0965b4:	54fffec8 	b.hi	e09658c <psci_smc_handler+0x108>  // b.pmore
 e0965b8:	d0000025 	adrp	x5, e09c000 <__TEXT_END_UNALIGNED__>
 e0965bc:	912e80a5 	add	x5, x5, #0xba0
 e0965c0:	386348a5 	ldrb	w5, [x5, w3, uxtw]
 e0965c4:	10000063 	adr	x3, e0965d0 <psci_smc_handler+0x14c>
 e0965c8:	8b258865 	add	x5, x3, w5, sxtb #2
 e0965cc:	d61f00a0 	br	x5
 e0965d0:	320083e0 	mov	w0, #0x10001               	// #65537
 e0965d4:	17fffff3 	b	e0965a0 <psci_smc_handler+0x11c>
 e0965d8:	92800000 	mov	x0, #0xffffffffffffffff    	// #-1
 e0965dc:	d65f03c0 	ret

000000000e0965e0 <psci_spd_migrate_info>:
 e0965e0:	b0000141 	adrp	x1, e0bf000 <__STACKS_START__+0x1f740>
 e0965e4:	f944d421 	ldr	x1, [x1, #2472]
 e0965e8:	b40001a1 	cbz	x1, e09661c <psci_spd_migrate_info+0x3c>
 e0965ec:	f9401821 	ldr	x1, [x1, #48]
 e0965f0:	b4000161 	cbz	x1, e09661c <psci_spd_migrate_info+0x3c>
 e0965f4:	a9bf7bfd 	stp	x29, x30, [sp, #-16]!
 e0965f8:	910003fd 	mov	x29, sp
 e0965fc:	d63f0020 	blr	x1
 e096600:	11000401 	add	w1, w0, #0x1
 e096604:	71000c3f 	cmp	w1, #0x3
 e096608:	540000e9 	b.ls	e096624 <psci_spd_migrate_info+0x44>  // b.plast
 e09660c:	f0000020 	adrp	x0, e09d000 <qemu_pm_idle_states+0x3fc>
 e096610:	52808de1 	mov	w1, #0x46f                 	// #1135
 e096614:	9109bc00 	add	x0, x0, #0x26f
 e096618:	97ffe710 	bl	e090258 <__assert>
 e09661c:	12800000 	mov	w0, #0xffffffff            	// #-1
 e096620:	d65f03c0 	ret
 e096624:	a8c17bfd 	ldp	x29, x30, [sp], #16
 e096628:	d65f03c0 	ret

000000000e09662c <psci_system_off>:
 e09662c:	a9be7bfd 	stp	x29, x30, [sp, #-32]!
 e096630:	910003fd 	mov	x29, sp
 e096634:	f9000bf3 	str	x19, [sp, #16]
 e096638:	b0000153 	adrp	x19, e0bf000 <__STACKS_START__+0x1f740>
 e09663c:	97fffdab 	bl	e095ce8 <psci_print_power_domain_map>
 e096640:	f944d260 	ldr	x0, [x19, #2464]
 e096644:	f9402800 	ldr	x0, [x0, #80]
 e096648:	b50000a0 	cbnz	x0, e09665c <psci_system_off+0x30>
 e09664c:	f0000020 	adrp	x0, e09d000 <qemu_pm_idle_states+0x3fc>
 e096650:	528002c1 	mov	w1, #0x16                  	// #22
 e096654:	9111e400 	add	x0, x0, #0x479
 e096658:	97ffe700 	bl	e090258 <__assert>
 e09665c:	b0000140 	adrp	x0, e0bf000 <__STACKS_START__+0x1f740>
 e096660:	f944d400 	ldr	x0, [x0, #2472]
 e096664:	b4000080 	cbz	x0, e096674 <psci_system_off+0x48>
 e096668:	f9401c00 	ldr	x0, [x0, #56]
 e09666c:	b4000040 	cbz	x0, e096674 <psci_system_off+0x48>
 e096670:	d63f0000 	blr	x0
 e096674:	97fff212 	bl	e092ebc <console_flush>
 e096678:	f944d260 	ldr	x0, [x19, #2464]
 e09667c:	f9402800 	ldr	x0, [x0, #80]
 e096680:	d63f0000 	blr	x0
 e096684:	97fffde2 	bl	e095e0c <psci_pwrdown_cpu_end_terminal>

000000000e096688 <psci_system_reset>:
 e096688:	a9be7bfd 	stp	x29, x30, [sp, #-32]!
 e09668c:	910003fd 	mov	x29, sp
 e096690:	f9000bf3 	str	x19, [sp, #16]
 e096694:	b0000153 	adrp	x19, e0bf000 <__STACKS_START__+0x1f740>
 e096698:	97fffd94 	bl	e095ce8 <psci_print_power_domain_map>
 e09669c:	f944d260 	ldr	x0, [x19, #2464]
 e0966a0:	f9402c00 	ldr	x0, [x0, #88]
 e0966a4:	b50000a0 	cbnz	x0, e0966b8 <psci_system_reset+0x30>
 e0966a8:	f0000020 	adrp	x0, e09d000 <qemu_pm_idle_states+0x3fc>
 e0966ac:	528005c1 	mov	w1, #0x2e                  	// #46
 e0966b0:	9111e400 	add	x0, x0, #0x479
 e0966b4:	97ffe6e9 	bl	e090258 <__assert>
 e0966b8:	b0000140 	adrp	x0, e0bf000 <__STACKS_START__+0x1f740>
 e0966bc:	f944d400 	ldr	x0, [x0, #2472]
 e0966c0:	b4000080 	cbz	x0, e0966d0 <psci_system_reset+0x48>
 e0966c4:	f9402000 	ldr	x0, [x0, #64]
 e0966c8:	b4000040 	cbz	x0, e0966d0 <psci_system_reset+0x48>
 e0966cc:	d63f0000 	blr	x0
 e0966d0:	97fff1fb 	bl	e092ebc <console_flush>
 e0966d4:	f944d260 	ldr	x0, [x19, #2464]
 e0966d8:	f9402c00 	ldr	x0, [x0, #88]
 e0966dc:	d63f0000 	blr	x0
 e0966e0:	97fffdcb 	bl	e095e0c <psci_pwrdown_cpu_end_terminal>

000000000e0966e4 <psci_system_reset2>:
 e0966e4:	a9bd7bfd 	stp	x29, x30, [sp, #-48]!
 e0966e8:	910003fd 	mov	x29, sp
 e0966ec:	a9025bf5 	stp	x21, x22, [sp, #32]
 e0966f0:	b0000155 	adrp	x21, e0bf000 <__STACKS_START__+0x1f740>
 e0966f4:	a90153f3 	stp	x19, x20, [sp, #16]
 e0966f8:	2a0003f3 	mov	w19, w0
 e0966fc:	aa0103f4 	mov	x20, x1
 e096700:	97fffd7a 	bl	e095ce8 <psci_print_power_domain_map>
 e096704:	f944d2a0 	ldr	x0, [x21, #2464]
 e096708:	f9405401 	ldr	x1, [x0, #168]
 e09670c:	b50000a1 	cbnz	x1, e096720 <psci_system_reset2+0x3c>
 e096710:	f0000020 	adrp	x0, e09d000 <qemu_pm_idle_states+0x3fc>
 e096714:	52800921 	mov	w1, #0x49                  	// #73
 e096718:	9111e400 	add	x0, x0, #0x479
 e09671c:	97ffe6cf 	bl	e090258 <__assert>
 e096720:	531f7e76 	lsr	w22, w19, #31
 e096724:	36f80233 	tbz	w19, #31, e096768 <psci_system_reset2+0x84>
 e096728:	b0000140 	adrp	x0, e0bf000 <__STACKS_START__+0x1f740>
 e09672c:	f944d400 	ldr	x0, [x0, #2472]
 e096730:	b50002c0 	cbnz	x0, e096788 <psci_system_reset2+0xa4>
 e096734:	97fff1e2 	bl	e092ebc <console_flush>
 e096738:	f944d2a0 	ldr	x0, [x21, #2464]
 e09673c:	aa1403e2 	mov	x2, x20
 e096740:	2a1303e1 	mov	w1, w19
 e096744:	f9405403 	ldr	x3, [x0, #168]
 e096748:	2a1603e0 	mov	w0, w22
 e09674c:	d63f0060 	blr	x3
 e096750:	34000240 	cbz	w0, e096798 <psci_system_reset2+0xb4>
 e096754:	93407c00 	sxtw	x0, w0
 e096758:	a94153f3 	ldp	x19, x20, [sp, #16]
 e09675c:	a9425bf5 	ldp	x21, x22, [sp, #32]
 e096760:	a8c37bfd 	ldp	x29, x30, [sp], #48
 e096764:	d65f03c0 	ret
 e096768:	350001b3 	cbnz	w19, e09679c <psci_system_reset2+0xb8>
 e09676c:	f9405001 	ldr	x1, [x0, #160]
 e096770:	b4fffdc1 	cbz	x1, e096728 <psci_system_reset2+0x44>
 e096774:	52800000 	mov	w0, #0x0                   	// #0
 e096778:	d63f0020 	blr	x1
 e09677c:	36fffd60 	tbz	w0, #31, e096728 <psci_system_reset2+0x44>
 e096780:	92800000 	mov	x0, #0xffffffffffffffff    	// #-1
 e096784:	17fffff5 	b	e096758 <psci_system_reset2+0x74>
 e096788:	f9402000 	ldr	x0, [x0, #64]
 e09678c:	b4fffd40 	cbz	x0, e096734 <psci_system_reset2+0x50>
 e096790:	d63f0000 	blr	x0
 e096794:	17ffffe8 	b	e096734 <psci_system_reset2+0x50>
 e096798:	97fffd9d 	bl	e095e0c <psci_pwrdown_cpu_end_terminal>
 e09679c:	92800020 	mov	x0, #0xfffffffffffffffe    	// #-2
 e0967a0:	17ffffee 	b	e096758 <psci_system_reset2+0x74>

000000000e0967a4 <psci_system_suspend>:
 e0967a4:	a9bc7bfd 	stp	x29, x30, [sp, #-64]!
 e0967a8:	910003fd 	mov	x29, sp
 e0967ac:	a90153f3 	stp	x19, x20, [sp, #16]
 e0967b0:	aa0003f4 	mov	x20, x0
 e0967b4:	a9025bf5 	stp	x21, x22, [sp, #32]
 e0967b8:	aa0103f5 	mov	x21, x1
 e0967bc:	97ffec9a 	bl	e091a24 <plat_my_core_pos>
 e0967c0:	d0000141 	adrp	x1, e0c0000 <warmboot_ep_info+0x650>
 e0967c4:	91240021 	add	x1, x1, #0x900
 e0967c8:	2a0003f3 	mov	w19, w0
 e0967cc:	97fff7d3 	bl	e094718 <per_cpu_by_index_compute>
 e0967d0:	f9400816 	ldr	x22, [x0, #16]
 e0967d4:	2a1303e0 	mov	w0, w19
 e0967d8:	97fffc85 	bl	e0959ec <psci_is_last_on_cpu>
 e0967dc:	370000c0 	tbnz	w0, #0, e0967f4 <psci_system_suspend+0x50>
 e0967e0:	12800040 	mov	w0, #0xfffffffd            	// #-3
 e0967e4:	a94153f3 	ldp	x19, x20, [sp, #16]
 e0967e8:	a9425bf5 	ldp	x21, x22, [sp, #32]
 e0967ec:	a8c47bfd 	ldp	x29, x30, [sp], #64
 e0967f0:	d65f03c0 	ret
 e0967f4:	aa1503e2 	mov	x2, x21
 e0967f8:	aa1403e1 	mov	x1, x20
 e0967fc:	aa1603e0 	mov	x0, x22
 e096800:	9400001a 	bl	e096868 <psci_validate_entry_point>
 e096804:	35ffff00 	cbnz	w0, e0967e4 <psci_system_suspend+0x40>
 e096808:	9100e3e0 	add	x0, sp, #0x38
 e09680c:	97fffda8 	bl	e095eac <psci_query_sys_suspend_pwrstate>
 e096810:	9100e3e0 	add	x0, sp, #0x38
 e096814:	97fffc27 	bl	e0958b0 <psci_find_target_suspend_lvl>
 e096818:	34fffe40 	cbz	w0, e0967e0 <psci_system_suspend+0x3c>
 e09681c:	9100e3e0 	add	x0, sp, #0x38
 e096820:	52800021 	mov	w1, #0x1                   	// #1
 e096824:	9400005f 	bl	e0969a0 <psci_validate_suspend_req>
 e096828:	340000a0 	cbz	w0, e09683c <psci_system_suspend+0x98>
 e09682c:	52801981 	mov	w1, #0xcc                  	// #204
 e096830:	f0000020 	adrp	x0, e09d000 <qemu_pm_idle_states+0x3fc>
 e096834:	910e8000 	add	x0, x0, #0x3a0
 e096838:	97ffe688 	bl	e090258 <__assert>
 e09683c:	3940e7e0 	ldrb	w0, [sp, #57]
 e096840:	7100081f 	cmp	w0, #0x2
 e096844:	54000060 	b.eq	e096850 <psci_system_suspend+0xac>  // b.none
 e096848:	528019c1 	mov	w1, #0xce                  	// #206
 e09684c:	17fffff9 	b	e096830 <psci_system_suspend+0x8c>
 e096850:	52800023 	mov	w3, #0x1                   	// #1
 e096854:	9100e3e2 	add	x2, sp, #0x38
 e096858:	2a0303e1 	mov	w1, w3
 e09685c:	2a1303e0 	mov	w0, w19
 e096860:	97fffaca 	bl	e095388 <psci_cpu_suspend_start>
 e096864:	17ffffe0 	b	e0967e4 <psci_system_suspend+0x40>

000000000e096868 <psci_validate_entry_point>:
 e096868:	a9bb7bfd 	stp	x29, x30, [sp, #-80]!
 e09686c:	910003fd 	mov	x29, sp
 e096870:	a90153f3 	stp	x19, x20, [sp, #16]
 e096874:	aa0003f4 	mov	x20, x0
 e096878:	b0000140 	adrp	x0, e0bf000 <__STACKS_START__+0x1f740>
 e09687c:	aa0103f3 	mov	x19, x1
 e096880:	a9025bf5 	stp	x21, x22, [sp, #32]
 e096884:	f944d000 	ldr	x0, [x0, #2464]
 e096888:	a90363f7 	stp	x23, x24, [sp, #48]
 e09688c:	aa0203f8 	mov	x24, x2
 e096890:	f9403401 	ldr	x1, [x0, #104]
 e096894:	f90023f9 	str	x25, [sp, #64]
 e096898:	b5000361 	cbnz	x1, e096904 <psci_validate_entry_point+0x9c>
 e09689c:	d53e1117 	mrs	x23, scr_el3
 e0968a0:	d5381000 	mrs	x0, sctlr_el1
 e0968a4:	927802f9 	and	x25, x23, #0x100
 e0968a8:	37400437 	tbnz	w23, #8, e09692c <psci_validate_entry_point+0xc4>
 e0968ac:	f2670000 	ands	x0, x0, #0x2000000
 e0968b0:	52802021 	mov	w1, #0x101                 	// #257
 e0968b4:	72a00b01 	movk	w1, #0x58, lsl #16
 e0968b8:	d2800075 	mov	x21, #0x3                   	// #3
 e0968bc:	9a9f16a0 	csinc	x0, x21, xzr, ne	// ne = any
 e0968c0:	29000281 	stp	w1, w0, [x20]
 e0968c4:	f9000693 	str	x19, [x20, #8]
 e0968c8:	1a9f07f6 	cset	w22, ne	// ne = any
 e0968cc:	91006280 	add	x0, x20, #0x18
 e0968d0:	d2800801 	mov	x1, #0x40                  	// #64
 e0968d4:	97ffedcc 	bl	e092004 <zeromem>
 e0968d8:	f9000e98 	str	x24, [x20, #24]
 e0968dc:	365002d7 	tbz	w23, #10, e096934 <psci_validate_entry_point+0xcc>
 e0968e0:	37000193 	tbnz	w19, #0, e096910 <psci_validate_entry_point+0xa8>
 e0968e4:	f100033f 	cmp	x25, #0x0
 e0968e8:	52807821 	mov	w1, #0x3c1                 	// #961
 e0968ec:	1a9f07e0 	cset	w0, ne	// ne = any
 e0968f0:	11000400 	add	w0, w0, #0x1
 e0968f4:	2a000820 	orr	w0, w1, w0, lsl #2
 e0968f8:	b9001280 	str	w0, [x20, #16]
 e0968fc:	52800000 	mov	w0, #0x0                   	// #0
 e096900:	14000005 	b	e096914 <psci_validate_entry_point+0xac>
 e096904:	aa1303e0 	mov	x0, x19
 e096908:	d63f0020 	blr	x1
 e09690c:	34fffc80 	cbz	w0, e09689c <psci_validate_entry_point+0x34>
 e096910:	12800100 	mov	w0, #0xfffffff7            	// #-9
 e096914:	a94153f3 	ldp	x19, x20, [sp, #16]
 e096918:	a9425bf5 	ldp	x21, x22, [sp, #32]
 e09691c:	a94363f7 	ldp	x23, x24, [sp, #48]
 e096920:	f94023f9 	ldr	x25, [sp, #64]
 e096924:	a8c57bfd 	ldp	x29, x30, [sp], #80
 e096928:	d65f03c0 	ret
 e09692c:	d53c1000 	mrs	x0, sctlr_el2
 e096930:	17ffffdf 	b	e0968ac <psci_validate_entry_point+0x44>
 e096934:	52800140 	mov	w0, #0xa                   	// #10
 e096938:	f100033f 	cmp	x25, #0x0
 e09693c:	1a8002b5 	csel	w21, w21, w0, eq	// eq = none
 e096940:	531b0273 	ubfiz	w19, w19, #5, #1
 e096944:	52803a00 	mov	w0, #0x1d0                 	// #464
 e096948:	2a150273 	orr	w19, w19, w21
 e09694c:	2a162416 	orr	w22, w0, w22, lsl #9
 e096950:	2a160273 	orr	w19, w19, w22
 e096954:	b9001293 	str	w19, [x20, #16]
 e096958:	17ffffe9 	b	e0968fc <psci_validate_entry_point+0x94>

000000000e09695c <psci_validate_power_state>:
 e09695c:	52bf9fc2 	mov	w2, #0xfcfe0000            	// #-50462720
 e096960:	6a02001f 	tst	w0, w2
 e096964:	540001a1 	b.ne	e096998 <psci_validate_power_state+0x3c>  // b.any
 e096968:	b0000142 	adrp	x2, e0bf000 <__STACKS_START__+0x1f740>
 e09696c:	f944d042 	ldr	x2, [x2, #2464]
 e096970:	f9403042 	ldr	x2, [x2, #96]
 e096974:	b50000e2 	cbnz	x2, e096990 <psci_validate_power_state+0x34>
 e096978:	a9bf7bfd 	stp	x29, x30, [sp, #-16]!
 e09697c:	f0000020 	adrp	x0, e09d000 <qemu_pm_idle_states+0x3fc>
 e096980:	52801241 	mov	w1, #0x92                  	// #146
 e096984:	910003fd 	mov	x29, sp
 e096988:	9109bc00 	add	x0, x0, #0x26f
 e09698c:	97ffe633 	bl	e090258 <__assert>
 e096990:	aa0203f0 	mov	x16, x2
 e096994:	d61f0200 	br	x16
 e096998:	12800020 	mov	w0, #0xfffffffe            	// #-2
 e09699c:	d65f03c0 	ret

000000000e0969a0 <psci_validate_suspend_req>:
 e0969a0:	a9bf7bfd 	stp	x29, x30, [sp, #-16]!
 e0969a4:	aa0003e4 	mov	x4, x0
 e0969a8:	2a0103e5 	mov	w5, w1
 e0969ac:	910003fd 	mov	x29, sp
 e0969b0:	97fffbc0 	bl	e0958b0 <psci_find_target_suspend_lvl>
 e0969b4:	7100081f 	cmp	w0, #0x2
 e0969b8:	540002e0 	b.eq	e096a14 <psci_validate_suspend_req+0x74>  // b.none
 e0969bc:	2a0003e2 	mov	w2, w0
 e0969c0:	93407c00 	sxtw	x0, w0
 e0969c4:	52800001 	mov	w1, #0x0                   	// #0
 e0969c8:	36f801a0 	tbz	w0, #31, e0969fc <psci_validate_suspend_req+0x5c>
 e0969cc:	aa0403e0 	mov	x0, x4
 e0969d0:	97fffbad 	bl	e095884 <psci_find_max_off_lvl>
 e0969d4:	6b00005f 	cmp	w2, w0
 e0969d8:	52800041 	mov	w1, #0x2                   	// #2
 e0969dc:	1a811042 	csel	w2, w2, w1, ne	// ne = any
 e0969e0:	350002a5 	cbnz	w5, e096a34 <psci_validate_suspend_req+0x94>
 e0969e4:	6b01001f 	cmp	w0, w1
 e0969e8:	12800020 	mov	w0, #0xfffffffe            	// #-2
 e0969ec:	7a410044 	ccmp	w2, w1, #0x4, eq	// eq = none
 e0969f0:	1a9f0000 	csel	w0, w0, wzr, eq	// eq = none
 e0969f4:	a8c17bfd 	ldp	x29, x30, [sp], #16
 e0969f8:	d65f03c0 	ret
 e0969fc:	38606883 	ldrb	w3, [x4, x0]
 e096a00:	340000e3 	cbz	w3, e096a1c <psci_validate_suspend_req+0x7c>
 e096a04:	7100047f 	cmp	w3, #0x1
 e096a08:	540000e1 	b.ne	e096a24 <psci_validate_suspend_req+0x84>  // b.any
 e096a0c:	6b03003f 	cmp	w1, w3
 e096a10:	540000c9 	b.ls	e096a28 <psci_validate_suspend_req+0x88>  // b.plast
 e096a14:	12800020 	mov	w0, #0xfffffffe            	// #-2
 e096a18:	17fffff7 	b	e0969f4 <psci_validate_suspend_req+0x54>
 e096a1c:	52800003 	mov	w3, #0x0                   	// #0
 e096a20:	17fffffb 	b	e096a0c <psci_validate_suspend_req+0x6c>
 e096a24:	52800043 	mov	w3, #0x2                   	// #2
 e096a28:	d1000400 	sub	x0, x0, #0x1
 e096a2c:	2a0303e1 	mov	w1, w3
 e096a30:	17ffffe6 	b	e0969c8 <psci_validate_suspend_req+0x28>
 e096a34:	52800000 	mov	w0, #0x0                   	// #0
 e096a38:	17ffffef 	b	e0969f4 <psci_validate_suspend_req+0x54>

000000000e096a3c <psci_warmboot_entrypoint>:
 e096a3c:	a9bc7bfd 	stp	x29, x30, [sp, #-64]!
 e096a40:	910003fd 	mov	x29, sp
 e096a44:	f90013f5 	str	x21, [sp, #32]
 e096a48:	d0000155 	adrp	x21, e0c0000 <warmboot_ep_info+0x650>
 e096a4c:	912402b5 	add	x21, x21, #0x900
 e096a50:	a90153f3 	stp	x19, x20, [sp, #16]
 e096a54:	2a0003f3 	mov	w19, w0
 e096a58:	aa1503e0 	mov	x0, x21
 e096a5c:	790063ff 	strh	wzr, [sp, #48]
 e096a60:	b9003bff 	str	wzr, [sp, #56]
 e096a64:	97fff739 	bl	e094748 <per_cpu_cur_compute>
 e096a68:	b9402001 	ldr	w1, [x0, #32]
 e096a6c:	7100043f 	cmp	w1, #0x1
 e096a70:	54000121 	b.ne	e096a94 <psci_warmboot_entrypoint+0x58>  // b.any
 e096a74:	f0000020 	adrp	x0, e09d000 <qemu_pm_idle_states+0x3fc>
 e096a78:	910b1000 	add	x0, x0, #0x2c4
 e096a7c:	94000232 	bl	e097344 <tf_log>
 e096a80:	f0000020 	adrp	x0, e09d000 <qemu_pm_idle_states+0x3fc>
 e096a84:	9121d000 	add	x0, x0, #0x874
 e096a88:	97ffeda6 	bl	e092120 <backtrace>
 e096a8c:	97fff10c 	bl	e092ebc <console_flush>
 e096a90:	97ffeaf1 	bl	e091654 <el3_panic>
 e096a94:	b9402414 	ldr	w20, [x0, #36]
 e096a98:	7100069f 	cmp	w20, #0x1
 e096a9c:	540000a9 	b.ls	e096ab0 <psci_warmboot_entrypoint+0x74>  // b.plast
 e096aa0:	528024c1 	mov	w1, #0x126                 	// #294
 e096aa4:	f0000020 	adrp	x0, e09d000 <qemu_pm_idle_states+0x3fc>
 e096aa8:	9109bc00 	add	x0, x0, #0x26f
 e096aac:	97ffe5eb 	bl	e090258 <__assert>
 e096ab0:	9100e3e2 	add	x2, sp, #0x38
 e096ab4:	2a1403e1 	mov	w1, w20
 e096ab8:	2a1303e0 	mov	w0, w19
 e096abc:	97fffb86 	bl	e0958d4 <psci_get_parent_pwr_domain_nodes>
 e096ac0:	9100e3e1 	add	x1, sp, #0x38
 e096ac4:	2a1403e0 	mov	w0, w20
 e096ac8:	97fff8b1 	bl	e094d8c <psci_acquire_pwr_domain_locks>
 e096acc:	9100c3e2 	add	x2, sp, #0x30
 e096ad0:	2a1403e1 	mov	w1, w20
 e096ad4:	2a1303e0 	mov	w0, w19
 e096ad8:	97fffb96 	bl	e095930 <psci_get_target_local_pwr_states>
 e096adc:	aa1503e0 	mov	x0, x21
 e096ae0:	97fff71a 	bl	e094748 <per_cpu_cur_compute>
 e096ae4:	b9402000 	ldr	w0, [x0, #32]
 e096ae8:	7100081f 	cmp	w0, #0x2
 e096aec:	54000261 	b.ne	e096b38 <psci_warmboot_entrypoint+0xfc>  // b.any
 e096af0:	9100c3e1 	add	x1, sp, #0x30
 e096af4:	2a1303e0 	mov	w0, w19
 e096af8:	97fff90f 	bl	e094f34 <psci_cpu_on_finish>
 e096afc:	aa1503e0 	mov	x0, x21
 e096b00:	97fff712 	bl	e094748 <per_cpu_cur_compute>
 e096b04:	f9400800 	ldr	x0, [x0, #16]
 e096b08:	97ffef95 	bl	e09295c <cm_init_my_context>
 e096b0c:	97fff00e 	bl	e092b44 <cm_prepare_el3_exit_ns>
 e096b10:	2a1403e1 	mov	w1, w20
 e096b14:	2a1303e0 	mov	w0, w19
 e096b18:	97fffd07 	bl	e095f34 <psci_set_pwr_domains_to_run>
 e096b1c:	9100e3e1 	add	x1, sp, #0x38
 e096b20:	2a1403e0 	mov	w0, w20
 e096b24:	97fffcee 	bl	e095edc <psci_release_pwr_domain_locks>
 e096b28:	a94153f3 	ldp	x19, x20, [sp, #16]
 e096b2c:	f94013f5 	ldr	x21, [sp, #32]
 e096b30:	a8c47bfd 	ldp	x29, x30, [sp], #64
 e096b34:	d65f03c0 	ret
 e096b38:	9100c3e0 	add	x0, sp, #0x30
 e096b3c:	97fffb52 	bl	e095884 <psci_find_max_off_lvl>
 e096b40:	2a0003e1 	mov	w1, w0
 e096b44:	7100081f 	cmp	w0, #0x2
 e096b48:	54000061 	b.ne	e096b54 <psci_warmboot_entrypoint+0x118>  // b.any
 e096b4c:	528084e1 	mov	w1, #0x427                 	// #1063
 e096b50:	17ffffd5 	b	e096aa4 <psci_warmboot_entrypoint+0x68>
 e096b54:	9100c3e2 	add	x2, sp, #0x30
 e096b58:	2a1303e0 	mov	w0, w19
 e096b5c:	52800003 	mov	w3, #0x0                   	// #0
 e096b60:	97fffa81 	bl	e095564 <psci_cpu_suspend_to_powerdown_finish>
 e096b64:	17ffffe6 	b	e096afc <psci_warmboot_entrypoint+0xc0>

000000000e096b68 <putchar>:
 e096b68:	a9be7bfd 	stp	x29, x30, [sp, #-32]!
 e096b6c:	910003fd 	mov	x29, sp
 e096b70:	f9000bf3 	str	x19, [sp, #16]
 e096b74:	2a0003f3 	mov	w19, w0
 e096b78:	97fff0f8 	bl	e092f58 <console_putc>
 e096b7c:	7100001f 	cmp	w0, #0x0
 e096b80:	5a9f0260 	csinv	w0, w19, wzr, eq	// eq = none
 e096b84:	f9400bf3 	ldr	x19, [sp, #16]
 e096b88:	a8c27bfd 	ldp	x29, x30, [sp], #32
 e096b8c:	d65f03c0 	ret

000000000e096b90 <qemu_console_init>:
 e096b90:	a9be7bfd 	stp	x29, x30, [sp, #-32]!
 e096b94:	52984002 	mov	w2, #0xc200                	// #49664
 e096b98:	72a00022 	movk	w2, #0x1, lsl #16
 e096b9c:	910003fd 	mov	x29, sp
 e096ba0:	f9000bf3 	str	x19, [sp, #16]
 e096ba4:	d0000153 	adrp	x19, e0c0000 <warmboot_ep_info+0x650>
 e096ba8:	911ea273 	add	x19, x19, #0x7a8
 e096bac:	52800021 	mov	w1, #0x1                   	// #1
 e096bb0:	aa1303e3 	mov	x3, x19
 e096bb4:	d2a12000 	mov	x0, #0x9000000             	// #150994944
 e096bb8:	97ffe8fa 	bl	e090fa0 <console_pl011_register>
 e096bbc:	aa1303e0 	mov	x0, x19
 e096bc0:	52800061 	mov	w1, #0x3                   	// #3
 e096bc4:	f9400bf3 	ldr	x19, [sp, #16]
 e096bc8:	a8c27bfd 	ldp	x29, x30, [sp], #32
 e096bcc:	17fff129 	b	e093070 <console_set_scope>

000000000e096bd0 <qemu_cpu_standby>:
 e096bd0:	12001c00 	and	w0, w0, #0xff
 e096bd4:	7100041f 	cmp	w0, #0x1
 e096bd8:	540000e0 	b.eq	e096bf4 <qemu_cpu_standby+0x24>  // b.none
 e096bdc:	a9bf7bfd 	stp	x29, x30, [sp, #-16]!
 e096be0:	f0000020 	adrp	x0, e09d000 <qemu_pm_idle_states+0x3fc>
 e096be4:	52800dc1 	mov	w1, #0x6e                  	// #110
 e096be8:	910003fd 	mov	x29, sp
 e096bec:	911a6000 	add	x0, x0, #0x698
 e096bf0:	97ffe59a 	bl	e090258 <__assert>
 e096bf4:	d5033f9f 	dsb	sy
 e096bf8:	d503207f 	wfi
 e096bfc:	d65f03c0 	ret

000000000e096c00 <qemu_pwr_domain_off>:
 e096c00:	14000026 	b	e096c98 <qemu_pwr_gic_off>

000000000e096c04 <qemu_pwr_domain_on>:
 e096c04:	a9bf7bfd 	stp	x29, x30, [sp, #-16]!
 e096c08:	910003fd 	mov	x29, sp
 e096c0c:	97fff73c 	bl	e0948fc <plat_core_pos_by_mpidr>
 e096c10:	d2a1c001 	mov	x1, #0xe000000             	// #234881024
 e096c14:	8b204c20 	add	x0, x1, w0, uxtw #3
 e096c18:	d2800021 	mov	x1, #0x1                   	// #1
 e096c1c:	f9000401 	str	x1, [x0, #8]
 e096c20:	d503209f 	sev
 e096c24:	52800000 	mov	w0, #0x0                   	// #0
 e096c28:	a8c17bfd 	ldp	x29, x30, [sp], #16
 e096c2c:	d65f03c0 	ret

000000000e096c30 <qemu_pwr_domain_on_finish>:
 e096c30:	39400000 	ldrb	w0, [x0]
 e096c34:	7100081f 	cmp	w0, #0x2
 e096c38:	540000e0 	b.eq	e096c54 <qemu_pwr_domain_on_finish+0x24>  // b.none
 e096c3c:	a9bf7bfd 	stp	x29, x30, [sp, #-16]!
 e096c40:	f0000020 	adrp	x0, e09d000 <qemu_pm_idle_states+0x3fc>
 e096c44:	52801541 	mov	w1, #0xaa                  	// #170
 e096c48:	910003fd 	mov	x29, sp
 e096c4c:	911a6000 	add	x0, x0, #0x698
 e096c50:	97ffe582 	bl	e090258 <__assert>
 e096c54:	14000012 	b	e096c9c <qemu_pwr_gic_on_finish>

000000000e096c58 <qemu_pwr_domain_pwr_down_wfi>:
 e096c58:	a9bf7bfd 	stp	x29, x30, [sp, #-16]!
 e096c5c:	910003fd 	mov	x29, sp
 e096c60:	97ffe9fe 	bl	e091458 <disable_mmu_el3>
 e096c64:	97ffeb79 	bl	e091a48 <plat_secondary_cold_boot_setup>

000000000e096c68 <qemu_pwr_domain_suspend>:
 e096c68:	a9bf7bfd 	stp	x29, x30, [sp, #-16]!
 e096c6c:	f0000020 	adrp	x0, e09d000 <qemu_pm_idle_states+0x3fc>
 e096c70:	52801401 	mov	w1, #0xa0                  	// #160
 e096c74:	910003fd 	mov	x29, sp
 e096c78:	911a6000 	add	x0, x0, #0x698
 e096c7c:	97ffe577 	bl	e090258 <__assert>

000000000e096c80 <qemu_pwr_domain_suspend_finish>:
 e096c80:	a9bf7bfd 	stp	x29, x30, [sp, #-16]!
 e096c84:	f0000020 	adrp	x0, e09d000 <qemu_pm_idle_states+0x3fc>
 e096c88:	528016e1 	mov	w1, #0xb7                  	// #183
 e096c8c:	910003fd 	mov	x29, sp
 e096c90:	911a6000 	add	x0, x0, #0x698
 e096c94:	97ffe571 	bl	e090258 <__assert>

000000000e096c98 <qemu_pwr_gic_off>:
 e096c98:	17fff2d7 	b	e0937f4 <gicv2_cpuif_disable>

000000000e096c9c <qemu_pwr_gic_on_finish>:
 e096c9c:	a9bf7bfd 	stp	x29, x30, [sp, #-16]!
 e096ca0:	910003fd 	mov	x29, sp
 e096ca4:	97fff34b 	bl	e0939d0 <gicv2_pcpu_distif_init>
 e096ca8:	a8c17bfd 	ldp	x29, x30, [sp], #16
 e096cac:	17fff2e5 	b	e093840 <gicv2_cpuif_enable>

000000000e096cb0 <qemu_system_off>:
 e096cb0:	a9bf7bfd 	stp	x29, x30, [sp, #-16]!
 e096cb4:	f0000020 	adrp	x0, e09d000 <qemu_pm_idle_states+0x3fc>
 e096cb8:	911b4c00 	add	x0, x0, #0x6d3
 e096cbc:	910003fd 	mov	x29, sp
 e096cc0:	940001a1 	bl	e097344 <tf_log>
 e096cc4:	52800001 	mov	w1, #0x0                   	// #0
 e096cc8:	52800000 	mov	w0, #0x0                   	// #0
 e096ccc:	97fff40b 	bl	e093cf8 <gpio_set_direction>
 e096cd0:	52800001 	mov	w1, #0x0                   	// #0
 e096cd4:	52800000 	mov	w0, #0x0                   	// #0
 e096cd8:	97fff41f 	bl	e093d54 <gpio_set_value>
 e096cdc:	52800021 	mov	w1, #0x1                   	// #1
 e096ce0:	52800000 	mov	w0, #0x0                   	// #0
 e096ce4:	97fff41c 	bl	e093d54 <gpio_set_value>
 e096ce8:	f0000020 	adrp	x0, e09d000 <qemu_pm_idle_states+0x3fc>
 e096cec:	91233800 	add	x0, x0, #0x8ce
 e096cf0:	97ffed0c 	bl	e092120 <backtrace>
 e096cf4:	97fff072 	bl	e092ebc <console_flush>
 e096cf8:	97ffea57 	bl	e091654 <el3_panic>

000000000e096cfc <qemu_system_reset>:
 e096cfc:	a9bf7bfd 	stp	x29, x30, [sp, #-16]!
 e096d00:	f0000020 	adrp	x0, e09d000 <qemu_pm_idle_states+0x3fc>
 e096d04:	911acc00 	add	x0, x0, #0x6b3
 e096d08:	910003fd 	mov	x29, sp
 e096d0c:	9400018e 	bl	e097344 <tf_log>
 e096d10:	52800001 	mov	w1, #0x0                   	// #0
 e096d14:	52800020 	mov	w0, #0x1                   	// #1
 e096d18:	97fff3f8 	bl	e093cf8 <gpio_set_direction>
 e096d1c:	52800001 	mov	w1, #0x0                   	// #0
 e096d20:	52800020 	mov	w0, #0x1                   	// #1
 e096d24:	97fff40c 	bl	e093d54 <gpio_set_value>
 e096d28:	52800021 	mov	w1, #0x1                   	// #1
 e096d2c:	2a0103e0 	mov	w0, w1
 e096d30:	97fff409 	bl	e093d54 <gpio_set_value>
 e096d34:	f0000020 	adrp	x0, e09d000 <qemu_pm_idle_states+0x3fc>
 e096d38:	91237800 	add	x0, x0, #0x8de
 e096d3c:	97ffecf9 	bl	e092120 <backtrace>
 e096d40:	97fff05f 	bl	e092ebc <console_flush>
 e096d44:	97ffea44 	bl	e091654 <el3_panic>

000000000e096d48 <qemu_validate_power_state>:
 e096d48:	b40000e1 	cbz	x1, e096d64 <qemu_validate_power_state+0x1c>
 e096d4c:	d0000022 	adrp	x2, e09c000 <__TEXT_END_UNALIGNED__>
 e096d50:	91301042 	add	x2, x2, #0xc04
 e096d54:	b9400043 	ldr	w3, [x2]
 e096d58:	35000123 	cbnz	w3, e096d7c <qemu_validate_power_state+0x34>
 e096d5c:	12800020 	mov	w0, #0xfffffffe            	// #-2
 e096d60:	d65f03c0 	ret
 e096d64:	a9bf7bfd 	stp	x29, x30, [sp, #-16]!
 e096d68:	f0000020 	adrp	x0, e09d000 <qemu_pm_idle_states+0x3fc>
 e096d6c:	52800961 	mov	w1, #0x4b                  	// #75
 e096d70:	910003fd 	mov	x29, sp
 e096d74:	911a6000 	add	x0, x0, #0x698
 e096d78:	97ffe538 	bl	e090258 <__assert>
 e096d7c:	91001042 	add	x2, x2, #0x4
 e096d80:	6b00007f 	cmp	w3, w0
 e096d84:	54fffe81 	b.ne	e096d54 <qemu_validate_power_state+0xc>  // b.any
 e096d88:	12003c00 	and	w0, w0, #0xffff
 e096d8c:	14000004 	b	e096d9c <qemu_validate_power_state+0x54>
 e096d90:	12000c02 	and	w2, w0, #0xf
 e096d94:	53047c00 	lsr	w0, w0, #4
 e096d98:	38001422 	strb	w2, [x1], #1
 e096d9c:	35ffffa0 	cbnz	w0, e096d90 <qemu_validate_power_state+0x48>
 e096da0:	d65f03c0 	ret

000000000e096da4 <runtime_svc_init>:
 e096da4:	a9bb7bfd 	stp	x29, x30, [sp, #-80]!
 e096da8:	910003fd 	mov	x29, sp
 e096dac:	a90153f3 	stp	x19, x20, [sp, #16]
 e096db0:	f0000033 	adrp	x19, e09d000 <qemu_pm_idle_states+0x3fc>
 e096db4:	91364273 	add	x19, x19, #0xd90
 e096db8:	a9025bf5 	stp	x21, x22, [sp, #32]
 e096dbc:	f0000035 	adrp	x21, e09d000 <qemu_pm_idle_states+0x3fc>
 e096dc0:	913542b5 	add	x21, x21, #0xd50
 e096dc4:	a90363f7 	stp	x23, x24, [sp, #48]
 e096dc8:	f90023f9 	str	x25, [sp, #64]
 e096dcc:	eb15027f 	cmp	x19, x21
 e096dd0:	54000083 	b.cc	e096de0 <runtime_svc_init+0x3c>  // b.lo, b.ul, b.last
 e096dd4:	cb150273 	sub	x19, x19, x21
 e096dd8:	f13ffe7f 	cmp	x19, #0xfff
 e096ddc:	540000a9 	b.ls	e096df0 <runtime_svc_init+0x4c>  // b.plast
 e096de0:	52802ba1 	mov	w1, #0x15d                 	// #349
 e096de4:	d0000020 	adrp	x0, e09c000 <__TEXT_END_UNALIGNED__>
 e096de8:	913c1800 	add	x0, x0, #0xf06
 e096dec:	97ffe51b 	bl	e090258 <__assert>
 e096df0:	f1007e7f 	cmp	x19, #0x1f
 e096df4:	540005c9 	b.ls	e096eac <runtime_svc_init+0x108>  // b.plast
 e096df8:	d0000037 	adrp	x23, e09c000 <__TEXT_END_UNALIGNED__>
 e096dfc:	913e4af7 	add	x23, x23, #0xf92
 e096e00:	d345fe74 	lsr	x20, x19, #5
 e096e04:	52800018 	mov	w24, #0x0                   	// #0
 e096e08:	d2800013 	mov	x19, #0x0                   	// #0
 e096e0c:	d0000156 	adrp	x22, e0c0000 <warmboot_ep_info+0x650>
 e096e10:	912002d6 	add	x22, x22, #0x800
 e096e14:	d2801002 	mov	x2, #0x80                  	// #128
 e096e18:	aa1603e0 	mov	x0, x22
 e096e1c:	12800001 	mov	w1, #0xffffffff            	// #-1
 e096e20:	97fff571 	bl	e0943e4 <memset>
 e096e24:	d37bea79 	lsl	x25, x19, #5
 e096e28:	8b1316b3 	add	x19, x21, x19, lsl #5
 e096e2c:	38796aa1 	ldrb	w1, [x21, x25]
 e096e30:	39400660 	ldrb	w0, [x19, #1]
 e096e34:	6b00003f 	cmp	w1, w0
 e096e38:	54000148 	b.hi	e096e60 <runtime_svc_init+0xbc>  // b.pmore
 e096e3c:	7100fc1f 	cmp	w0, #0x3f
 e096e40:	54000108 	b.hi	e096e60 <runtime_svc_init+0xbc>  // b.pmore
 e096e44:	39400a60 	ldrb	w0, [x19, #2]
 e096e48:	7100041f 	cmp	w0, #0x1
 e096e4c:	540000a8 	b.hi	e096e60 <runtime_svc_init+0xbc>  // b.pmore
 e096e50:	f9400a60 	ldr	x0, [x19, #16]
 e096e54:	b5000180 	cbnz	x0, e096e84 <runtime_svc_init+0xe0>
 e096e58:	f9400e60 	ldr	x0, [x19, #24]
 e096e5c:	b5000340 	cbnz	x0, e096ec4 <runtime_svc_init+0x120>
 e096e60:	aa1303e1 	mov	x1, x19
 e096e64:	d0000020 	adrp	x0, e09c000 <__TEXT_END_UNALIGNED__>
 e096e68:	913da800 	add	x0, x0, #0xf6a
 e096e6c:	94000136 	bl	e097344 <tf_log>
 e096e70:	f0000020 	adrp	x0, e09d000 <qemu_pm_idle_states+0x3fc>
 e096e74:	91202800 	add	x0, x0, #0x80a
 e096e78:	97ffecaa 	bl	e092120 <backtrace>
 e096e7c:	97fff010 	bl	e092ebc <console_flush>
 e096e80:	97ffe9f5 	bl	e091654 <el3_panic>
 e096e84:	d63f0000 	blr	x0
 e096e88:	340001e0 	cbz	w0, e096ec4 <runtime_svc_init+0x120>
 e096e8c:	f9400661 	ldr	x1, [x19, #8]
 e096e90:	aa1703e0 	mov	x0, x23
 e096e94:	9400012c 	bl	e097344 <tf_log>
 e096e98:	11000700 	add	w0, w24, #0x1
 e096e9c:	12001c18 	and	w24, w0, #0xff
 e096ea0:	92401c13 	and	x19, x0, #0xff
 e096ea4:	eb20029f 	cmp	x20, w0, uxtb
 e096ea8:	54fffbe8 	b.hi	e096e24 <runtime_svc_init+0x80>  // b.pmore
 e096eac:	a94153f3 	ldp	x19, x20, [sp, #16]
 e096eb0:	a9425bf5 	ldp	x21, x22, [sp, #32]
 e096eb4:	a94363f7 	ldp	x23, x24, [sp, #48]
 e096eb8:	f94023f9 	ldr	x25, [sp, #64]
 e096ebc:	a8c57bfd 	ldp	x29, x30, [sp], #80
 e096ec0:	d65f03c0 	ret
 e096ec4:	39400a63 	ldrb	w3, [x19, #2]
 e096ec8:	38796aa1 	ldrb	w1, [x21, x25]
 e096ecc:	39400662 	ldrb	w2, [x19, #1]
 e096ed0:	531a0063 	ubfiz	w3, w3, #6, #1
 e096ed4:	12001421 	and	w1, w1, #0x3f
 e096ed8:	12001442 	and	w2, w2, #0x3f
 e096edc:	2a030020 	orr	w0, w1, w3
 e096ee0:	2a030042 	orr	w2, w2, w3
 e096ee4:	2a0003e1 	mov	w1, w0
 e096ee8:	6b02001f 	cmp	w0, w2
 e096eec:	54000108 	b.hi	e096f0c <runtime_svc_init+0x168>  // b.pmore
 e096ef0:	8b0002c0 	add	x0, x22, x0
 e096ef4:	11000423 	add	w3, w1, #0x1
 e096ef8:	38001418 	strb	w24, [x0], #1
 e096efc:	12001c61 	and	w1, w3, #0xff
 e096f00:	6b23005f 	cmp	w2, w3, uxtb
 e096f04:	54ffff82 	b.cs	e096ef4 <runtime_svc_init+0x150>  // b.hs, b.nlast
 e096f08:	17ffffe4 	b	e096e98 <runtime_svc_init+0xf4>
 e096f0c:	52803221 	mov	w1, #0x191                 	// #401
 e096f10:	17ffffb5 	b	e096de4 <runtime_svc_init+0x40>

000000000e096f14 <setup_mmu_cfg>:
 e096f14:	a9bd7bfd 	stp	x29, x30, [sp, #-48]!
 e096f18:	910003fd 	mov	x29, sp
 e096f1c:	a90153f3 	stp	x19, x20, [sp, #16]
 e096f20:	a9025bf5 	stp	x21, x22, [sp, #32]
 e096f24:	b100049f 	cmn	x4, #0x1
 e096f28:	540000a1 	b.ne	e096f3c <setup_mmu_cfg+0x28>  // b.any
 e096f2c:	52802021 	mov	w1, #0x101                 	// #257
 e096f30:	f0000020 	adrp	x0, e09d000 <qemu_pm_idle_states+0x3fc>
 e096f34:	91125000 	add	x0, x0, #0x494
 e096f38:	97ffe4c8 	bl	e090258 <__assert>
 e096f3c:	aa0203f4 	mov	x20, x2
 e096f40:	91000482 	add	x2, x4, #0x1
 e096f44:	aa0003f5 	mov	x21, x0
 e096f48:	2a0103e6 	mov	w6, w1
 e096f4c:	9400031b 	bl	e097bb8 <xlat_get_min_virt_addr_space_size>
 e096f50:	eb02001f 	cmp	x0, x2
 e096f54:	54000069 	b.ls	e096f60 <setup_mmu_cfg+0x4c>  // b.plast
 e096f58:	528020a1 	mov	w1, #0x105                 	// #261
 e096f5c:	17fffff5 	b	e096f30 <setup_mmu_cfg+0x1c>
 e096f60:	d2e00020 	mov	x0, #0x1000000000000       	// #281474976710656
 e096f64:	eb00005f 	cmp	x2, x0
 e096f68:	54000069 	b.ls	e096f74 <setup_mmu_cfg+0x60>  // b.plast
 e096f6c:	528020e1 	mov	w1, #0x107                 	// #263
 e096f70:	17fffff0 	b	e096f30 <setup_mmu_cfg+0x1c>
 e096f74:	ea02009f 	tst	x4, x2
 e096f78:	54000060 	b.eq	e096f84 <setup_mmu_cfg+0x70>  // b.none
 e096f7c:	52802101 	mov	w1, #0x108                 	// #264
 e096f80:	17ffffec 	b	e096f30 <setup_mmu_cfg+0x1c>
 e096f84:	dac00042 	rbit	x2, x2
 e096f88:	52800813 	mov	w19, #0x40                  	// #64
 e096f8c:	dac01042 	clz	x2, x2
 e096f90:	2a0503f6 	mov	w22, w5
 e096f94:	4b020273 	sub	w19, w19, w2
 e096f98:	37080066 	tbnz	w6, #1, e096fa4 <setup_mmu_cfg+0x90>
 e096f9c:	5286a000 	mov	w0, #0x3500                	// #13568
 e096fa0:	2a000273 	orr	w19, w19, w0
 e096fa4:	93407e73 	sxtw	x19, w19
 e096fa8:	aa0303e0 	mov	x0, x3
 e096fac:	940000ca 	bl	e0972d4 <tcr_physical_addr_size_bits>
 e096fb0:	710006df 	cmp	w22, #0x1
 e096fb4:	540001e1 	b.ne	e096ff0 <setup_mmu_cfg+0xdc>  // b.any
 e096fb8:	aa008261 	orr	x1, x19, x0, lsl #32
 e096fbc:	b2690021 	orr	x1, x1, #0x800000
 e096fc0:	d5380740 	mrs	x0, id_aa64mmfr2_el1
 e096fc4:	f2400c1f 	tst	x0, #0xf
 e096fc8:	54000040 	b.eq	e096fd0 <setup_mmu_cfg+0xbc>  // b.none
 e096fcc:	b2400294 	orr	x20, x20, #0x1
 e096fd0:	d2801fe0 	mov	x0, #0xff                  	// #255
 e096fd4:	f9000ab4 	str	x20, [x21, #16]
 e096fd8:	f2a00880 	movk	x0, #0x44, lsl #16
 e096fdc:	a90006a0 	stp	x0, x1, [x21]
 e096fe0:	a94153f3 	ldp	x19, x20, [sp, #16]
 e096fe4:	a9425bf5 	ldp	x21, x22, [sp, #32]
 e096fe8:	a8c37bfd 	ldp	x29, x30, [sp], #48
 e096fec:	d65f03c0 	ret
 e096ff0:	71000adf 	cmp	w22, #0x2
 e096ff4:	d370bc01 	lsl	x1, x0, #16
 e096ff8:	540000a1 	b.ne	e09700c <setup_mmu_cfg+0xf8>  // b.any
 e096ffc:	aa130021 	orr	x1, x1, x19
 e097000:	d2b01000 	mov	x0, #0x80800000            	// #2155872256
 e097004:	aa000021 	orr	x1, x1, x0
 e097008:	17ffffee 	b	e096fc0 <setup_mmu_cfg+0xac>
 e09700c:	71000edf 	cmp	w22, #0x3
 e097010:	54ffff60 	b.eq	e096ffc <setup_mmu_cfg+0xe8>  // b.none
 e097014:	528025e1 	mov	w1, #0x12f                 	// #303
 e097018:	17ffffc6 	b	e096f30 <setup_mmu_cfg+0x1c>

000000000e09701c <setup_page_tables>:
 e09701c:	a9bd7bfd 	stp	x29, x30, [sp, #-48]!
 e097020:	910003fd 	mov	x29, sp
 e097024:	a90153f3 	stp	x19, x20, [sp, #16]
 e097028:	aa0003f4 	mov	x20, x0
 e09702c:	aa0003f3 	mov	x19, x0
 e097030:	a9025bf5 	stp	x21, x22, [sp, #32]
 e097034:	d0000036 	adrp	x22, e09d000 <qemu_pm_idle_states+0x3fc>
 e097038:	aa0103f5 	mov	x21, x1
 e09703c:	9117e2d6 	add	x22, x22, #0x5f8
 e097040:	f9400a62 	ldr	x2, [x19, #16]
 e097044:	b5000122 	cbnz	x2, e097068 <setup_page_tables+0x4c>
 e097048:	aa1403e0 	mov	x0, x20
 e09704c:	97fff503 	bl	e094458 <mmap_add>
 e097050:	aa1503e0 	mov	x0, x21
 e097054:	97fff501 	bl	e094458 <mmap_add>
 e097058:	a94153f3 	ldp	x19, x20, [sp, #16]
 e09705c:	a9425bf5 	ldp	x21, x22, [sp, #32]
 e097060:	a8c37bfd 	ldp	x29, x30, [sp], #48
 e097064:	17fff3bd 	b	e093f58 <init_xlat_tables>
 e097068:	f9400661 	ldr	x1, [x19, #8]
 e09706c:	aa1603e0 	mov	x0, x22
 e097070:	b9401a63 	ldr	w3, [x19, #24]
 e097074:	9100a273 	add	x19, x19, #0x28
 e097078:	8b020022 	add	x2, x1, x2
 e09707c:	940000b2 	bl	e097344 <tf_log>
 e097080:	17fffff0 	b	e097040 <setup_page_tables+0x24>

000000000e097084 <sme_disable>:
 e097084:	f9408001 	ldr	x1, [x0, #256]
 e097088:	9256f821 	and	x1, x1, #0xfffffdffffffffff
 e09708c:	f9008001 	str	x1, [x0, #256]
 e097090:	d65f03c0 	ret

000000000e097094 <sme_disable_per_world>:
 e097094:	f9400001 	ldr	x1, [x0]
 e097098:	12822002 	mov	w2, #0xffffeeff            	// #-4353
 e09709c:	8a020021 	and	x1, x1, x2
 e0970a0:	f9000001 	str	x1, [x0]
 e0970a4:	d65f03c0 	ret

000000000e0970a8 <sme_enable>:
 e0970a8:	f9408001 	ldr	x1, [x0, #256]
 e0970ac:	b2570021 	orr	x1, x1, #0x20000000000
 e0970b0:	f9008001 	str	x1, [x0, #256]
 e0970b4:	d65f03c0 	ret

000000000e0970b8 <sme_enable_per_world>:
 e0970b8:	f9400001 	ldr	x1, [x0]
 e0970bc:	b2740021 	orr	x1, x1, #0x1000
 e0970c0:	f9000001 	str	x1, [x0]
 e0970c4:	d65f03c0 	ret

000000000e0970c8 <sme_init_el3>:
 e0970c8:	d53804a0 	mrs	x0, id_aa64smfr0_el1
 e0970cc:	b6f80140 	tbz	x0, #63, e0970f4 <sme_init_el3+0x2c>
 e0970d0:	a9bf7bfd 	stp	x29, x30, [sp, #-16]!
 e0970d4:	d0000020 	adrp	x0, e09d000 <qemu_pm_idle_states+0x3fc>
 e0970d8:	91096800 	add	x0, x0, #0x25a
 e0970dc:	910003fd 	mov	x29, sp
 e0970e0:	94000099 	bl	e097344 <tf_log>
 e0970e4:	320127e0 	mov	w0, #0x800001ff            	// #-2147483137
 e0970e8:	d51e12c0 	msr	smcr_el3, x0
 e0970ec:	a8c17bfd 	ldp	x29, x30, [sp], #16
 e0970f0:	d65f03c0 	ret
 e0970f4:	d2803fe0 	mov	x0, #0x1ff                 	// #511
 e0970f8:	d51e12c0 	msr	smcr_el3, x0
 e0970fc:	d65f03c0 	ret

000000000e097100 <spe_disable_secure>:
 e097100:	f9409801 	ldr	x1, [x0, #304]
 e097104:	92830002 	mov	x2, #0xffffffffffffe7ff    	// #-6145
 e097108:	f2df7de2 	movk	x2, #0xfbef, lsl #32
 e09710c:	8a020021 	and	x1, x1, x2
 e097110:	b2730021 	orr	x1, x1, #0x2000
 e097114:	f9009801 	str	x1, [x0, #304]
 e097118:	d65f03c0 	ret

000000000e09711c <spe_enable_ns>:
 e09711c:	f9409801 	ldr	x1, [x0, #304]
 e097120:	d2860002 	mov	x2, #0x3000                	// #12288
 e097124:	f2c08202 	movk	x2, #0x410, lsl #32
 e097128:	9274f821 	and	x1, x1, #0xfffffffffffff7ff
 e09712c:	aa020021 	orr	x1, x1, x2
 e097130:	f9009801 	str	x1, [x0, #304]
 e097134:	d65f03c0 	ret

000000000e097138 <spin_lock>:
 e097138:	52800021 	mov	w1, #0x1                   	// #1
 e09713c:	d50320bf 	sevl
 e097140:	d503205f 	wfe
 e097144:	885ffc02 	ldaxr	w2, [x0]
 e097148:	35ffffc2 	cbnz	w2, e097140 <spin_lock+0x8>
 e09714c:	88027c01 	stxr	w2, w1, [x0]
 e097150:	35ffffa2 	cbnz	w2, e097144 <spin_lock+0xc>
 e097154:	d65f03c0 	ret

000000000e097158 <spin_trylock>:
 e097158:	52800021 	mov	w1, #0x1                   	// #1
 e09715c:	885ffc02 	ldaxr	w2, [x0]
 e097160:	350000a2 	cbnz	w2, e097174 <spin_trylock+0x1c>
 e097164:	88027c01 	stxr	w2, w1, [x0]
 e097168:	35ffffa2 	cbnz	w2, e09715c <spin_trylock+0x4>
 e09716c:	52800020 	mov	w0, #0x1                   	// #1
 e097170:	d65f03c0 	ret
 e097174:	52800000 	mov	w0, #0x0                   	// #0
 e097178:	17fffffe 	b	e097170 <spin_trylock+0x18>

000000000e09717c <spin_unlock>:
 e09717c:	d10043ff 	sub	sp, sp, #0x10
 e097180:	889ffc1f 	stlr	wzr, [x0]
 e097184:	910043ff 	add	sp, sp, #0x10
 e097188:	d65f03c0 	ret

000000000e09718c <std_svc_setup>:
 e09718c:	a9bf7bfd 	stp	x29, x30, [sp, #-16]!
 e097190:	529ffc00 	mov	w0, #0xffe0                	// #65504
 e097194:	910003fd 	mov	x29, sp
 e097198:	97fff0b0 	bl	e093458 <get_arm_std_svc_args>
 e09719c:	b50000a0 	cbnz	x0, e0971b0 <std_svc_setup+0x24>
 e0971a0:	d0000020 	adrp	x0, e09d000 <qemu_pm_idle_states+0x3fc>
 e0971a4:	528005c1 	mov	w1, #0x2e                  	// #46
 e0971a8:	911d9800 	add	x0, x0, #0x766
 e0971ac:	97ffe42b 	bl	e090258 <__assert>
 e0971b0:	97fffbb9 	bl	e096094 <psci_setup>
 e0971b4:	7100001f 	cmp	w0, #0x0
 e0971b8:	1a9f07e0 	cset	w0, ne	// ne = any
 e0971bc:	a8c17bfd 	ldp	x29, x30, [sp], #16
 e0971c0:	d65f03c0 	ret

000000000e0971c4 <std_svc_smc_handler>:
 e0971c4:	a9be7bfd 	stp	x29, x30, [sp, #-32]!
 e0971c8:	910003fd 	mov	x29, sp
 e0971cc:	f9000bf3 	str	x19, [sp, #16]
 e0971d0:	aa0603f3 	mov	x19, x6
 e0971d4:	37f000a0 	tbnz	w0, #30, e0971e8 <std_svc_smc_handler+0x24>
 e0971d8:	92407c21 	and	x1, x1, #0xffffffff
 e0971dc:	92407c42 	and	x2, x2, #0xffffffff
 e0971e0:	92407c63 	and	x3, x3, #0xffffffff
 e0971e4:	92407c84 	and	x4, x4, #0xffffffff
 e0971e8:	721b281f 	tst	w0, #0xffe0
 e0971ec:	54000101 	b.ne	e09720c <std_svc_smc_handler+0x48>  // b.any
 e0971f0:	aa1303e6 	mov	x6, x19
 e0971f4:	97fffca4 	bl	e096484 <psci_smc_handler>
 e0971f8:	f9000260 	str	x0, [x19]
 e0971fc:	aa1303e0 	mov	x0, x19
 e097200:	f9400bf3 	ldr	x19, [sp, #16]
 e097204:	a8c27bfd 	ldp	x29, x30, [sp], #32
 e097208:	d65f03c0 	ret
 e09720c:	529fe021 	mov	w1, #0xff01                	// #65281
 e097210:	72b08001 	movk	w1, #0x8400, lsl #16
 e097214:	6b01001f 	cmp	w0, w1
 e097218:	540001a0 	b.eq	e09724c <std_svc_smc_handler+0x88>  // b.none
 e09721c:	11000821 	add	w1, w1, #0x2
 e097220:	6b01001f 	cmp	w0, w1
 e097224:	540002c0 	b.eq	e09727c <std_svc_smc_handler+0xb8>  // b.none
 e097228:	51000c21 	sub	w1, w1, #0x3
 e09722c:	6b01001f 	cmp	w0, w1
 e097230:	540002e0 	b.eq	e09728c <std_svc_smc_handler+0xc8>  // b.none
 e097234:	2a0003e1 	mov	w1, w0
 e097238:	d0000020 	adrp	x0, e09d000 <qemu_pm_idle_states+0x3fc>
 e09723c:	911ce400 	add	x0, x0, #0x739
 e097240:	94000041 	bl	e097344 <tf_log>
 e097244:	92800000 	mov	x0, #0xffffffffffffffff    	// #-1
 e097248:	17ffffec 	b	e0971f8 <std_svc_smc_handler+0x34>
 e09724c:	d2882ac0 	mov	x0, #0x4156                	// #16726
 e097250:	f2bc5ec0 	movk	x0, #0xe2f6, lsl #16
 e097254:	f9000e60 	str	x0, [x19, #24]
 e097258:	d285b5c0 	mov	x0, #0x2dae                	// #11694
 e09725c:	f2bf7800 	movk	x0, #0xfbc0, lsl #16
 e097260:	f9000a60 	str	x0, [x19, #16]
 e097264:	d29f0c60 	mov	x0, #0xf863                	// #63587
 e097268:	f2a8fd00 	movk	x0, #0x47e8, lsl #16
 e09726c:	f9000660 	str	x0, [x19, #8]
 e097270:	d2920b60 	mov	x0, #0x905b                	// #36955
 e097274:	f2a211a0 	movk	x0, #0x108d, lsl #16
 e097278:	17ffffe0 	b	e0971f8 <std_svc_smc_handler+0x34>
 e09727c:	d2800020 	mov	x0, #0x1                   	// #1
 e097280:	f9000660 	str	x0, [x19, #8]
 e097284:	d2800000 	mov	x0, #0x0                   	// #0
 e097288:	17ffffdc 	b	e0971f8 <std_svc_smc_handler+0x34>
 e09728c:	d2800320 	mov	x0, #0x19                  	// #25
 e097290:	17ffffda 	b	e0971f8 <std_svc_smc_handler+0x34>

000000000e097294 <sve_disable_per_world>:
 e097294:	f9400001 	ldr	x1, [x0]
 e097298:	12802002 	mov	w2, #0xfffffeff            	// #-257
 e09729c:	8a020021 	and	x1, x1, x2
 e0972a0:	f9000001 	str	x1, [x0]
 e0972a4:	d65f03c0 	ret

000000000e0972a8 <sve_enable_per_world>:
 e0972a8:	f9400001 	ldr	x1, [x0]
 e0972ac:	b2780021 	orr	x1, x1, #0x100
 e0972b0:	f9000001 	str	x1, [x0]
 e0972b4:	d65f03c0 	ret

000000000e0972b8 <sve_init_el3>:
 e0972b8:	d28001e0 	mov	x0, #0xf                   	// #15
 e0972bc:	d51e1200 	msr	zcr_el3, x0
 e0972c0:	d65f03c0 	ret

000000000e0972c4 <tcr2_enable>:
 e0972c4:	f9408001 	ldr	x1, [x0, #256]
 e0972c8:	b2550021 	orr	x1, x1, #0x80000000000
 e0972cc:	f9008001 	str	x1, [x0, #256]
 e0972d0:	d65f03c0 	ret

000000000e0972d4 <tcr_physical_addr_size_bits>:
 e0972d4:	92ffffe1 	mov	x1, #0xffffffffffff        	// #281474976710655
 e0972d8:	eb01001f 	cmp	x0, x1
 e0972dc:	540000e9 	b.ls	e0972f8 <tcr_physical_addr_size_bits+0x24>  // b.plast
 e0972e0:	a9bf7bfd 	stp	x29, x30, [sp, #-16]!
 e0972e4:	d0000020 	adrp	x0, e09d000 <qemu_pm_idle_states+0x3fc>
 e0972e8:	52800a01 	mov	w1, #0x50                  	// #80
 e0972ec:	910003fd 	mov	x29, sp
 e0972f0:	91125000 	add	x0, x0, #0x494
 e0972f4:	97ffe3d9 	bl	e090258 <__assert>
 e0972f8:	f2540c1f 	tst	x0, #0xf00000000000
 e0972fc:	54000141 	b.ne	e097324 <tcr_physical_addr_size_bits+0x50>  // b.any
 e097300:	f256041f 	tst	x0, #0xc0000000000
 e097304:	54000141 	b.ne	e09732c <tcr_physical_addr_size_bits+0x58>  // b.any
 e097308:	f258041f 	tst	x0, #0x30000000000
 e09730c:	54000141 	b.ne	e097334 <tcr_physical_addr_size_bits+0x60>  // b.any
 e097310:	f25c0c1f 	tst	x0, #0xf000000000
 e097314:	54000141 	b.ne	e09733c <tcr_physical_addr_size_bits+0x68>  // b.any
 e097318:	f2600c1f 	tst	x0, #0xf00000000
 e09731c:	9a9f07e0 	cset	x0, ne	// ne = any
 e097320:	d65f03c0 	ret
 e097324:	d28000a0 	mov	x0, #0x5                   	// #5
 e097328:	d65f03c0 	ret
 e09732c:	d2800080 	mov	x0, #0x4                   	// #4
 e097330:	d65f03c0 	ret
 e097334:	d2800060 	mov	x0, #0x3                   	// #3
 e097338:	d65f03c0 	ret
 e09733c:	d2800040 	mov	x0, #0x2                   	// #2
 e097340:	d65f03c0 	ret

000000000e097344 <tf_log>:
 e097344:	a9b67bfd 	stp	x29, x30, [sp, #-160]!
 e097348:	910003fd 	mov	x29, sp
 e09734c:	a90153f3 	stp	x19, x20, [sp, #16]
 e097350:	aa0003f4 	mov	x20, x0
 e097354:	a9068be1 	stp	x1, x2, [sp, #104]
 e097358:	a90793e3 	stp	x3, x4, [sp, #120]
 e09735c:	a9089be5 	stp	x5, x6, [sp, #136]
 e097360:	f9004fe7 	str	x7, [sp, #152]
 e097364:	39400000 	ldrb	w0, [x0]
 e097368:	51000401 	sub	w1, w0, #0x1
 e09736c:	7100c43f 	cmp	w1, #0x31
 e097370:	540000a9 	b.ls	e097384 <tf_log+0x40>  // b.plast
 e097374:	52800441 	mov	w1, #0x22                  	// #34
 e097378:	b0000020 	adrp	x0, e09c000 <__TEXT_END_UNALIGNED__>
 e09737c:	913ee800 	add	x0, x0, #0xfba
 e097380:	97ffe3b6 	bl	e090258 <__assert>
 e097384:	52800142 	mov	w2, #0xa                   	// #10
 e097388:	1ac20801 	udiv	w1, w0, w2
 e09738c:	1b028021 	msub	w1, w1, w2, w0
 e097390:	34000061 	cbz	w1, e09739c <tf_log+0x58>
 e097394:	52800461 	mov	w1, #0x23                  	// #35
 e097398:	17fffff8 	b	e097378 <tf_log+0x34>
 e09739c:	90000041 	adrp	x1, e09f000 <tf_xlat_ctx>
 e0973a0:	b9486421 	ldr	w1, [x1, #2148]
 e0973a4:	6b00003f 	cmp	w1, w0
 e0973a8:	54000263 	b.cc	e0973f4 <tf_log+0xb0>  // b.lo, b.ul, b.last
 e0973ac:	97fff58f 	bl	e0949e8 <plat_log_get_prefix>
 e0973b0:	aa0003f3 	mov	x19, x0
 e0973b4:	39400260 	ldrb	w0, [x19]
 e0973b8:	35000240 	cbnz	w0, e097400 <tf_log+0xbc>
 e0973bc:	910283e0 	add	x0, sp, #0xa0
 e0973c0:	a90403e0 	stp	x0, x0, [sp, #64]
 e0973c4:	910183e0 	add	x0, sp, #0x60
 e0973c8:	f9002be0 	str	x0, [sp, #80]
 e0973cc:	128006e0 	mov	w0, #0xffffffc8            	// #-56
 e0973d0:	b9005be0 	str	w0, [sp, #88]
 e0973d4:	b9005fff 	str	wzr, [sp, #92]
 e0973d8:	a94407e0 	ldp	x0, x1, [sp, #64]
 e0973dc:	a90207e0 	stp	x0, x1, [sp, #32]
 e0973e0:	a94507e0 	ldp	x0, x1, [sp, #80]
 e0973e4:	a90307e0 	stp	x0, x1, [sp, #48]
 e0973e8:	910083e1 	add	x1, sp, #0x20
 e0973ec:	91000680 	add	x0, x20, #0x1
 e0973f0:	94000049 	bl	e097514 <vprintf>
 e0973f4:	a94153f3 	ldp	x19, x20, [sp, #16]
 e0973f8:	a8ca7bfd 	ldp	x29, x30, [sp], #160
 e0973fc:	d65f03c0 	ret
 e097400:	91000673 	add	x19, x19, #0x1
 e097404:	97fffdd9 	bl	e096b68 <putchar>
 e097408:	17ffffeb 	b	e0973b4 <tf_log+0x70>

000000000e09740c <trf_enable>:
 e09740c:	f9409801 	ldr	x1, [x0, #304]
 e097410:	927ff821 	and	x1, x1, #0xfffffffffffffffe
 e097414:	926cf421 	and	x1, x1, #0xfffffffffff3ffff
 e097418:	f9009801 	str	x1, [x0, #304]
 e09741c:	d65f03c0 	ret

000000000e097420 <unsigned_num_print.part.0>:
 e097420:	a9ba7bfd 	stp	x29, x30, [sp, #-96]!
 e097424:	2a0103e1 	mov	w1, w1
 e097428:	12000084 	and	w4, w4, #0x1
 e09742c:	910003fd 	mov	x29, sp
 e097430:	a90153f3 	stp	x19, x20, [sp, #16]
 e097434:	12001c54 	and	w20, w2, #0xff
 e097438:	d2800013 	mov	x19, #0x0                   	// #0
 e09743c:	a9025bf5 	stp	x21, x22, [sp, #32]
 e097440:	2a0303f6 	mov	w22, w3
 e097444:	910123f5 	add	x21, sp, #0x48
 e097448:	a90363f7 	stp	x23, x24, [sp, #48]
 e09744c:	9ac10805 	udiv	x5, x0, x1
 e097450:	9b0180a3 	msub	x3, x5, x1, x0
 e097454:	12001c62 	and	w2, w3, #0xff
 e097458:	f100247f 	cmp	x3, #0x9
 e09745c:	54000428 	b.hi	e0974e0 <unsigned_num_print.part.0+0xc0>  // b.pmore
 e097460:	1100c042 	add	w2, w2, #0x30
 e097464:	12001c42 	and	w2, w2, #0xff
 e097468:	38356a62 	strb	w2, [x19, x21]
 e09746c:	91000662 	add	x2, x19, #0x1
 e097470:	eb00003f 	cmp	x1, x0
 e097474:	54000309 	b.ls	e0974d4 <unsigned_num_print.part.0+0xb4>  // b.plast
 e097478:	710002df 	cmp	w22, #0x0
 e09747c:	5400040d 	b.le	e0974fc <unsigned_num_print.part.0+0xdc>
 e097480:	11000677 	add	w23, w19, #0x1
 e097484:	2a1603f8 	mov	w24, w22
 e097488:	6b1802ff 	cmp	w23, w24
 e09748c:	540003cb 	b.lt	e097504 <unsigned_num_print.part.0+0xe4>  // b.tstop
 e097490:	4b1702d4 	sub	w20, w22, w23
 e097494:	6b1602ff 	cmp	w23, w22
 e097498:	1a9fd294 	csel	w20, w20, wzr, le
 e09749c:	2a1303f6 	mov	w22, w19
 e0974a0:	93407e73 	sxtw	x19, w19
 e0974a4:	38736aa0 	ldrb	w0, [x21, x19]
 e0974a8:	d1000673 	sub	x19, x19, #0x1
 e0974ac:	97fffdaf 	bl	e096b68 <putchar>
 e0974b0:	3100067f 	cmn	w19, #0x1
 e0974b4:	54ffff81 	b.ne	e0974a4 <unsigned_num_print.part.0+0x84>  // b.any
 e0974b8:	11000680 	add	w0, w20, #0x1
 e0974bc:	a94153f3 	ldp	x19, x20, [sp, #16]
 e0974c0:	0b0002c0 	add	w0, w22, w0
 e0974c4:	a9425bf5 	ldp	x21, x22, [sp, #32]
 e0974c8:	a94363f7 	ldp	x23, x24, [sp, #48]
 e0974cc:	a8c67bfd 	ldp	x29, x30, [sp], #96
 e0974d0:	d65f03c0 	ret
 e0974d4:	aa0203f3 	mov	x19, x2
 e0974d8:	aa0503e0 	mov	x0, x5
 e0974dc:	17ffffdc 	b	e09744c <unsigned_num_print.part.0+0x2c>
 e0974e0:	1100dc43 	add	w3, w2, #0x37
 e0974e4:	11015c42 	add	w2, w2, #0x57
 e0974e8:	12001c63 	and	w3, w3, #0xff
 e0974ec:	12001c42 	and	w2, w2, #0xff
 e0974f0:	7100009f 	cmp	w4, #0x0
 e0974f4:	1a830042 	csel	w2, w2, w3, eq	// eq = none
 e0974f8:	17ffffdc 	b	e097468 <unsigned_num_print.part.0+0x48>
 e0974fc:	52800014 	mov	w20, #0x0                   	// #0
 e097500:	17ffffe7 	b	e09749c <unsigned_num_print.part.0+0x7c>
 e097504:	2a1403e0 	mov	w0, w20
 e097508:	51000718 	sub	w24, w24, #0x1
 e09750c:	97fffd97 	bl	e096b68 <putchar>
 e097510:	17ffffde 	b	e097488 <unsigned_num_print.part.0+0x68>

000000000e097514 <vprintf>:
 e097514:	a9b97bfd 	stp	x29, x30, [sp, #-112]!
 e097518:	910003fd 	mov	x29, sp
 e09751c:	a90153f3 	stp	x19, x20, [sp, #16]
 e097520:	b9401834 	ldr	w20, [x1, #24]
 e097524:	a90363f7 	stp	x23, x24, [sp, #48]
 e097528:	a9406033 	ldp	x19, x24, [x1]
 e09752c:	a9025bf5 	stp	x21, x22, [sp, #32]
 e097530:	aa0003f6 	mov	x22, x0
 e097534:	a9046bf9 	stp	x25, x26, [sp, #64]
 e097538:	b000003a 	adrp	x26, e09c000 <__TEXT_END_UNALIGNED__>
 e09753c:	9130535a 	add	x26, x26, #0xc14
 e097540:	52800015 	mov	w21, #0x0                   	// #0
 e097544:	52800019 	mov	w25, #0x0                   	// #0
 e097548:	a90573fb 	stp	x27, x28, [sp, #80]
 e09754c:	394002c0 	ldrb	w0, [x22]
 e097550:	35000120 	cbnz	w0, e097574 <vprintf+0x60>
 e097554:	a94153f3 	ldp	x19, x20, [sp, #16]
 e097558:	2a1503e0 	mov	w0, w21
 e09755c:	a9425bf5 	ldp	x21, x22, [sp, #32]
 e097560:	a94363f7 	ldp	x23, x24, [sp, #48]
 e097564:	a9446bf9 	ldp	x25, x26, [sp, #64]
 e097568:	a94573fb 	ldp	x27, x28, [sp, #80]
 e09756c:	a8c77bfd 	ldp	x29, x30, [sp], #112
 e097570:	d65f03c0 	ret
 e097574:	910006d6 	add	x22, x22, #0x1
 e097578:	7100941f 	cmp	w0, #0x25
 e09757c:	54002201 	b.ne	e0979bc <vprintf+0x4a8>  // b.any
 e097580:	52800017 	mov	w23, #0x0                   	// #0
 e097584:	52800001 	mov	w1, #0x0                   	// #0
 e097588:	14000002 	b	e097590 <vprintf+0x7c>
 e09758c:	52800619 	mov	w25, #0x30                  	// #48
 e097590:	394002c0 	ldrb	w0, [x22]
 e097594:	7101e81f 	cmp	w0, #0x7a
 e097598:	54000168 	b.hi	e0975c4 <vprintf+0xb0>  // b.pmore
 e09759c:	7101881f 	cmp	w0, #0x62
 e0975a0:	540001a8 	b.hi	e0975d4 <vprintf+0xc0>  // b.pmore
 e0975a4:	7100e41f 	cmp	w0, #0x39
 e0975a8:	54000248 	b.hi	e0975f0 <vprintf+0xdc>  // b.pmore
 e0975ac:	7100c01f 	cmp	w0, #0x30
 e0975b0:	54001f28 	b.hi	e097994 <vprintf+0x480>  // b.pmore
 e0975b4:	7100941f 	cmp	w0, #0x25
 e0975b8:	54000240 	b.eq	e097600 <vprintf+0xec>  // b.none
 e0975bc:	7100c01f 	cmp	w0, #0x30
 e0975c0:	54001d40 	b.eq	e097968 <vprintf+0x454>  // b.none
 e0975c4:	12800015 	mov	w21, #0xffffffff            	// #-1
 e0975c8:	17ffffe3 	b	e097554 <vprintf+0x40>
 e0975cc:	52800419 	mov	w25, #0x20                  	// #32
 e0975d0:	17fffff0 	b	e097590 <vprintf+0x7c>
 e0975d4:	51018c00 	sub	w0, w0, #0x63
 e0975d8:	71005c1f 	cmp	w0, #0x17
 e0975dc:	54ffff48 	b.hi	e0975c4 <vprintf+0xb0>  // b.pmore
 e0975e0:	78605b40 	ldrh	w0, [x26, w0, uxtw #1]
 e0975e4:	10000062 	adr	x2, e0975f0 <vprintf+0xdc>
 e0975e8:	8b20a840 	add	x0, x2, w0, sxth #2
 e0975ec:	d61f0000 	br	x0
 e0975f0:	7101601f 	cmp	w0, #0x58
 e0975f4:	54fffe81 	b.ne	e0975c4 <vprintf+0xb0>  // b.any
 e0975f8:	52800024 	mov	w4, #0x1                   	// #1
 e0975fc:	1400008a 	b	e097824 <vprintf+0x310>
 e097600:	97fffd5a 	bl	e096b68 <putchar>
 e097604:	910006d6 	add	x22, x22, #0x1
 e097608:	17ffffd1 	b	e09754c <vprintf+0x38>
 e09760c:	7100043f 	cmp	w1, #0x1
 e097610:	5400024d 	b.le	e097658 <vprintf+0x144>
 e097614:	37f80314 	tbnz	w20, #31, e097674 <vprintf+0x160>
 e097618:	91003e60 	add	x0, x19, #0xf
 e09761c:	2a1403e1 	mov	w1, w20
 e097620:	927df000 	and	x0, x0, #0xfffffffffffffff8
 e097624:	f940027b 	ldr	x27, [x19]
 e097628:	2a0103f4 	mov	w20, w1
 e09762c:	aa0003f3 	mov	x19, x0
 e097630:	b6f8047b 	tbz	x27, #63, e0976bc <vprintf+0x1a8>
 e097634:	528005a0 	mov	w0, #0x2d                  	// #45
 e097638:	97fffd4c 	bl	e096b68 <putchar>
 e09763c:	cb1b03e0 	neg	x0, x27
 e097640:	510006f7 	sub	w23, w23, #0x1
 e097644:	2a1703e3 	mov	w3, w23
 e097648:	2a1903e2 	mov	w2, w25
 e09764c:	52800004 	mov	w4, #0x0                   	// #0
 e097650:	52800141 	mov	w1, #0xa                   	// #10
 e097654:	14000080 	b	e097854 <vprintf+0x340>
 e097658:	54fffde0 	b.eq	e097614 <vprintf+0x100>  // b.none
 e09765c:	37f801f4 	tbnz	w20, #31, e097698 <vprintf+0x184>
 e097660:	91002e60 	add	x0, x19, #0xb
 e097664:	2a1403e1 	mov	w1, w20
 e097668:	927df000 	and	x0, x0, #0xfffffffffffffff8
 e09766c:	b980027b 	ldrsw	x27, [x19]
 e097670:	17ffffee 	b	e097628 <vprintf+0x114>
 e097674:	11002281 	add	w1, w20, #0x8
 e097678:	7100003f 	cmp	w1, #0x0
 e09767c:	5400008d 	b.le	e09768c <vprintf+0x178>
 e097680:	91003e60 	add	x0, x19, #0xf
 e097684:	927df000 	and	x0, x0, #0xfffffffffffffff8
 e097688:	17ffffe7 	b	e097624 <vprintf+0x110>
 e09768c:	aa1303e0 	mov	x0, x19
 e097690:	8b34c313 	add	x19, x24, w20, sxtw
 e097694:	17ffffe4 	b	e097624 <vprintf+0x110>
 e097698:	11002281 	add	w1, w20, #0x8
 e09769c:	7100003f 	cmp	w1, #0x0
 e0976a0:	5400008d 	b.le	e0976b0 <vprintf+0x19c>
 e0976a4:	91002e60 	add	x0, x19, #0xb
 e0976a8:	927df000 	and	x0, x0, #0xfffffffffffffff8
 e0976ac:	17fffff0 	b	e09766c <vprintf+0x158>
 e0976b0:	aa1303e0 	mov	x0, x19
 e0976b4:	8b34c313 	add	x19, x24, w20, sxtw
 e0976b8:	17ffffed 	b	e09766c <vprintf+0x158>
 e0976bc:	aa1b03e0 	mov	x0, x27
 e0976c0:	17ffffe1 	b	e097644 <vprintf+0x130>
 e0976c4:	37f80154 	tbnz	w20, #31, e0976ec <vprintf+0x1d8>
 e0976c8:	91002e77 	add	x23, x19, #0xb
 e0976cc:	2a1403fb 	mov	w27, w20
 e0976d0:	927df2f7 	and	x23, x23, #0xfffffffffffffff8
 e0976d4:	b9400260 	ldr	w0, [x19]
 e0976d8:	110006b5 	add	w21, w21, #0x1
 e0976dc:	97fffd23 	bl	e096b68 <putchar>
 e0976e0:	2a1b03f4 	mov	w20, w27
 e0976e4:	aa1703f3 	mov	x19, x23
 e0976e8:	17ffffc7 	b	e097604 <vprintf+0xf0>
 e0976ec:	1100229b 	add	w27, w20, #0x8
 e0976f0:	7100037f 	cmp	w27, #0x0
 e0976f4:	5400008d 	b.le	e097704 <vprintf+0x1f0>
 e0976f8:	91002e77 	add	x23, x19, #0xb
 e0976fc:	927df2f7 	and	x23, x23, #0xfffffffffffffff8
 e097700:	17fffff5 	b	e0976d4 <vprintf+0x1c0>
 e097704:	aa1303f7 	mov	x23, x19
 e097708:	8b34c313 	add	x19, x24, w20, sxtw
 e09770c:	17fffff2 	b	e0976d4 <vprintf+0x1c0>
 e097710:	37f80154 	tbnz	w20, #31, e097738 <vprintf+0x224>
 e097714:	91003e77 	add	x23, x19, #0xf
 e097718:	2a1403fb 	mov	w27, w20
 e09771c:	927df2f7 	and	x23, x23, #0xfffffffffffffff8
 e097720:	f9400260 	ldr	x0, [x19]
 e097724:	b50002a0 	cbnz	x0, e097778 <vprintf+0x264>
 e097728:	d0000020 	adrp	x0, e09d000 <qemu_pm_idle_states+0x3fc>
 e09772c:	52800381 	mov	w1, #0x1c                  	// #28
 e097730:	911e9400 	add	x0, x0, #0x7a5
 e097734:	97ffe2c9 	bl	e090258 <__assert>
 e097738:	1100229b 	add	w27, w20, #0x8
 e09773c:	7100037f 	cmp	w27, #0x0
 e097740:	5400008d 	b.le	e097750 <vprintf+0x23c>
 e097744:	91003e77 	add	x23, x19, #0xf
 e097748:	927df2f7 	and	x23, x23, #0xfffffffffffffff8
 e09774c:	17fffff5 	b	e097720 <vprintf+0x20c>
 e097750:	aa1303f7 	mov	x23, x19
 e097754:	8b34c313 	add	x19, x24, w20, sxtw
 e097758:	17fffff2 	b	e097720 <vprintf+0x20c>
 e09775c:	97fffd03 	bl	e096b68 <putchar>
 e097760:	aa1403e1 	mov	x1, x20
 e097764:	91000434 	add	x20, x1, #0x1
 e097768:	38746a60 	ldrb	w0, [x19, x20]
 e09776c:	35ffff80 	cbnz	w0, e09775c <vprintf+0x248>
 e097770:	0b0102b5 	add	w21, w21, w1
 e097774:	17ffffdb 	b	e0976e0 <vprintf+0x1cc>
 e097778:	d1000413 	sub	x19, x0, #0x1
 e09777c:	d2800001 	mov	x1, #0x0                   	// #0
 e097780:	17fffff9 	b	e097764 <vprintf+0x250>
 e097784:	37f80214 	tbnz	w20, #31, e0977c4 <vprintf+0x2b0>
 e097788:	91003e7b 	add	x27, x19, #0xf
 e09778c:	2a1403fc 	mov	w28, w20
 e097790:	927df37b 	and	x27, x27, #0xfffffffffffffff8
 e097794:	f9400274 	ldr	x20, [x19]
 e097798:	b50003d4 	cbnz	x20, e097810 <vprintf+0x2fc>
 e09779c:	aa1403e0 	mov	x0, x20
 e0977a0:	2a1703e3 	mov	w3, w23
 e0977a4:	2a1903e2 	mov	w2, w25
 e0977a8:	52800004 	mov	w4, #0x0                   	// #0
 e0977ac:	52800201 	mov	w1, #0x10                  	// #16
 e0977b0:	2a1c03f4 	mov	w20, w28
 e0977b4:	97ffff1b 	bl	e097420 <unsigned_num_print.part.0>
 e0977b8:	aa1b03f3 	mov	x19, x27
 e0977bc:	0b0002b5 	add	w21, w21, w0
 e0977c0:	17ffff91 	b	e097604 <vprintf+0xf0>
 e0977c4:	1100229c 	add	w28, w20, #0x8
 e0977c8:	7100039f 	cmp	w28, #0x0
 e0977cc:	5400008d 	b.le	e0977dc <vprintf+0x2c8>
 e0977d0:	91003e7b 	add	x27, x19, #0xf
 e0977d4:	927df37b 	and	x27, x27, #0xfffffffffffffff8
 e0977d8:	17ffffef 	b	e097794 <vprintf+0x280>
 e0977dc:	aa1303fb 	mov	x27, x19
 e0977e0:	8b34c313 	add	x19, x24, w20, sxtw
 e0977e4:	17ffffec 	b	e097794 <vprintf+0x280>
 e0977e8:	f90037e2 	str	x2, [sp, #104]
 e0977ec:	97fffcdf 	bl	e096b68 <putchar>
 e0977f0:	f94037e2 	ldr	x2, [sp, #104]
 e0977f4:	aa0203e1 	mov	x1, x2
 e0977f8:	91000422 	add	x2, x1, #0x1
 e0977fc:	38626a60 	ldrb	w0, [x19, x2]
 e097800:	35ffff40 	cbnz	w0, e0977e8 <vprintf+0x2d4>
 e097804:	0b0102b5 	add	w21, w21, w1
 e097808:	51000af7 	sub	w23, w23, #0x2
 e09780c:	17ffffe4 	b	e09779c <vprintf+0x288>
 e097810:	d0000033 	adrp	x19, e09d000 <qemu_pm_idle_states+0x3fc>
 e097814:	d2800001 	mov	x1, #0x0                   	// #0
 e097818:	911eda73 	add	x19, x19, #0x7b6
 e09781c:	17fffff7 	b	e0977f8 <vprintf+0x2e4>
 e097820:	52800004 	mov	w4, #0x0                   	// #0
 e097824:	7100043f 	cmp	w1, #0x1
 e097828:	540001cd 	b.le	e097860 <vprintf+0x34c>
 e09782c:	37f80294 	tbnz	w20, #31, e09787c <vprintf+0x368>
 e097830:	91003e61 	add	x1, x19, #0xf
 e097834:	2a1403e2 	mov	w2, w20
 e097838:	927df021 	and	x1, x1, #0xfffffffffffffff8
 e09783c:	f9400260 	ldr	x0, [x19]
 e097840:	2a0203f4 	mov	w20, w2
 e097844:	2a1703e3 	mov	w3, w23
 e097848:	2a1903e2 	mov	w2, w25
 e09784c:	aa0103f3 	mov	x19, x1
 e097850:	52800201 	mov	w1, #0x10                  	// #16
 e097854:	97fffef3 	bl	e097420 <unsigned_num_print.part.0>
 e097858:	0b0002b5 	add	w21, w21, w0
 e09785c:	17ffff6a 	b	e097604 <vprintf+0xf0>
 e097860:	54fffe60 	b.eq	e09782c <vprintf+0x318>  // b.none
 e097864:	37f801f4 	tbnz	w20, #31, e0978a0 <vprintf+0x38c>
 e097868:	91002e61 	add	x1, x19, #0xb
 e09786c:	2a1403e2 	mov	w2, w20
 e097870:	927df021 	and	x1, x1, #0xfffffffffffffff8
 e097874:	b9400260 	ldr	w0, [x19]
 e097878:	17fffff2 	b	e097840 <vprintf+0x32c>
 e09787c:	11002282 	add	w2, w20, #0x8
 e097880:	7100005f 	cmp	w2, #0x0
 e097884:	5400008d 	b.le	e097894 <vprintf+0x380>
 e097888:	91003e61 	add	x1, x19, #0xf
 e09788c:	927df021 	and	x1, x1, #0xfffffffffffffff8
 e097890:	17ffffeb 	b	e09783c <vprintf+0x328>
 e097894:	aa1303e1 	mov	x1, x19
 e097898:	8b34c313 	add	x19, x24, w20, sxtw
 e09789c:	17ffffe8 	b	e09783c <vprintf+0x328>
 e0978a0:	11002282 	add	w2, w20, #0x8
 e0978a4:	7100005f 	cmp	w2, #0x0
 e0978a8:	5400008d 	b.le	e0978b8 <vprintf+0x3a4>
 e0978ac:	91002e61 	add	x1, x19, #0xb
 e0978b0:	927df021 	and	x1, x1, #0xfffffffffffffff8
 e0978b4:	17fffff0 	b	e097874 <vprintf+0x360>
 e0978b8:	aa1303e1 	mov	x1, x19
 e0978bc:	8b34c313 	add	x19, x24, w20, sxtw
 e0978c0:	17ffffed 	b	e097874 <vprintf+0x360>
 e0978c4:	910006d6 	add	x22, x22, #0x1
 e0978c8:	52800041 	mov	w1, #0x2                   	// #2
 e0978cc:	17ffff31 	b	e097590 <vprintf+0x7c>
 e0978d0:	11000421 	add	w1, w1, #0x1
 e0978d4:	910006d6 	add	x22, x22, #0x1
 e0978d8:	17ffff2e 	b	e097590 <vprintf+0x7c>
 e0978dc:	7100043f 	cmp	w1, #0x1
 e0978e0:	5400012d 	b.le	e097904 <vprintf+0x3f0>
 e0978e4:	37f801f4 	tbnz	w20, #31, e097920 <vprintf+0x40c>
 e0978e8:	91003e61 	add	x1, x19, #0xf
 e0978ec:	2a1403e2 	mov	w2, w20
 e0978f0:	927df021 	and	x1, x1, #0xfffffffffffffff8
 e0978f4:	f9400260 	ldr	x0, [x19]
 e0978f8:	2a0203f4 	mov	w20, w2
 e0978fc:	aa0103f3 	mov	x19, x1
 e097900:	17ffff51 	b	e097644 <vprintf+0x130>
 e097904:	54ffff00 	b.eq	e0978e4 <vprintf+0x3d0>  // b.none
 e097908:	37f801f4 	tbnz	w20, #31, e097944 <vprintf+0x430>
 e09790c:	91002e61 	add	x1, x19, #0xb
 e097910:	2a1403e2 	mov	w2, w20
 e097914:	927df021 	and	x1, x1, #0xfffffffffffffff8
 e097918:	b9400260 	ldr	w0, [x19]
 e09791c:	17fffff7 	b	e0978f8 <vprintf+0x3e4>
 e097920:	11002282 	add	w2, w20, #0x8
 e097924:	7100005f 	cmp	w2, #0x0
 e097928:	5400008d 	b.le	e097938 <vprintf+0x424>
 e09792c:	91003e61 	add	x1, x19, #0xf
 e097930:	927df021 	and	x1, x1, #0xfffffffffffffff8
 e097934:	17fffff0 	b	e0978f4 <vprintf+0x3e0>
 e097938:	aa1303e1 	mov	x1, x19
 e09793c:	8b34c313 	add	x19, x24, w20, sxtw
 e097940:	17ffffed 	b	e0978f4 <vprintf+0x3e0>
 e097944:	11002282 	add	w2, w20, #0x8
 e097948:	7100005f 	cmp	w2, #0x0
 e09794c:	5400008d 	b.le	e09795c <vprintf+0x448>
 e097950:	91002e61 	add	x1, x19, #0xb
 e097954:	927df021 	and	x1, x1, #0xfffffffffffffff8
 e097958:	17fffff0 	b	e097918 <vprintf+0x404>
 e09795c:	aa1303e1 	mov	x1, x19
 e097960:	8b34c313 	add	x19, x24, w20, sxtw
 e097964:	17ffffed 	b	e097918 <vprintf+0x404>
 e097968:	910006d6 	add	x22, x22, #0x1
 e09796c:	52800017 	mov	w23, #0x0                   	// #0
 e097970:	52800142 	mov	w2, #0xa                   	// #10
 e097974:	394002c0 	ldrb	w0, [x22]
 e097978:	5100c000 	sub	w0, w0, #0x30
 e09797c:	12001c03 	and	w3, w0, #0xff
 e097980:	7100247f 	cmp	w3, #0x9
 e097984:	54ffe048 	b.hi	e09758c <vprintf+0x78>  // b.pmore
 e097988:	1b0202f7 	madd	w23, w23, w2, w0
 e09798c:	910006d6 	add	x22, x22, #0x1
 e097990:	17fffff9 	b	e097974 <vprintf+0x460>
 e097994:	52800017 	mov	w23, #0x0                   	// #0
 e097998:	52800142 	mov	w2, #0xa                   	// #10
 e09799c:	394002c0 	ldrb	w0, [x22]
 e0979a0:	5100c000 	sub	w0, w0, #0x30
 e0979a4:	12001c03 	and	w3, w0, #0xff
 e0979a8:	7100247f 	cmp	w3, #0x9
 e0979ac:	54ffe108 	b.hi	e0975cc <vprintf+0xb8>  // b.pmore
 e0979b0:	1b0202f7 	madd	w23, w23, w2, w0
 e0979b4:	910006d6 	add	x22, x22, #0x1
 e0979b8:	17fffff9 	b	e09799c <vprintf+0x488>
 e0979bc:	110006b5 	add	w21, w21, #0x1
 e0979c0:	97fffc6a 	bl	e096b68 <putchar>
 e0979c4:	17fffee2 	b	e09754c <vprintf+0x38>

000000000e0979c8 <xlat_arch_current_el>:
 e0979c8:	d5384240 	mrs	x0, currentel
 e0979cc:	53020c00 	ubfx	w0, w0, #2, #2
 e0979d0:	350000e0 	cbnz	w0, e0979ec <xlat_arch_current_el+0x24>
 e0979d4:	a9bf7bfd 	stp	x29, x30, [sp, #-16]!
 e0979d8:	d0000020 	adrp	x0, e09d000 <qemu_pm_idle_states+0x3fc>
 e0979dc:	52801d81 	mov	w1, #0xec                  	// #236
 e0979e0:	910003fd 	mov	x29, sp
 e0979e4:	91125000 	add	x0, x0, #0x494
 e0979e8:	97ffe21c 	bl	e090258 <__assert>
 e0979ec:	d65f03c0 	ret

000000000e0979f0 <xlat_arch_get_max_supported_pa>:
 e0979f0:	d5380700 	mrs	x0, id_aa64mmfr0_el1
 e0979f4:	361800e0 	tbz	w0, #3, e097a10 <xlat_arch_get_max_supported_pa+0x20>
 e0979f8:	a9bf7bfd 	stp	x29, x30, [sp, #-16]!
 e0979fc:	d0000020 	adrp	x0, e09d000 <qemu_pm_idle_states+0x3fc>
 e097a00:	52800f21 	mov	w1, #0x79                  	// #121
 e097a04:	910003fd 	mov	x29, sp
 e097a08:	91125000 	add	x0, x0, #0x494
 e097a0c:	97ffe213 	bl	e090258 <__assert>
 e097a10:	92400c01 	and	x1, x0, #0xf
 e097a14:	b0000020 	adrp	x0, e09c000 <__TEXT_END_UNALIGNED__>
 e097a18:	912ed000 	add	x0, x0, #0xbb4
 e097a1c:	b8617801 	ldr	w1, [x0, x1, lsl #2]
 e097a20:	d2800020 	mov	x0, #0x1                   	// #1
 e097a24:	9ac12000 	lsl	x0, x0, x1
 e097a28:	d1000400 	sub	x0, x0, #0x1
 e097a2c:	d65f03c0 	ret

000000000e097a30 <xlat_arch_get_pas>:
 e097a30:	121c0400 	and	w0, w0, #0x30
 e097a34:	7100401f 	cmp	w0, #0x10
 e097a38:	1a9f17e0 	cset	w0, eq	// eq = none
 e097a3c:	531b6800 	lsl	w0, w0, #5
 e097a40:	d65f03c0 	ret

000000000e097a44 <xlat_arch_regime_get_xn_desc>:
 e097a44:	7100041f 	cmp	w0, #0x1
 e097a48:	54000160 	b.eq	e097a74 <xlat_arch_regime_get_xn_desc+0x30>  // b.none
 e097a4c:	51000801 	sub	w1, w0, #0x2
 e097a50:	d2e00800 	mov	x0, #0x40000000000000      	// #18014398509481984
 e097a54:	7100043f 	cmp	w1, #0x1
 e097a58:	54000109 	b.ls	e097a78 <xlat_arch_regime_get_xn_desc+0x34>  // b.plast
 e097a5c:	a9bf7bfd 	stp	x29, x30, [sp, #-16]!
 e097a60:	d0000020 	adrp	x0, e09d000 <qemu_pm_idle_states+0x3fc>
 e097a64:	528015e1 	mov	w1, #0xaf                  	// #175
 e097a68:	910003fd 	mov	x29, sp
 e097a6c:	91125000 	add	x0, x0, #0x494
 e097a70:	97ffe1fa 	bl	e090258 <__assert>
 e097a74:	d2e00c00 	mov	x0, #0x60000000000000      	// #27021597764222976
 e097a78:	d65f03c0 	ret

000000000e097a7c <xlat_desc>:
 e097a7c:	a9bc7bfd 	stp	x29, x30, [sp, #-64]!
 e097a80:	910003fd 	mov	x29, sp
 e097a84:	a90153f3 	stp	x19, x20, [sp, #16]
 e097a88:	2a0103f4 	mov	w20, w1
 e097a8c:	12800101 	mov	w1, #0xfffffff7            	// #-9
 e097a90:	a9025bf5 	stp	x21, x22, [sp, #32]
 e097a94:	aa0003f6 	mov	x22, x0
 e097a98:	1b017c61 	mul	w1, w3, w1
 e097a9c:	92800000 	mov	x0, #0xffffffffffffffff    	// #-1
 e097aa0:	f9001bf7 	str	x23, [sp, #48]
 e097aa4:	11009c21 	add	w1, w1, #0x27
 e097aa8:	9ac12000 	lsl	x0, x0, x1
 e097aac:	ea20005f 	bics	xzr, x2, x0
 e097ab0:	540000a0 	b.eq	e097ac4 <xlat_desc+0x48>  // b.none
 e097ab4:	52800ea1 	mov	w1, #0x75                  	// #117
 e097ab8:	d0000020 	adrp	x0, e09d000 <qemu_pm_idle_states+0x3fc>
 e097abc:	9113ac00 	add	x0, x0, #0x4eb
 e097ac0:	97ffe1e6 	bl	e090258 <__assert>
 e097ac4:	71000c7f 	cmp	w3, #0x3
 e097ac8:	d27d0293 	eor	x19, x20, #0x8
 e097acc:	aa0203f5 	mov	x21, x2
 e097ad0:	2a1403e0 	mov	w0, w20
 e097ad4:	d3430e73 	ubfx	x19, x19, #3, #1
 e097ad8:	d2800077 	mov	x23, #0x3                   	// #3
 e097adc:	9a9f06f7 	csinc	x23, x23, xzr, eq	// eq = none
 e097ae0:	97ffffd4 	bl	e097a30 <xlat_arch_get_pas>
 e097ae4:	2a0003e1 	mov	w1, w0
 e097ae8:	b9405ac0 	ldr	w0, [x22, #88]
 e097aec:	aa131eb3 	orr	x19, x21, x19, lsl #7
 e097af0:	aa170021 	orr	x1, x1, x23
 e097af4:	aa010273 	orr	x19, x19, x1
 e097af8:	7100041f 	cmp	w0, #0x1
 e097afc:	540001a1 	b.ne	e097b30 <xlat_desc+0xb4>  // b.any
 e097b00:	b2760261 	orr	x1, x19, #0x400
 e097b04:	f279029f 	tst	x20, #0x80
 e097b08:	d2808802 	mov	x2, #0x440                 	// #1088
 e097b0c:	aa020273 	orr	x19, x19, x2
 e097b10:	9a811273 	csel	x19, x19, x1, ne	// ne = any
 e097b14:	72000a95 	ands	w21, w20, #0x7
 e097b18:	540001c1 	b.ne	e097b50 <xlat_desc+0xd4>  // b.any
 e097b1c:	97ffffca 	bl	e097a44 <xlat_arch_regime_get_xn_desc>
 e097b20:	aa000273 	orr	x19, x19, x0
 e097b24:	d2804080 	mov	x0, #0x204                 	// #516
 e097b28:	aa000273 	orr	x19, x19, x0
 e097b2c:	14000017 	b	e097b88 <xlat_desc+0x10c>
 e097b30:	51000801 	sub	w1, w0, #0x2
 e097b34:	7100043f 	cmp	w1, #0x1
 e097b38:	54000069 	b.ls	e097b44 <xlat_desc+0xc8>  // b.plast
 e097b3c:	52801341 	mov	w1, #0x9a                  	// #154
 e097b40:	17ffffde 	b	e097ab8 <xlat_desc+0x3c>
 e097b44:	d2808801 	mov	x1, #0x440                 	// #1088
 e097b48:	aa010273 	orr	x19, x19, x1
 e097b4c:	17fffff2 	b	e097b14 <xlat_desc+0x98>
 e097b50:	52800901 	mov	w1, #0x48                  	// #72
 e097b54:	6a01029f 	tst	w20, w1
 e097b58:	54000060 	b.eq	e097b64 <xlat_desc+0xe8>  // b.none
 e097b5c:	97ffffba 	bl	e097a44 <xlat_arch_regime_get_xn_desc>
 e097b60:	aa000273 	orr	x19, x19, x0
 e097b64:	71000abf 	cmp	w21, #0x2
 e097b68:	540001c1 	b.ne	e097ba0 <xlat_desc+0x124>  // b.any
 e097b6c:	12180694 	and	w20, w20, #0x300
 e097b70:	710c029f 	cmp	w20, #0x300
 e097b74:	540000a0 	b.eq	e097b88 <xlat_desc+0x10c>  // b.none
 e097b78:	b2770260 	orr	x0, x19, #0x200
 e097b7c:	7108029f 	cmp	w20, #0x200
 e097b80:	b2780673 	orr	x19, x19, #0x300
 e097b84:	9a801273 	csel	x19, x19, x0, ne	// ne = any
 e097b88:	a9425bf5 	ldp	x21, x22, [sp, #32]
 e097b8c:	aa1303e0 	mov	x0, x19
 e097b90:	a94153f3 	ldp	x19, x20, [sp, #16]
 e097b94:	f9401bf7 	ldr	x23, [sp, #48]
 e097b98:	a8c47bfd 	ldp	x29, x30, [sp], #64
 e097b9c:	d65f03c0 	ret
 e097ba0:	710006bf 	cmp	w21, #0x1
 e097ba4:	54000060 	b.eq	e097bb0 <xlat_desc+0x134>  // b.none
 e097ba8:	52801be1 	mov	w1, #0xdf                  	// #223
 e097bac:	17ffffc3 	b	e097ab8 <xlat_desc+0x3c>
 e097bb0:	d2804100 	mov	x0, #0x208                 	// #520
 e097bb4:	17ffffdd 	b	e097b28 <xlat_desc+0xac>

000000000e097bb8 <xlat_get_min_virt_addr_space_size>:
 e097bb8:	d5380740 	mrs	x0, id_aa64mmfr2_el1
 e097bbc:	6b4073ff 	cmp	wzr, w0, lsr #28
 e097bc0:	d2a04001 	mov	x1, #0x2000000             	// #33554432
 e097bc4:	d2a00020 	mov	x0, #0x10000               	// #65536
 e097bc8:	9a800020 	csel	x0, x1, x0, eq	// eq = none
 e097bcc:	d65f03c0 	ret

000000000e097bd0 <xlat_mmap_print>:
 e097bd0:	d65f03c0 	ret

000000000e097bd4 <xlat_tables_map_region>:
 e097bd4:	a9b97bfd 	stp	x29, x30, [sp, #-112]!
 e097bd8:	910003fd 	mov	x29, sp
 e097bdc:	a90363f7 	stp	x23, x24, [sp, #48]
 e097be0:	aa0003f8 	mov	x24, x0
 e097be4:	b9405000 	ldr	w0, [x0, #80]
 e097be8:	a90153f3 	stp	x19, x20, [sp, #16]
 e097bec:	a9025bf5 	stp	x21, x22, [sp, #32]
 e097bf0:	a9046bf9 	stp	x25, x26, [sp, #64]
 e097bf4:	a90573fb 	stp	x27, x28, [sp, #80]
 e097bf8:	b9006be4 	str	w4, [sp, #104]
 e097bfc:	6b05001f 	cmp	w0, w5
 e097c00:	54000088 	b.hi	e097c10 <xlat_tables_map_region+0x3c>  // b.pmore
 e097c04:	2a0503fa 	mov	w26, w5
 e097c08:	71000cbf 	cmp	w5, #0x3
 e097c0c:	540000a9 	b.ls	e097c20 <xlat_tables_map_region+0x4c>  // b.plast
 e097c10:	52804801 	mov	w1, #0x240                 	// #576
 e097c14:	d0000020 	adrp	x0, e09d000 <qemu_pm_idle_states+0x3fc>
 e097c18:	9113ac00 	add	x0, x0, #0x4eb
 e097c1c:	97ffe18f 	bl	e090258 <__assert>
 e097c20:	12800114 	mov	w20, #0xfffffff7            	// #-9
 e097c24:	aa0103fc 	mov	x28, x1
 e097c28:	a940d821 	ldp	x1, x22, [x1, #8]
 e097c2c:	1b147cb4 	mul	w20, w5, w20
 e097c30:	d2800035 	mov	x21, #0x1                   	// #1
 e097c34:	11009e94 	add	w20, w20, #0x27
 e097c38:	9ad422b5 	lsl	x21, x21, x20
 e097c3c:	cb1503e0 	neg	x0, x21
 e097c40:	8a010000 	and	x0, x0, x1
 e097c44:	eb02003f 	cmp	x1, x2
 e097c48:	9a828000 	csel	x0, x0, x2, hi	// hi = pmore
 e097c4c:	8b160036 	add	x22, x1, x22
 e097c50:	cb020013 	sub	x19, x0, x2
 e097c54:	d10006d6 	sub	x22, x22, #0x1
 e097c58:	aa0003f7 	mov	x23, x0
 e097c5c:	110004a1 	add	w1, w5, #0x1
 e097c60:	9ad42673 	lsr	x19, x19, x20
 e097c64:	b90067f3 	str	w19, [sp, #100]
 e097c68:	8b334c73 	add	x19, x3, w19, uxtw #3
 e097c6c:	b9006fe1 	str	w1, [sp, #108]
 e097c70:	294c8be1 	ldp	w1, w2, [sp, #100]
 e097c74:	6b02003f 	cmp	w1, w2
 e097c78:	54000882 	b.cs	e097d88 <xlat_tables_map_region+0x1b4>  // b.hs, b.nlast
 e097c7c:	a9401782 	ldp	x2, x5, [x28]
 e097c80:	8b150019 	add	x25, x0, x21
 e097c84:	f9400b84 	ldr	x4, [x28, #16]
 e097c88:	d100073b 	sub	x27, x25, #0x1
 e097c8c:	f9400263 	ldr	x3, [x19]
 e097c90:	8b0400a4 	add	x4, x5, x4
 e097c94:	12000461 	and	w1, w3, #0x3
 e097c98:	d1000484 	sub	x4, x4, #0x1
 e097c9c:	eb1700bf 	cmp	x5, x23
 e097ca0:	54000408 	b.hi	e097d20 <xlat_tables_map_region+0x14c>  // b.pmore
 e097ca4:	eb1b009f 	cmp	x4, x27
 e097ca8:	540003c3 	b.cc	e097d20 <xlat_tables_map_region+0x14c>  // b.lo, b.ul, b.last
 e097cac:	cb050042 	sub	x2, x2, x5
 e097cb0:	8b000042 	add	x2, x2, x0
 e097cb4:	71000f5f 	cmp	w26, #0x3
 e097cb8:	540000c1 	b.ne	e097cd0 <xlat_tables_map_region+0xfc>  // b.any
 e097cbc:	71000c3f 	cmp	w1, #0x3
 e097cc0:	54000540 	b.eq	e097d68 <xlat_tables_map_region+0x194>  // b.none
 e097cc4:	34000481 	cbz	w1, e097d54 <xlat_tables_map_region+0x180>
 e097cc8:	52803ac1 	mov	w1, #0x1d6                 	// #470
 e097ccc:	17ffffd2 	b	e097c14 <xlat_tables_map_region+0x40>
 e097cd0:	71000c3f 	cmp	w1, #0x3
 e097cd4:	540008c0 	b.eq	e097dec <xlat_tables_map_region+0x218>  // b.none
 e097cd8:	350001c1 	cbnz	w1, e097d10 <xlat_tables_map_region+0x13c>
 e097cdc:	92800001 	mov	x1, #0xffffffffffffffff    	// #-1
 e097ce0:	9ad42021 	lsl	x1, x1, x20
 e097ce4:	ea21005f 	bics	xzr, x2, x1
 e097ce8:	540000a1 	b.ne	e097cfc <xlat_tables_map_region+0x128>  // b.any
 e097cec:	3400009a 	cbz	w26, e097cfc <xlat_tables_map_region+0x128>
 e097cf0:	f9401381 	ldr	x1, [x28, #32]
 e097cf4:	9ad42421 	lsr	x1, x1, x20
 e097cf8:	b50002e1 	cbnz	x1, e097d54 <xlat_tables_map_region+0x180>
 e097cfc:	29450702 	ldp	w2, w1, [x24, #40]
 e097d00:	6b02003f 	cmp	w1, w2
 e097d04:	5400046b 	b.lt	e097d90 <xlat_tables_map_region+0x1bc>  // b.tstop
 e097d08:	52800c61 	mov	w1, #0x63                  	// #99
 e097d0c:	17ffffc2 	b	e097c14 <xlat_tables_map_region+0x40>
 e097d10:	7100043f 	cmp	w1, #0x1
 e097d14:	540002a0 	b.eq	e097d68 <xlat_tables_map_region+0x194>  // b.none
 e097d18:	52803fc1 	mov	w1, #0x1fe                 	// #510
 e097d1c:	17ffffbe 	b	e097c14 <xlat_tables_map_region+0x40>
 e097d20:	eb1b00bf 	cmp	x5, x27
 e097d24:	54000069 	b.ls	e097d30 <xlat_tables_map_region+0x15c>  // b.plast
 e097d28:	eb0402ff 	cmp	x23, x4
 e097d2c:	540001e8 	b.hi	e097d68 <xlat_tables_map_region+0x194>  // b.pmore
 e097d30:	71000f5f 	cmp	w26, #0x3
 e097d34:	54000061 	b.ne	e097d40 <xlat_tables_map_region+0x16c>  // b.any
 e097d38:	52804261 	mov	w1, #0x213                 	// #531
 e097d3c:	17ffffb6 	b	e097c14 <xlat_tables_map_region+0x40>
 e097d40:	34fffde1 	cbz	w1, e097cfc <xlat_tables_map_region+0x128>
 e097d44:	71000c3f 	cmp	w1, #0x3
 e097d48:	54000520 	b.eq	e097dec <xlat_tables_map_region+0x218>  // b.none
 e097d4c:	528043c1 	mov	w1, #0x21e                 	// #542
 e097d50:	17ffffb1 	b	e097c14 <xlat_tables_map_region+0x40>
 e097d54:	b9401b81 	ldr	w1, [x28, #24]
 e097d58:	2a1a03e3 	mov	w3, w26
 e097d5c:	aa1803e0 	mov	x0, x24
 e097d60:	97ffff47 	bl	e097a7c <xlat_desc>
 e097d64:	f9000260 	str	x0, [x19]
 e097d68:	b94067e0 	ldr	w0, [sp, #100]
 e097d6c:	8b1502f7 	add	x23, x23, x21
 e097d70:	91002273 	add	x19, x19, #0x8
 e097d74:	11000400 	add	w0, w0, #0x1
 e097d78:	b90067e0 	str	w0, [sp, #100]
 e097d7c:	aa1903e0 	mov	x0, x25
 e097d80:	eb1902df 	cmp	x22, x25
 e097d84:	54fff768 	b.hi	e097c70 <xlat_tables_map_region+0x9c>  // b.pmore
 e097d88:	d1000400 	sub	x0, x0, #0x1
 e097d8c:	14000011 	b	e097dd0 <xlat_tables_map_region+0x1fc>
 e097d90:	f9401303 	ldr	x3, [x24, #32]
 e097d94:	11000422 	add	w2, w1, #0x1
 e097d98:	b9002f02 	str	w2, [x24, #44]
 e097d9c:	93747c21 	sbfiz	x1, x1, #12, #32
 e097da0:	ab010063 	adds	x3, x3, x1
 e097da4:	54000160 	b.eq	e097dd0 <xlat_tables_map_region+0x1fc>  // b.none
 e097da8:	11000745 	add	w5, w26, #0x1
 e097dac:	b2400461 	orr	x1, x3, #0x3
 e097db0:	52804004 	mov	w4, #0x200                 	// #512
 e097db4:	f9000261 	str	x1, [x19]
 e097db8:	aa0003e2 	mov	x2, x0
 e097dbc:	aa1c03e1 	mov	x1, x28
 e097dc0:	aa1803e0 	mov	x0, x24
 e097dc4:	97ffff84 	bl	e097bd4 <xlat_tables_map_region>
 e097dc8:	eb1b001f 	cmp	x0, x27
 e097dcc:	54fffce0 	b.eq	e097d68 <xlat_tables_map_region+0x194>  // b.none
 e097dd0:	a94153f3 	ldp	x19, x20, [sp, #16]
 e097dd4:	a9425bf5 	ldp	x21, x22, [sp, #32]
 e097dd8:	a94363f7 	ldp	x23, x24, [sp, #48]
 e097ddc:	a9446bf9 	ldp	x25, x26, [sp, #64]
 e097de0:	a94573fb 	ldp	x27, x28, [sp, #80]
 e097de4:	a8c77bfd 	ldp	x29, x30, [sp], #112
 e097de8:	d65f03c0 	ret
 e097dec:	b9406fe5 	ldr	w5, [sp, #108]
 e097df0:	92748c63 	and	x3, x3, #0xfffffffff000
 e097df4:	52804004 	mov	w4, #0x200                 	// #512
 e097df8:	17fffff0 	b	e097db8 <xlat_tables_map_region+0x1e4>

000000000e097dfc <xlat_tables_print>:
 e097dfc:	d65f03c0 	ret
	...

000000000e098000 <sync_exception_sp_el0>:
 e098000:	17ffe787 	b	e091e1c <report_unhandled_exception>
	...

000000000e098080 <irq_sp_el0>:
 e098080:	17ffe78e 	b	e091eb8 <report_unhandled_interrupt>
	...

000000000e098100 <fiq_sp_el0>:
 e098100:	17ffe76e 	b	e091eb8 <report_unhandled_interrupt>
	...

000000000e098180 <serror_sp_el0>:
 e098180:	97ffe628 	bl	e091a20 <plat_handle_el3_ea>
 e098184:	d503201f 	nop
	...

000000000e098200 <sync_exception_sp_elx>:
 e098200:	17ffe707 	b	e091e1c <report_unhandled_exception>
	...

000000000e098280 <irq_sp_elx>:
 e098280:	17ffe70e 	b	e091eb8 <report_unhandled_interrupt>
	...

000000000e098300 <fiq_sp_elx>:
 e098300:	17ffe6ee 	b	e091eb8 <report_unhandled_interrupt>
	...

000000000e098380 <serror_sp_elx>:
 e098380:	97ffe5a8 	bl	e091a20 <plat_handle_el3_ea>
 e098384:	d503201f 	nop
	...

000000000e098400 <sync_exception_aarch64>:
 e098400:	f9007bfe 	str	x30, [sp, #240]
 e098404:	d5033f9f 	dsb	sy
 e098408:	d5033fdf 	isb
 e09840c:	d538c11e 	mrs	x30, isr_el1
 e098410:	3640005e 	tbz	w30, #8, e098418 <sync_exception_aarch64+0x18>
 e098414:	97ffe5e4 	bl	e091ba4 <reflect_pending_async_ea_to_lower_el>
 e098418:	d53e521e 	mrs	x30, esr_el3
 e09841c:	f1007fdf 	cmp	x30, #0x1f
 e098420:	54fc9c00 	b.eq	e0917a0 <imp_def_el3_handler>  // b.none
 e098424:	97ffe59a 	bl	e091a8c <prepare_el3_entry>
 e098428:	97ffee7a 	bl	e093e10 <handler_sync_exception>
 e09842c:	97ffe459 	bl	e091590 <el3_exit>
 e098430:	d503201f 	nop
	...

000000000e098480 <irq_aarch64>:
 e098480:	f9007bfe 	str	x30, [sp, #240]
 e098484:	d5033f9f 	dsb	sy
 e098488:	d5033fdf 	isb
 e09848c:	d538c11e 	mrs	x30, isr_el1
 e098490:	3640005e 	tbz	w30, #8, e098498 <irq_aarch64+0x18>
 e098494:	97ffe5c4 	bl	e091ba4 <reflect_pending_async_ea_to_lower_el>
 e098498:	97ffe57d 	bl	e091a8c <prepare_el3_entry>
 e09849c:	97ffee47 	bl	e093db8 <handler_interrupt_exception>
 e0984a0:	97ffe43c 	bl	e091590 <el3_exit>
 e0984a4:	d503201f 	nop
	...

000000000e098500 <fiq_aarch64>:
 e098500:	f9007bfe 	str	x30, [sp, #240]
 e098504:	d5033f9f 	dsb	sy
 e098508:	d5033fdf 	isb
 e09850c:	d538c11e 	mrs	x30, isr_el1
 e098510:	3640005e 	tbz	w30, #8, e098518 <fiq_aarch64+0x18>
 e098514:	97ffe5a4 	bl	e091ba4 <reflect_pending_async_ea_to_lower_el>
 e098518:	97ffe55d 	bl	e091a8c <prepare_el3_entry>
 e09851c:	97ffee27 	bl	e093db8 <handler_interrupt_exception>
 e098520:	97ffe41c 	bl	e091590 <el3_exit>
 e098524:	d503201f 	nop
	...

000000000e098580 <serror_aarch64>:
 e098580:	17ffe627 	b	e091e1c <report_unhandled_exception>
	...

000000000e098600 <sync_exception_aarch32>:
 e098600:	f9007bfe 	str	x30, [sp, #240]
 e098604:	d5033f9f 	dsb	sy
 e098608:	d5033fdf 	isb
 e09860c:	d538c11e 	mrs	x30, isr_el1
 e098610:	3640005e 	tbz	w30, #8, e098618 <sync_exception_aarch32+0x18>
 e098614:	97ffe564 	bl	e091ba4 <reflect_pending_async_ea_to_lower_el>
 e098618:	d53e521e 	mrs	x30, esr_el3
 e09861c:	f1007fdf 	cmp	x30, #0x1f
 e098620:	54fc8c00 	b.eq	e0917a0 <imp_def_el3_handler>  // b.none
 e098624:	97ffe51a 	bl	e091a8c <prepare_el3_entry>
 e098628:	97ffedfa 	bl	e093e10 <handler_sync_exception>
 e09862c:	97ffe3d9 	bl	e091590 <el3_exit>
 e098630:	d503201f 	nop
	...

000000000e098680 <irq_aarch32>:
 e098680:	f9007bfe 	str	x30, [sp, #240]
 e098684:	d5033f9f 	dsb	sy
 e098688:	d5033fdf 	isb
 e09868c:	d538c11e 	mrs	x30, isr_el1
 e098690:	3640005e 	tbz	w30, #8, e098698 <irq_aarch32+0x18>
 e098694:	97ffe544 	bl	e091ba4 <reflect_pending_async_ea_to_lower_el>
 e098698:	97ffe4fd 	bl	e091a8c <prepare_el3_entry>
 e09869c:	97ffedc7 	bl	e093db8 <handler_interrupt_exception>
 e0986a0:	97ffe3bc 	bl	e091590 <el3_exit>
 e0986a4:	d503201f 	nop
	...

000000000e098700 <fiq_aarch32>:
 e098700:	f9007bfe 	str	x30, [sp, #240]
 e098704:	d5033f9f 	dsb	sy
 e098708:	d5033fdf 	isb
 e09870c:	d538c11e 	mrs	x30, isr_el1
 e098710:	3640005e 	tbz	w30, #8, e098718 <fiq_aarch32+0x18>
 e098714:	97ffe524 	bl	e091ba4 <reflect_pending_async_ea_to_lower_el>
 e098718:	97ffe4dd 	bl	e091a8c <prepare_el3_entry>
 e09871c:	97ffeda7 	bl	e093db8 <handler_interrupt_exception>
 e098720:	97ffe39c 	bl	e091590 <el3_exit>
 e098724:	d503201f 	nop
	...

000000000e098780 <serror_aarch32>:
 e098780:	17ffe5a7 	b	e091e1c <report_unhandled_exception>
	...

000000000e098800 <bhb_sync_exception_sp_el0_cortex_a710>:
 e098800:	17fffe00 	b	e098000 <sync_exception_sp_el0>
	...

000000000e098880 <bhb_irq_sp_el0_cortex_a710>:
 e098880:	17fffe00 	b	e098080 <irq_sp_el0>
	...

000000000e098900 <bhb_fiq_sp_el0_cortex_a710>:
 e098900:	17fffe00 	b	e098100 <fiq_sp_el0>
	...

000000000e098980 <bhb_serror_sp_el0_cortex_a710>:
 e098980:	17fffe00 	b	e098180 <serror_sp_el0>
	...

000000000e098a00 <bhb_sync_exception_sp_elx_cortex_a710>:
 e098a00:	17fffe00 	b	e098200 <sync_exception_sp_elx>
	...

000000000e098a80 <bhb_irq_sp_elx_cortex_a710>:
 e098a80:	17fffe00 	b	e098280 <irq_sp_elx>
	...

000000000e098b00 <bhb_fiq_sp_elx_cortex_a710>:
 e098b00:	17fffe00 	b	e098300 <fiq_sp_elx>
	...

000000000e098b80 <bhb_serror_sp_elx_cortex_a710>:
 e098b80:	17fffe00 	b	e098380 <serror_sp_elx>
	...

000000000e098c00 <bhb_sync_exception_aarch64_cortex_a710>:
 e098c00:	f9000be2 	str	x2, [sp, #16]
 e098c04:	d2800402 	mov	x2, #0x20                  	// #32
 e098c08:	14000001 	b	e098c0c <bhb_sync_exception_aarch64_cortex_a710+0xc>
 e098c0c:	f1000442 	subs	x2, x2, #0x1
 e098c10:	54ffffc1 	b.ne	e098c08 <bhb_sync_exception_aarch64_cortex_a710+0x8>  // b.any
 e098c14:	d5033f9f 	dsb	sy
 e098c18:	d5033fdf 	isb
 e098c1c:	f9400be2 	ldr	x2, [sp, #16]
 e098c20:	17fffdf8 	b	e098400 <sync_exception_aarch64>
	...

000000000e098c80 <bhb_irq_aarch64_cortex_a710>:
 e098c80:	f9000be2 	str	x2, [sp, #16]
 e098c84:	d2800402 	mov	x2, #0x20                  	// #32
 e098c88:	14000001 	b	e098c8c <bhb_irq_aarch64_cortex_a710+0xc>
 e098c8c:	f1000442 	subs	x2, x2, #0x1
 e098c90:	54ffffc1 	b.ne	e098c88 <bhb_irq_aarch64_cortex_a710+0x8>  // b.any
 e098c94:	d5033f9f 	dsb	sy
 e098c98:	d5033fdf 	isb
 e098c9c:	f9400be2 	ldr	x2, [sp, #16]
 e098ca0:	17fffdf8 	b	e098480 <irq_aarch64>
	...

000000000e098d00 <bhb_fiq_aarch64_cortex_a710>:
 e098d00:	f9000be2 	str	x2, [sp, #16]
 e098d04:	d2800402 	mov	x2, #0x20                  	// #32
 e098d08:	14000001 	b	e098d0c <bhb_fiq_aarch64_cortex_a710+0xc>
 e098d0c:	f1000442 	subs	x2, x2, #0x1
 e098d10:	54ffffc1 	b.ne	e098d08 <bhb_fiq_aarch64_cortex_a710+0x8>  // b.any
 e098d14:	d5033f9f 	dsb	sy
 e098d18:	d5033fdf 	isb
 e098d1c:	f9400be2 	ldr	x2, [sp, #16]
 e098d20:	17fffdf8 	b	e098500 <fiq_aarch64>
	...

000000000e098d80 <bhb_serror_aarch64_cortex_a710>:
 e098d80:	f9000be2 	str	x2, [sp, #16]
 e098d84:	d2800402 	mov	x2, #0x20                  	// #32
 e098d88:	14000001 	b	e098d8c <bhb_serror_aarch64_cortex_a710+0xc>
 e098d8c:	f1000442 	subs	x2, x2, #0x1
 e098d90:	54ffffc1 	b.ne	e098d88 <bhb_serror_aarch64_cortex_a710+0x8>  // b.any
 e098d94:	d5033f9f 	dsb	sy
 e098d98:	d5033fdf 	isb
 e098d9c:	f9400be2 	ldr	x2, [sp, #16]
 e098da0:	17fffdf8 	b	e098580 <serror_aarch64>
	...

000000000e098e00 <bhb_sync_exception_aarch32_cortex_a710>:
 e098e00:	f9000be2 	str	x2, [sp, #16]
 e098e04:	d2800402 	mov	x2, #0x20                  	// #32
 e098e08:	14000001 	b	e098e0c <bhb_sync_exception_aarch32_cortex_a710+0xc>
 e098e0c:	f1000442 	subs	x2, x2, #0x1
 e098e10:	54ffffc1 	b.ne	e098e08 <bhb_sync_exception_aarch32_cortex_a710+0x8>  // b.any
 e098e14:	d5033f9f 	dsb	sy
 e098e18:	d5033fdf 	isb
 e098e1c:	f9400be2 	ldr	x2, [sp, #16]
 e098e20:	17fffdf8 	b	e098600 <sync_exception_aarch32>
	...

000000000e098e80 <bhb_irq_aarch32_cortex_a710>:
 e098e80:	f9000be2 	str	x2, [sp, #16]
 e098e84:	d2800402 	mov	x2, #0x20                  	// #32
 e098e88:	14000001 	b	e098e8c <bhb_irq_aarch32_cortex_a710+0xc>
 e098e8c:	f1000442 	subs	x2, x2, #0x1
 e098e90:	54ffffc1 	b.ne	e098e88 <bhb_irq_aarch32_cortex_a710+0x8>  // b.any
 e098e94:	d5033f9f 	dsb	sy
 e098e98:	d5033fdf 	isb
 e098e9c:	f9400be2 	ldr	x2, [sp, #16]
 e098ea0:	17fffdf8 	b	e098680 <irq_aarch32>
	...

000000000e098f00 <bhb_fiq_aarch32_cortex_a710>:
 e098f00:	f9000be2 	str	x2, [sp, #16]
 e098f04:	d2800402 	mov	x2, #0x20                  	// #32
 e098f08:	14000001 	b	e098f0c <bhb_fiq_aarch32_cortex_a710+0xc>
 e098f0c:	f1000442 	subs	x2, x2, #0x1
 e098f10:	54ffffc1 	b.ne	e098f08 <bhb_fiq_aarch32_cortex_a710+0x8>  // b.any
 e098f14:	d5033f9f 	dsb	sy
 e098f18:	d5033fdf 	isb
 e098f1c:	f9400be2 	ldr	x2, [sp, #16]
 e098f20:	17fffdf8 	b	e098700 <fiq_aarch32>
	...

000000000e098f80 <bhb_serror_aarch32_cortex_a710>:
 e098f80:	f9000be2 	str	x2, [sp, #16]
 e098f84:	d2800402 	mov	x2, #0x20                  	// #32
 e098f88:	14000001 	b	e098f8c <bhb_serror_aarch32_cortex_a710+0xc>
 e098f8c:	f1000442 	subs	x2, x2, #0x1
 e098f90:	54ffffc1 	b.ne	e098f88 <bhb_serror_aarch32_cortex_a710+0x8>  // b.any
 e098f94:	d5033f9f 	dsb	sy
 e098f98:	d5033fdf 	isb
 e098f9c:	f9400be2 	ldr	x2, [sp, #16]
 e098fa0:	17fffdf8 	b	e098780 <serror_aarch32>
	...

000000000e099000 <bhb_sync_exception_sp_el0_cortex_a72>:
 e099000:	17fffc00 	b	e098000 <sync_exception_sp_el0>
	...

000000000e099080 <bhb_irq_sp_el0_cortex_a72>:
 e099080:	17fffc00 	b	e098080 <irq_sp_el0>
	...

000000000e099100 <bhb_fiq_sp_el0_cortex_a72>:
 e099100:	17fffc00 	b	e098100 <fiq_sp_el0>
	...

000000000e099180 <bhb_serror_sp_el0_cortex_a72>:
 e099180:	17fffc00 	b	e098180 <serror_sp_el0>
	...

000000000e099200 <bhb_sync_exception_sp_elx_cortex_a72>:
 e099200:	17fffc00 	b	e098200 <sync_exception_sp_elx>
	...

000000000e099280 <bhb_irq_sp_elx_cortex_a72>:
 e099280:	17fffc00 	b	e098280 <irq_sp_elx>
	...

000000000e099300 <bhb_fiq_sp_elx_cortex_a72>:
 e099300:	17fffc00 	b	e098300 <fiq_sp_elx>
	...

000000000e099380 <bhb_serror_sp_elx_cortex_a72>:
 e099380:	17fffc00 	b	e098380 <serror_sp_elx>
	...

000000000e099400 <bhb_sync_exception_aarch64_cortex_a72>:
 e099400:	f9000be2 	str	x2, [sp, #16]
 e099404:	d2800102 	mov	x2, #0x8                   	// #8
 e099408:	14000001 	b	e09940c <bhb_sync_exception_aarch64_cortex_a72+0xc>
 e09940c:	f1000442 	subs	x2, x2, #0x1
 e099410:	54ffffc1 	b.ne	e099408 <bhb_sync_exception_aarch64_cortex_a72+0x8>  // b.any
 e099414:	d5033f9f 	dsb	sy
 e099418:	d5033fdf 	isb
 e09941c:	f9400be2 	ldr	x2, [sp, #16]
 e099420:	17fffbf8 	b	e098400 <sync_exception_aarch64>
	...

000000000e099480 <bhb_irq_aarch64_cortex_a72>:
 e099480:	f9000be2 	str	x2, [sp, #16]
 e099484:	d2800102 	mov	x2, #0x8                   	// #8
 e099488:	14000001 	b	e09948c <bhb_irq_aarch64_cortex_a72+0xc>
 e09948c:	f1000442 	subs	x2, x2, #0x1
 e099490:	54ffffc1 	b.ne	e099488 <bhb_irq_aarch64_cortex_a72+0x8>  // b.any
 e099494:	d5033f9f 	dsb	sy
 e099498:	d5033fdf 	isb
 e09949c:	f9400be2 	ldr	x2, [sp, #16]
 e0994a0:	17fffbf8 	b	e098480 <irq_aarch64>
	...

000000000e099500 <bhb_fiq_aarch64_cortex_a72>:
 e099500:	f9000be2 	str	x2, [sp, #16]
 e099504:	d2800102 	mov	x2, #0x8                   	// #8
 e099508:	14000001 	b	e09950c <bhb_fiq_aarch64_cortex_a72+0xc>
 e09950c:	f1000442 	subs	x2, x2, #0x1
 e099510:	54ffffc1 	b.ne	e099508 <bhb_fiq_aarch64_cortex_a72+0x8>  // b.any
 e099514:	d5033f9f 	dsb	sy
 e099518:	d5033fdf 	isb
 e09951c:	f9400be2 	ldr	x2, [sp, #16]
 e099520:	17fffbf8 	b	e098500 <fiq_aarch64>
	...

000000000e099580 <bhb_serror_aarch64_cortex_a72>:
 e099580:	f9000be2 	str	x2, [sp, #16]
 e099584:	d2800102 	mov	x2, #0x8                   	// #8
 e099588:	14000001 	b	e09958c <bhb_serror_aarch64_cortex_a72+0xc>
 e09958c:	f1000442 	subs	x2, x2, #0x1
 e099590:	54ffffc1 	b.ne	e099588 <bhb_serror_aarch64_cortex_a72+0x8>  // b.any
 e099594:	d5033f9f 	dsb	sy
 e099598:	d5033fdf 	isb
 e09959c:	f9400be2 	ldr	x2, [sp, #16]
 e0995a0:	17fffbf8 	b	e098580 <serror_aarch64>
	...

000000000e099600 <bhb_sync_exception_aarch32_cortex_a72>:
 e099600:	f9000be2 	str	x2, [sp, #16]
 e099604:	d2800102 	mov	x2, #0x8                   	// #8
 e099608:	14000001 	b	e09960c <bhb_sync_exception_aarch32_cortex_a72+0xc>
 e09960c:	f1000442 	subs	x2, x2, #0x1
 e099610:	54ffffc1 	b.ne	e099608 <bhb_sync_exception_aarch32_cortex_a72+0x8>  // b.any
 e099614:	d5033f9f 	dsb	sy
 e099618:	d5033fdf 	isb
 e09961c:	f9400be2 	ldr	x2, [sp, #16]
 e099620:	17fffbf8 	b	e098600 <sync_exception_aarch32>
	...

000000000e099680 <bhb_irq_aarch32_cortex_a72>:
 e099680:	f9000be2 	str	x2, [sp, #16]
 e099684:	d2800102 	mov	x2, #0x8                   	// #8
 e099688:	14000001 	b	e09968c <bhb_irq_aarch32_cortex_a72+0xc>
 e09968c:	f1000442 	subs	x2, x2, #0x1
 e099690:	54ffffc1 	b.ne	e099688 <bhb_irq_aarch32_cortex_a72+0x8>  // b.any
 e099694:	d5033f9f 	dsb	sy
 e099698:	d5033fdf 	isb
 e09969c:	f9400be2 	ldr	x2, [sp, #16]
 e0996a0:	17fffbf8 	b	e098680 <irq_aarch32>
	...

000000000e099700 <bhb_fiq_aarch32_cortex_a72>:
 e099700:	f9000be2 	str	x2, [sp, #16]
 e099704:	d2800102 	mov	x2, #0x8                   	// #8
 e099708:	14000001 	b	e09970c <bhb_fiq_aarch32_cortex_a72+0xc>
 e09970c:	f1000442 	subs	x2, x2, #0x1
 e099710:	54ffffc1 	b.ne	e099708 <bhb_fiq_aarch32_cortex_a72+0x8>  // b.any
 e099714:	d5033f9f 	dsb	sy
 e099718:	d5033fdf 	isb
 e09971c:	f9400be2 	ldr	x2, [sp, #16]
 e099720:	17fffbf8 	b	e098700 <fiq_aarch32>
	...

000000000e099780 <bhb_serror_aarch32_cortex_a72>:
 e099780:	f9000be2 	str	x2, [sp, #16]
 e099784:	d2800102 	mov	x2, #0x8                   	// #8
 e099788:	14000001 	b	e09978c <bhb_serror_aarch32_cortex_a72+0xc>
 e09978c:	f1000442 	subs	x2, x2, #0x1
 e099790:	54ffffc1 	b.ne	e099788 <bhb_serror_aarch32_cortex_a72+0x8>  // b.any
 e099794:	d5033f9f 	dsb	sy
 e099798:	d5033fdf 	isb
 e09979c:	f9400be2 	ldr	x2, [sp, #16]
 e0997a0:	17fffbf8 	b	e098780 <serror_aarch32>
	...

000000000e099800 <cortex_a76_sync_exception_sp_el0>:
 e099800:	17fffa00 	b	e098000 <sync_exception_sp_el0>
	...

000000000e099880 <cortex_a76_irq_sp_el0>:
 e099880:	17fffa00 	b	e098080 <irq_sp_el0>
	...

000000000e099900 <cortex_a76_fiq_sp_el0>:
 e099900:	17fffa00 	b	e098100 <fiq_sp_el0>
	...

000000000e099980 <cortex_a76_serror_sp_el0>:
 e099980:	17fffa00 	b	e098180 <serror_sp_el0>
	...

000000000e099a00 <cortex_a76_sync_exception_sp_elx>:
 e099a00:	17fffa00 	b	e098200 <sync_exception_sp_elx>
	...

000000000e099a80 <cortex_a76_irq_sp_elx>:
 e099a80:	17fffa00 	b	e098280 <irq_sp_elx>
	...

000000000e099b00 <cortex_a76_fiq_sp_elx>:
 e099b00:	17fffa00 	b	e098300 <fiq_sp_elx>
	...

000000000e099b80 <cortex_a76_serror_sp_elx>:
 e099b80:	17fffa00 	b	e098380 <serror_sp_elx>
	...

000000000e099c00 <cortex_a76_sync_exception_aarch64>:
 e099c00:	f9000be2 	str	x2, [sp, #16]
 e099c04:	d2800302 	mov	x2, #0x18                  	// #24
 e099c08:	14000001 	b	e099c0c <cortex_a76_sync_exception_aarch64+0xc>
 e099c0c:	f1000442 	subs	x2, x2, #0x1
 e099c10:	54ffffc1 	b.ne	e099c08 <cortex_a76_sync_exception_aarch64+0x8>  // b.any
 e099c14:	d5033f9f 	dsb	sy
 e099c18:	d5033fdf 	isb
 e099c1c:	f9400be2 	ldr	x2, [sp, #16]
 e099c20:	17fff9f8 	b	e098400 <sync_exception_aarch64>
	...

000000000e099c80 <cortex_a76_irq_aarch64>:
 e099c80:	f9000be2 	str	x2, [sp, #16]
 e099c84:	d2800302 	mov	x2, #0x18                  	// #24
 e099c88:	14000001 	b	e099c8c <cortex_a76_irq_aarch64+0xc>
 e099c8c:	f1000442 	subs	x2, x2, #0x1
 e099c90:	54ffffc1 	b.ne	e099c88 <cortex_a76_irq_aarch64+0x8>  // b.any
 e099c94:	d5033f9f 	dsb	sy
 e099c98:	d5033fdf 	isb
 e099c9c:	f9400be2 	ldr	x2, [sp, #16]
 e099ca0:	17fff9f8 	b	e098480 <irq_aarch64>
	...

000000000e099d00 <cortex_a76_fiq_aarch64>:
 e099d00:	f9000be2 	str	x2, [sp, #16]
 e099d04:	d2800302 	mov	x2, #0x18                  	// #24
 e099d08:	14000001 	b	e099d0c <cortex_a76_fiq_aarch64+0xc>
 e099d0c:	f1000442 	subs	x2, x2, #0x1
 e099d10:	54ffffc1 	b.ne	e099d08 <cortex_a76_fiq_aarch64+0x8>  // b.any
 e099d14:	d5033f9f 	dsb	sy
 e099d18:	d5033fdf 	isb
 e099d1c:	f9400be2 	ldr	x2, [sp, #16]
 e099d20:	17fff9f8 	b	e098500 <fiq_aarch64>
	...

000000000e099d80 <cortex_a76_serror_aarch64>:
 e099d80:	f9000be2 	str	x2, [sp, #16]
 e099d84:	d2800302 	mov	x2, #0x18                  	// #24
 e099d88:	14000001 	b	e099d8c <cortex_a76_serror_aarch64+0xc>
 e099d8c:	f1000442 	subs	x2, x2, #0x1
 e099d90:	54ffffc1 	b.ne	e099d88 <cortex_a76_serror_aarch64+0x8>  // b.any
 e099d94:	d5033f9f 	dsb	sy
 e099d98:	d5033fdf 	isb
 e099d9c:	f9400be2 	ldr	x2, [sp, #16]
 e099da0:	17fff9f8 	b	e098580 <serror_aarch64>
	...

000000000e099e00 <cortex_a76_sync_exception_aarch32>:
 e099e00:	f9000be2 	str	x2, [sp, #16]
 e099e04:	d2800302 	mov	x2, #0x18                  	// #24
 e099e08:	14000001 	b	e099e0c <cortex_a76_sync_exception_aarch32+0xc>
 e099e0c:	f1000442 	subs	x2, x2, #0x1
 e099e10:	54ffffc1 	b.ne	e099e08 <cortex_a76_sync_exception_aarch32+0x8>  // b.any
 e099e14:	d5033f9f 	dsb	sy
 e099e18:	d5033fdf 	isb
 e099e1c:	f9400be2 	ldr	x2, [sp, #16]
 e099e20:	17fff9f8 	b	e098600 <sync_exception_aarch32>
	...

000000000e099e80 <cortex_a76_irq_aarch32>:
 e099e80:	f9000be2 	str	x2, [sp, #16]
 e099e84:	d2800302 	mov	x2, #0x18                  	// #24
 e099e88:	14000001 	b	e099e8c <cortex_a76_irq_aarch32+0xc>
 e099e8c:	f1000442 	subs	x2, x2, #0x1
 e099e90:	54ffffc1 	b.ne	e099e88 <cortex_a76_irq_aarch32+0x8>  // b.any
 e099e94:	d5033f9f 	dsb	sy
 e099e98:	d5033fdf 	isb
 e099e9c:	f9400be2 	ldr	x2, [sp, #16]
 e099ea0:	17fff9f8 	b	e098680 <irq_aarch32>
	...

000000000e099f00 <cortex_a76_fiq_aarch32>:
 e099f00:	f9000be2 	str	x2, [sp, #16]
 e099f04:	d2800302 	mov	x2, #0x18                  	// #24
 e099f08:	14000001 	b	e099f0c <cortex_a76_fiq_aarch32+0xc>
 e099f0c:	f1000442 	subs	x2, x2, #0x1
 e099f10:	54ffffc1 	b.ne	e099f08 <cortex_a76_fiq_aarch32+0x8>  // b.any
 e099f14:	d5033f9f 	dsb	sy
 e099f18:	d5033fdf 	isb
 e099f1c:	f9400be2 	ldr	x2, [sp, #16]
 e099f20:	17fff9f8 	b	e098700 <fiq_aarch32>
	...

000000000e099f80 <cortex_a76_serror_aarch32>:
 e099f80:	f9000be2 	str	x2, [sp, #16]
 e099f84:	d2800302 	mov	x2, #0x18                  	// #24
 e099f88:	14000001 	b	e099f8c <cortex_a76_serror_aarch32+0xc>
 e099f8c:	f1000442 	subs	x2, x2, #0x1
 e099f90:	54ffffc1 	b.ne	e099f88 <cortex_a76_serror_aarch32+0x8>  // b.any
 e099f94:	d5033f9f 	dsb	sy
 e099f98:	d5033fdf 	isb
 e099f9c:	f9400be2 	ldr	x2, [sp, #16]
 e099fa0:	17fff9f8 	b	e098780 <serror_aarch32>
	...

000000000e09a000 <bhb_sync_exception_sp_el0_neoverse_n1>:
 e09a000:	17fff800 	b	e098000 <sync_exception_sp_el0>
	...

000000000e09a080 <bhb_irq_sp_el0_neoverse_n1>:
 e09a080:	17fff800 	b	e098080 <irq_sp_el0>
	...

000000000e09a100 <bhb_fiq_sp_el0_neoverse_n1>:
 e09a100:	17fff800 	b	e098100 <fiq_sp_el0>
	...

000000000e09a180 <bhb_serror_sp_el0_neoverse_n1>:
 e09a180:	17fff800 	b	e098180 <serror_sp_el0>
	...

000000000e09a200 <bhb_sync_exception_sp_elx_neoverse_n1>:
 e09a200:	17fff800 	b	e098200 <sync_exception_sp_elx>
	...

000000000e09a280 <bhb_irq_sp_elx_neoverse_n1>:
 e09a280:	17fff800 	b	e098280 <irq_sp_elx>
	...

000000000e09a300 <bhb_fiq_sp_elx_neoverse_n1>:
 e09a300:	17fff800 	b	e098300 <fiq_sp_elx>
	...

000000000e09a380 <bhb_serror_sp_elx_neoverse_n1>:
 e09a380:	17fff800 	b	e098380 <serror_sp_elx>
	...

000000000e09a400 <bhb_sync_exception_aarch64_neoverse_n1>:
 e09a400:	f9000be2 	str	x2, [sp, #16]
 e09a404:	d2800302 	mov	x2, #0x18                  	// #24
 e09a408:	14000001 	b	e09a40c <bhb_sync_exception_aarch64_neoverse_n1+0xc>
 e09a40c:	f1000442 	subs	x2, x2, #0x1
 e09a410:	54ffffc1 	b.ne	e09a408 <bhb_sync_exception_aarch64_neoverse_n1+0x8>  // b.any
 e09a414:	d5033f9f 	dsb	sy
 e09a418:	d5033fdf 	isb
 e09a41c:	f9400be2 	ldr	x2, [sp, #16]
 e09a420:	17fff7f8 	b	e098400 <sync_exception_aarch64>
	...

000000000e09a480 <bhb_irq_aarch64_neoverse_n1>:
 e09a480:	f9000be2 	str	x2, [sp, #16]
 e09a484:	d2800302 	mov	x2, #0x18                  	// #24
 e09a488:	14000001 	b	e09a48c <bhb_irq_aarch64_neoverse_n1+0xc>
 e09a48c:	f1000442 	subs	x2, x2, #0x1
 e09a490:	54ffffc1 	b.ne	e09a488 <bhb_irq_aarch64_neoverse_n1+0x8>  // b.any
 e09a494:	d5033f9f 	dsb	sy
 e09a498:	d5033fdf 	isb
 e09a49c:	f9400be2 	ldr	x2, [sp, #16]
 e09a4a0:	17fff7f8 	b	e098480 <irq_aarch64>
	...

000000000e09a500 <bhb_fiq_aarch64_neoverse_n1>:
 e09a500:	f9000be2 	str	x2, [sp, #16]
 e09a504:	d2800302 	mov	x2, #0x18                  	// #24
 e09a508:	14000001 	b	e09a50c <bhb_fiq_aarch64_neoverse_n1+0xc>
 e09a50c:	f1000442 	subs	x2, x2, #0x1
 e09a510:	54ffffc1 	b.ne	e09a508 <bhb_fiq_aarch64_neoverse_n1+0x8>  // b.any
 e09a514:	d5033f9f 	dsb	sy
 e09a518:	d5033fdf 	isb
 e09a51c:	f9400be2 	ldr	x2, [sp, #16]
 e09a520:	17fff7f8 	b	e098500 <fiq_aarch64>
	...

000000000e09a580 <bhb_serror_aarch64_neoverse_n1>:
 e09a580:	f9000be2 	str	x2, [sp, #16]
 e09a584:	d2800302 	mov	x2, #0x18                  	// #24
 e09a588:	14000001 	b	e09a58c <bhb_serror_aarch64_neoverse_n1+0xc>
 e09a58c:	f1000442 	subs	x2, x2, #0x1
 e09a590:	54ffffc1 	b.ne	e09a588 <bhb_serror_aarch64_neoverse_n1+0x8>  // b.any
 e09a594:	d5033f9f 	dsb	sy
 e09a598:	d5033fdf 	isb
 e09a59c:	f9400be2 	ldr	x2, [sp, #16]
 e09a5a0:	17fff7f8 	b	e098580 <serror_aarch64>
	...

000000000e09a600 <bhb_sync_exception_aarch32_neoverse_n1>:
 e09a600:	f9000be2 	str	x2, [sp, #16]
 e09a604:	d2800302 	mov	x2, #0x18                  	// #24
 e09a608:	14000001 	b	e09a60c <bhb_sync_exception_aarch32_neoverse_n1+0xc>
 e09a60c:	f1000442 	subs	x2, x2, #0x1
 e09a610:	54ffffc1 	b.ne	e09a608 <bhb_sync_exception_aarch32_neoverse_n1+0x8>  // b.any
 e09a614:	d5033f9f 	dsb	sy
 e09a618:	d5033fdf 	isb
 e09a61c:	f9400be2 	ldr	x2, [sp, #16]
 e09a620:	17fff7f8 	b	e098600 <sync_exception_aarch32>
	...

000000000e09a680 <bhb_irq_aarch32_neoverse_n1>:
 e09a680:	f9000be2 	str	x2, [sp, #16]
 e09a684:	d2800302 	mov	x2, #0x18                  	// #24
 e09a688:	14000001 	b	e09a68c <bhb_irq_aarch32_neoverse_n1+0xc>
 e09a68c:	f1000442 	subs	x2, x2, #0x1
 e09a690:	54ffffc1 	b.ne	e09a688 <bhb_irq_aarch32_neoverse_n1+0x8>  // b.any
 e09a694:	d5033f9f 	dsb	sy
 e09a698:	d5033fdf 	isb
 e09a69c:	f9400be2 	ldr	x2, [sp, #16]
 e09a6a0:	17fff7f8 	b	e098680 <irq_aarch32>
	...

000000000e09a700 <bhb_fiq_aarch32_neoverse_n1>:
 e09a700:	f9000be2 	str	x2, [sp, #16]
 e09a704:	d2800302 	mov	x2, #0x18                  	// #24
 e09a708:	14000001 	b	e09a70c <bhb_fiq_aarch32_neoverse_n1+0xc>
 e09a70c:	f1000442 	subs	x2, x2, #0x1
 e09a710:	54ffffc1 	b.ne	e09a708 <bhb_fiq_aarch32_neoverse_n1+0x8>  // b.any
 e09a714:	d5033f9f 	dsb	sy
 e09a718:	d5033fdf 	isb
 e09a71c:	f9400be2 	ldr	x2, [sp, #16]
 e09a720:	17fff7f8 	b	e098700 <fiq_aarch32>
	...

000000000e09a780 <bhb_serror_aarch32_neoverse_n1>:
 e09a780:	f9000be2 	str	x2, [sp, #16]
 e09a784:	d2800302 	mov	x2, #0x18                  	// #24
 e09a788:	14000001 	b	e09a78c <bhb_serror_aarch32_neoverse_n1+0xc>
 e09a78c:	f1000442 	subs	x2, x2, #0x1
 e09a790:	54ffffc1 	b.ne	e09a788 <bhb_serror_aarch32_neoverse_n1+0x8>  // b.any
 e09a794:	d5033f9f 	dsb	sy
 e09a798:	d5033fdf 	isb
 e09a79c:	f9400be2 	ldr	x2, [sp, #16]
 e09a7a0:	17fff7f8 	b	e098780 <serror_aarch32>
	...

000000000e09a800 <bhb_sync_exception_sp_el0_neoverse_n2>:
 e09a800:	17fff600 	b	e098000 <sync_exception_sp_el0>
	...

000000000e09a880 <bhb_irq_sp_el0_neoverse_n2>:
 e09a880:	17fff600 	b	e098080 <irq_sp_el0>
	...

000000000e09a900 <bhb_fiq_sp_el0_neoverse_n2>:
 e09a900:	17fff600 	b	e098100 <fiq_sp_el0>
	...

000000000e09a980 <bhb_serror_sp_el0_neoverse_n2>:
 e09a980:	17fff600 	b	e098180 <serror_sp_el0>
	...

000000000e09aa00 <bhb_sync_exception_sp_elx_neoverse_n2>:
 e09aa00:	17fff600 	b	e098200 <sync_exception_sp_elx>
	...

000000000e09aa80 <bhb_irq_sp_elx_neoverse_n2>:
 e09aa80:	17fff600 	b	e098280 <irq_sp_elx>
	...

000000000e09ab00 <bhb_fiq_sp_elx_neoverse_n2>:
 e09ab00:	17fff600 	b	e098300 <fiq_sp_elx>
	...

000000000e09ab80 <bhb_serror_sp_elx_neoverse_n2>:
 e09ab80:	17fff600 	b	e098380 <serror_sp_elx>
	...

000000000e09ac00 <bhb_sync_exception_aarch64_neoverse_n2>:
 e09ac00:	f9000be2 	str	x2, [sp, #16]
 e09ac04:	d2800402 	mov	x2, #0x20                  	// #32
 e09ac08:	14000001 	b	e09ac0c <bhb_sync_exception_aarch64_neoverse_n2+0xc>
 e09ac0c:	f1000442 	subs	x2, x2, #0x1
 e09ac10:	54ffffc1 	b.ne	e09ac08 <bhb_sync_exception_aarch64_neoverse_n2+0x8>  // b.any
 e09ac14:	d5033f9f 	dsb	sy
 e09ac18:	d5033fdf 	isb
 e09ac1c:	f9400be2 	ldr	x2, [sp, #16]
 e09ac20:	17fff5f8 	b	e098400 <sync_exception_aarch64>
	...

000000000e09ac80 <bhb_irq_aarch64_neoverse_n2>:
 e09ac80:	f9000be2 	str	x2, [sp, #16]
 e09ac84:	d2800402 	mov	x2, #0x20                  	// #32
 e09ac88:	14000001 	b	e09ac8c <bhb_irq_aarch64_neoverse_n2+0xc>
 e09ac8c:	f1000442 	subs	x2, x2, #0x1
 e09ac90:	54ffffc1 	b.ne	e09ac88 <bhb_irq_aarch64_neoverse_n2+0x8>  // b.any
 e09ac94:	d5033f9f 	dsb	sy
 e09ac98:	d5033fdf 	isb
 e09ac9c:	f9400be2 	ldr	x2, [sp, #16]
 e09aca0:	17fff5f8 	b	e098480 <irq_aarch64>
	...

000000000e09ad00 <bhb_fiq_aarch64_neoverse_n2>:
 e09ad00:	f9000be2 	str	x2, [sp, #16]
 e09ad04:	d2800402 	mov	x2, #0x20                  	// #32
 e09ad08:	14000001 	b	e09ad0c <bhb_fiq_aarch64_neoverse_n2+0xc>
 e09ad0c:	f1000442 	subs	x2, x2, #0x1
 e09ad10:	54ffffc1 	b.ne	e09ad08 <bhb_fiq_aarch64_neoverse_n2+0x8>  // b.any
 e09ad14:	d5033f9f 	dsb	sy
 e09ad18:	d5033fdf 	isb
 e09ad1c:	f9400be2 	ldr	x2, [sp, #16]
 e09ad20:	17fff5f8 	b	e098500 <fiq_aarch64>
	...

000000000e09ad80 <bhb_serror_aarch64_neoverse_n2>:
 e09ad80:	f9000be2 	str	x2, [sp, #16]
 e09ad84:	d2800402 	mov	x2, #0x20                  	// #32
 e09ad88:	14000001 	b	e09ad8c <bhb_serror_aarch64_neoverse_n2+0xc>
 e09ad8c:	f1000442 	subs	x2, x2, #0x1
 e09ad90:	54ffffc1 	b.ne	e09ad88 <bhb_serror_aarch64_neoverse_n2+0x8>  // b.any
 e09ad94:	d5033f9f 	dsb	sy
 e09ad98:	d5033fdf 	isb
 e09ad9c:	f9400be2 	ldr	x2, [sp, #16]
 e09ada0:	17fff5f8 	b	e098580 <serror_aarch64>
	...

000000000e09ae00 <bhb_sync_exception_aarch32_neoverse_n2>:
 e09ae00:	f9000be2 	str	x2, [sp, #16]
 e09ae04:	d2800402 	mov	x2, #0x20                  	// #32
 e09ae08:	14000001 	b	e09ae0c <bhb_sync_exception_aarch32_neoverse_n2+0xc>
 e09ae0c:	f1000442 	subs	x2, x2, #0x1
 e09ae10:	54ffffc1 	b.ne	e09ae08 <bhb_sync_exception_aarch32_neoverse_n2+0x8>  // b.any
 e09ae14:	d5033f9f 	dsb	sy
 e09ae18:	d5033fdf 	isb
 e09ae1c:	f9400be2 	ldr	x2, [sp, #16]
 e09ae20:	17fff5f8 	b	e098600 <sync_exception_aarch32>
	...

000000000e09ae80 <bhb_irq_aarch32_neoverse_n2>:
 e09ae80:	f9000be2 	str	x2, [sp, #16]
 e09ae84:	d2800402 	mov	x2, #0x20                  	// #32
 e09ae88:	14000001 	b	e09ae8c <bhb_irq_aarch32_neoverse_n2+0xc>
 e09ae8c:	f1000442 	subs	x2, x2, #0x1
 e09ae90:	54ffffc1 	b.ne	e09ae88 <bhb_irq_aarch32_neoverse_n2+0x8>  // b.any
 e09ae94:	d5033f9f 	dsb	sy
 e09ae98:	d5033fdf 	isb
 e09ae9c:	f9400be2 	ldr	x2, [sp, #16]
 e09aea0:	17fff5f8 	b	e098680 <irq_aarch32>
	...

000000000e09af00 <bhb_fiq_aarch32_neoverse_n2>:
 e09af00:	f9000be2 	str	x2, [sp, #16]
 e09af04:	d2800402 	mov	x2, #0x20                  	// #32
 e09af08:	14000001 	b	e09af0c <bhb_fiq_aarch32_neoverse_n2+0xc>
 e09af0c:	f1000442 	subs	x2, x2, #0x1
 e09af10:	54ffffc1 	b.ne	e09af08 <bhb_fiq_aarch32_neoverse_n2+0x8>  // b.any
 e09af14:	d5033f9f 	dsb	sy
 e09af18:	d5033fdf 	isb
 e09af1c:	f9400be2 	ldr	x2, [sp, #16]
 e09af20:	17fff5f8 	b	e098700 <fiq_aarch32>
	...

000000000e09af80 <bhb_serror_aarch32_neoverse_n2>:
 e09af80:	f9000be2 	str	x2, [sp, #16]
 e09af84:	d2800402 	mov	x2, #0x20                  	// #32
 e09af88:	14000001 	b	e09af8c <bhb_serror_aarch32_neoverse_n2+0xc>
 e09af8c:	f1000442 	subs	x2, x2, #0x1
 e09af90:	54ffffc1 	b.ne	e09af88 <bhb_serror_aarch32_neoverse_n2+0x8>  // b.any
 e09af94:	d5033f9f 	dsb	sy
 e09af98:	d5033fdf 	isb
 e09af9c:	f9400be2 	ldr	x2, [sp, #16]
 e09afa0:	17fff5f8 	b	e098780 <serror_aarch32>
	...

000000000e09b000 <bhb_sync_exception_sp_el0_neoverse_v1>:
 e09b000:	17fff400 	b	e098000 <sync_exception_sp_el0>
	...

000000000e09b080 <bhb_irq_sp_el0_neoverse_v1>:
 e09b080:	17fff400 	b	e098080 <irq_sp_el0>
	...

000000000e09b100 <bhb_fiq_sp_el0_neoverse_v1>:
 e09b100:	17fff400 	b	e098100 <fiq_sp_el0>
	...

000000000e09b180 <bhb_serror_sp_el0_neoverse_v1>:
 e09b180:	17fff400 	b	e098180 <serror_sp_el0>
	...

000000000e09b200 <bhb_sync_exception_sp_elx_neoverse_v1>:
 e09b200:	17fff400 	b	e098200 <sync_exception_sp_elx>
	...

000000000e09b280 <bhb_irq_sp_elx_neoverse_v1>:
 e09b280:	17fff400 	b	e098280 <irq_sp_elx>
	...

000000000e09b300 <bhb_fiq_sp_elx_neoverse_v1>:
 e09b300:	17fff400 	b	e098300 <fiq_sp_elx>
	...

000000000e09b380 <bhb_serror_sp_elx_neoverse_v1>:
 e09b380:	17fff400 	b	e098380 <serror_sp_elx>
	...

000000000e09b400 <bhb_sync_exception_aarch64_neoverse_v1>:
 e09b400:	f9000be2 	str	x2, [sp, #16]
 e09b404:	d2800402 	mov	x2, #0x20                  	// #32
 e09b408:	14000001 	b	e09b40c <bhb_sync_exception_aarch64_neoverse_v1+0xc>
 e09b40c:	f1000442 	subs	x2, x2, #0x1
 e09b410:	54ffffc1 	b.ne	e09b408 <bhb_sync_exception_aarch64_neoverse_v1+0x8>  // b.any
 e09b414:	d5033f9f 	dsb	sy
 e09b418:	d5033fdf 	isb
 e09b41c:	f9400be2 	ldr	x2, [sp, #16]
 e09b420:	17fff3f8 	b	e098400 <sync_exception_aarch64>
	...

000000000e09b480 <bhb_irq_aarch64_neoverse_v1>:
 e09b480:	f9000be2 	str	x2, [sp, #16]
 e09b484:	d2800402 	mov	x2, #0x20                  	// #32
 e09b488:	14000001 	b	e09b48c <bhb_irq_aarch64_neoverse_v1+0xc>
 e09b48c:	f1000442 	subs	x2, x2, #0x1
 e09b490:	54ffffc1 	b.ne	e09b488 <bhb_irq_aarch64_neoverse_v1+0x8>  // b.any
 e09b494:	d5033f9f 	dsb	sy
 e09b498:	d5033fdf 	isb
 e09b49c:	f9400be2 	ldr	x2, [sp, #16]
 e09b4a0:	17fff3f8 	b	e098480 <irq_aarch64>
	...

000000000e09b500 <bhb_fiq_aarch64_neoverse_v1>:
 e09b500:	f9000be2 	str	x2, [sp, #16]
 e09b504:	d2800402 	mov	x2, #0x20                  	// #32
 e09b508:	14000001 	b	e09b50c <bhb_fiq_aarch64_neoverse_v1+0xc>
 e09b50c:	f1000442 	subs	x2, x2, #0x1
 e09b510:	54ffffc1 	b.ne	e09b508 <bhb_fiq_aarch64_neoverse_v1+0x8>  // b.any
 e09b514:	d5033f9f 	dsb	sy
 e09b518:	d5033fdf 	isb
 e09b51c:	f9400be2 	ldr	x2, [sp, #16]
 e09b520:	17fff3f8 	b	e098500 <fiq_aarch64>
	...

000000000e09b580 <bhb_serror_aarch64_neoverse_v1>:
 e09b580:	f9000be2 	str	x2, [sp, #16]
 e09b584:	d2800402 	mov	x2, #0x20                  	// #32
 e09b588:	14000001 	b	e09b58c <bhb_serror_aarch64_neoverse_v1+0xc>
 e09b58c:	f1000442 	subs	x2, x2, #0x1
 e09b590:	54ffffc1 	b.ne	e09b588 <bhb_serror_aarch64_neoverse_v1+0x8>  // b.any
 e09b594:	d5033f9f 	dsb	sy
 e09b598:	d5033fdf 	isb
 e09b59c:	f9400be2 	ldr	x2, [sp, #16]
 e09b5a0:	17fff3f8 	b	e098580 <serror_aarch64>
	...

000000000e09b600 <bhb_sync_exception_aarch32_neoverse_v1>:
 e09b600:	f9000be2 	str	x2, [sp, #16]
 e09b604:	d2800402 	mov	x2, #0x20                  	// #32
 e09b608:	14000001 	b	e09b60c <bhb_sync_exception_aarch32_neoverse_v1+0xc>
 e09b60c:	f1000442 	subs	x2, x2, #0x1
 e09b610:	54ffffc1 	b.ne	e09b608 <bhb_sync_exception_aarch32_neoverse_v1+0x8>  // b.any
 e09b614:	d5033f9f 	dsb	sy
 e09b618:	d5033fdf 	isb
 e09b61c:	f9400be2 	ldr	x2, [sp, #16]
 e09b620:	17fff3f8 	b	e098600 <sync_exception_aarch32>
	...

000000000e09b680 <bhb_irq_aarch32_neoverse_v1>:
 e09b680:	f9000be2 	str	x2, [sp, #16]
 e09b684:	d2800402 	mov	x2, #0x20                  	// #32
 e09b688:	14000001 	b	e09b68c <bhb_irq_aarch32_neoverse_v1+0xc>
 e09b68c:	f1000442 	subs	x2, x2, #0x1
 e09b690:	54ffffc1 	b.ne	e09b688 <bhb_irq_aarch32_neoverse_v1+0x8>  // b.any
 e09b694:	d5033f9f 	dsb	sy
 e09b698:	d5033fdf 	isb
 e09b69c:	f9400be2 	ldr	x2, [sp, #16]
 e09b6a0:	17fff3f8 	b	e098680 <irq_aarch32>
	...

000000000e09b700 <bhb_fiq_aarch32_neoverse_v1>:
 e09b700:	f9000be2 	str	x2, [sp, #16]
 e09b704:	d2800402 	mov	x2, #0x20                  	// #32
 e09b708:	14000001 	b	e09b70c <bhb_fiq_aarch32_neoverse_v1+0xc>
 e09b70c:	f1000442 	subs	x2, x2, #0x1
 e09b710:	54ffffc1 	b.ne	e09b708 <bhb_fiq_aarch32_neoverse_v1+0x8>  // b.any
 e09b714:	d5033f9f 	dsb	sy
 e09b718:	d5033fdf 	isb
 e09b71c:	f9400be2 	ldr	x2, [sp, #16]
 e09b720:	17fff3f8 	b	e098700 <fiq_aarch32>
	...

000000000e09b780 <bhb_serror_aarch32_neoverse_v1>:
 e09b780:	f9000be2 	str	x2, [sp, #16]
 e09b784:	d2800402 	mov	x2, #0x20                  	// #32
 e09b788:	14000001 	b	e09b78c <bhb_serror_aarch32_neoverse_v1+0xc>
 e09b78c:	f1000442 	subs	x2, x2, #0x1
 e09b790:	54ffffc1 	b.ne	e09b788 <bhb_serror_aarch32_neoverse_v1+0x8>  // b.any
 e09b794:	d5033f9f 	dsb	sy
 e09b798:	d5033fdf 	isb
 e09b79c:	f9400be2 	ldr	x2, [sp, #16]
 e09b7a0:	17fff3f8 	b	e098780 <serror_aarch32>
	...

000000000e09b800 <mmu_sync_exception_sp_el0>:
 e09b800:	17fff200 	b	e098000 <sync_exception_sp_el0>
	...

000000000e09b880 <mmu_irq_sp_el0>:
 e09b880:	17fff200 	b	e098080 <irq_sp_el0>
	...

000000000e09b900 <mmu_fiq_sp_el0>:
 e09b900:	17fff200 	b	e098100 <fiq_sp_el0>
	...

000000000e09b980 <mmu_serror_sp_el0>:
 e09b980:	17fff200 	b	e098180 <serror_sp_el0>
	...

000000000e09ba00 <mmu_sync_exception_sp_elx>:
 e09ba00:	17fff200 	b	e098200 <sync_exception_sp_elx>
	...

000000000e09ba80 <mmu_irq_sp_elx>:
 e09ba80:	17fff200 	b	e098280 <irq_sp_elx>
	...

000000000e09bb00 <mmu_fiq_sp_elx>:
 e09bb00:	17fff200 	b	e098300 <fiq_sp_elx>
	...

000000000e09bb80 <mmu_serror_sp_elx>:
 e09bb80:	17fff200 	b	e098380 <serror_sp_elx>
	...

000000000e09bc00 <mmu_sync_exception_aarch64>:
 e09bc00:	a90007e0 	stp	x0, x1, [sp]
 e09bc04:	d53e1001 	mrs	x1, sctlr_el3
 e09bc08:	927ff821 	and	x1, x1, #0xfffffffffffffffe
 e09bc0c:	d51e1001 	msr	sctlr_el3, x1
 e09bc10:	d5033fdf 	isb
 e09bc14:	b2400021 	orr	x1, x1, #0x1
 e09bc18:	d51e1001 	msr	sctlr_el3, x1
 e09bc1c:	320183e1 	mov	w1, #0x80008000            	// #-2147450880
 e09bc20:	6b01001f 	cmp	w0, w1
 e09bc24:	32013be1 	mov	w1, #0x80003fff            	// #-2147467265
 e09bc28:	7a411004 	ccmp	w0, w1, #0x4, ne	// ne = any
 e09bc2c:	d53e5200 	mrs	x0, esr_el3
 e09bc30:	52abc001 	mov	w1, #0x5e000000            	// #1577058304
 e09bc34:	7a410000 	ccmp	w0, w1, #0x0, eq	// eq = none
 e09bc38:	54000081 	b.ne	e09bc48 <mmu_sync_exception_aarch64+0x48>  // b.any
 e09bc3c:	d69f03e0 	eret
 e09bc40:	d5033f9f 	dsb	sy
 e09bc44:	d5033fdf 	isb
 e09bc48:	d5033fdf 	isb
 e09bc4c:	a94007e0 	ldp	x0, x1, [sp]
 e09bc50:	17fff1ec 	b	e098400 <sync_exception_aarch64>
	...

000000000e09bc80 <mmu_irq_aarch64>:
 e09bc80:	a90007e0 	stp	x0, x1, [sp]
 e09bc84:	d53e1001 	mrs	x1, sctlr_el3
 e09bc88:	927ff821 	and	x1, x1, #0xfffffffffffffffe
 e09bc8c:	d51e1001 	msr	sctlr_el3, x1
 e09bc90:	d5033fdf 	isb
 e09bc94:	b2400021 	orr	x1, x1, #0x1
 e09bc98:	d51e1001 	msr	sctlr_el3, x1
 e09bc9c:	d5033fdf 	isb
 e09bca0:	a94007e0 	ldp	x0, x1, [sp]
 e09bca4:	17fff1f7 	b	e098480 <irq_aarch64>
	...

000000000e09bd00 <mmu_fiq_aarch64>:
 e09bd00:	a90007e0 	stp	x0, x1, [sp]
 e09bd04:	d53e1001 	mrs	x1, sctlr_el3
 e09bd08:	927ff821 	and	x1, x1, #0xfffffffffffffffe
 e09bd0c:	d51e1001 	msr	sctlr_el3, x1
 e09bd10:	d5033fdf 	isb
 e09bd14:	b2400021 	orr	x1, x1, #0x1
 e09bd18:	d51e1001 	msr	sctlr_el3, x1
 e09bd1c:	d5033fdf 	isb
 e09bd20:	a94007e0 	ldp	x0, x1, [sp]
 e09bd24:	17fff1f7 	b	e098500 <fiq_aarch64>
	...

000000000e09bd80 <mmu_serror_aarch64>:
 e09bd80:	a90007e0 	stp	x0, x1, [sp]
 e09bd84:	d53e1001 	mrs	x1, sctlr_el3
 e09bd88:	927ff821 	and	x1, x1, #0xfffffffffffffffe
 e09bd8c:	d51e1001 	msr	sctlr_el3, x1
 e09bd90:	d5033fdf 	isb
 e09bd94:	b2400021 	orr	x1, x1, #0x1
 e09bd98:	d51e1001 	msr	sctlr_el3, x1
 e09bd9c:	d5033fdf 	isb
 e09bda0:	a94007e0 	ldp	x0, x1, [sp]
 e09bda4:	17fff1f7 	b	e098580 <serror_aarch64>
	...

000000000e09be00 <mmu_sync_exception_aarch32>:
 e09be00:	a90007e0 	stp	x0, x1, [sp]
 e09be04:	d53e1001 	mrs	x1, sctlr_el3
 e09be08:	927ff821 	and	x1, x1, #0xfffffffffffffffe
 e09be0c:	d51e1001 	msr	sctlr_el3, x1
 e09be10:	d5033fdf 	isb
 e09be14:	b2400021 	orr	x1, x1, #0x1
 e09be18:	d51e1001 	msr	sctlr_el3, x1
 e09be1c:	320183e1 	mov	w1, #0x80008000            	// #-2147450880
 e09be20:	6b01001f 	cmp	w0, w1
 e09be24:	32013be1 	mov	w1, #0x80003fff            	// #-2147467265
 e09be28:	7a411004 	ccmp	w0, w1, #0x4, ne	// ne = any
 e09be2c:	d53e5200 	mrs	x0, esr_el3
 e09be30:	52a9c001 	mov	w1, #0x4e000000            	// #1308622848
 e09be34:	7a410000 	ccmp	w0, w1, #0x0, eq	// eq = none
 e09be38:	54000081 	b.ne	e09be48 <mmu_sync_exception_aarch32+0x48>  // b.any
 e09be3c:	d69f03e0 	eret
 e09be40:	d5033f9f 	dsb	sy
 e09be44:	d5033fdf 	isb
 e09be48:	d5033fdf 	isb
 e09be4c:	a94007e0 	ldp	x0, x1, [sp]
 e09be50:	17fff1ec 	b	e098600 <sync_exception_aarch32>
	...

000000000e09be80 <mmu_irq_aarch32>:
 e09be80:	a90007e0 	stp	x0, x1, [sp]
 e09be84:	d53e1001 	mrs	x1, sctlr_el3
 e09be88:	927ff821 	and	x1, x1, #0xfffffffffffffffe
 e09be8c:	d51e1001 	msr	sctlr_el3, x1
 e09be90:	d5033fdf 	isb
 e09be94:	b2400021 	orr	x1, x1, #0x1
 e09be98:	d51e1001 	msr	sctlr_el3, x1
 e09be9c:	d5033fdf 	isb
 e09bea0:	a94007e0 	ldp	x0, x1, [sp]
 e09bea4:	17fff1f7 	b	e098680 <irq_aarch32>
	...

000000000e09bf00 <mmu_fiq_aarch32>:
 e09bf00:	a90007e0 	stp	x0, x1, [sp]
 e09bf04:	d53e1001 	mrs	x1, sctlr_el3
 e09bf08:	927ff821 	and	x1, x1, #0xfffffffffffffffe
 e09bf0c:	d51e1001 	msr	sctlr_el3, x1
 e09bf10:	d5033fdf 	isb
 e09bf14:	b2400021 	orr	x1, x1, #0x1
 e09bf18:	d51e1001 	msr	sctlr_el3, x1
 e09bf1c:	d5033fdf 	isb
 e09bf20:	a94007e0 	ldp	x0, x1, [sp]
 e09bf24:	17fff1f7 	b	e098700 <fiq_aarch32>
	...

000000000e09bf80 <mmu_serror_aarch32>:
 e09bf80:	a90007e0 	stp	x0, x1, [sp]
 e09bf84:	d53e1001 	mrs	x1, sctlr_el3
 e09bf88:	927ff821 	and	x1, x1, #0xfffffffffffffffe
 e09bf8c:	d51e1001 	msr	sctlr_el3, x1
 e09bf90:	d5033fdf 	isb
 e09bf94:	b2400021 	orr	x1, x1, #0x1
 e09bf98:	d51e1001 	msr	sctlr_el3, x1
 e09bf9c:	d5033fdf 	isb
 e09bfa0:	a94007e0 	ldp	x0, x1, [sp]
 e09bfa4:	17fff1f7 	b	e098780 <serror_aarch32>
	...
